conversation_id,customer_message,intent
CONV-00001,Just checking — It looks like I was billed twice for ORD-101501. I’m trying to sort this out before the end of the day. Any guidance would be helpful.,duplicate_charge
CONV-00002,"I wanted to check whether The box arrived, but shirt wasn't inside. I haven't changed anything on my account. Can you check?",missing_item
CONV-00003,Just checking — Part of ORD-102653 was not included in the delivery. I placed the order earlier today. Thanks.,missing_item
CONV-00004,Just checking — Has the refund for ORD-101055 been issued yet? I noticed this while reviewing my recent activity. Any guidance would be helpful.,refund_status
CONV-00005,Please advise: When should ORD-100705 arrive? I placed the order earlier today. Any guidance would be helpful.,delivery_estimate
CONV-00006,I wanted to check whether Do you have an update on ORD-100106? I want to know where it stands. I haven't changed anything on my account. Thank you.,order_status
CONV-00007,Just checking — I’m planning around the delivery. When is it expected? I noticed this while reviewing my recent activity. Thanks.,delivery_estimate
CONV-00008,Quick question: The delivered item doesn't match my order. I placed the order earlier today. I’d like to resolve this today.,wrong_item
CONV-00009,I wanted to check whether The delivered item doesn't match my order. I haven't changed anything on my account. Thank you.,wrong_item
CONV-00010,I’m contacting support because I see two charges for the same purchase. I haven't changed anything on my account. Please let me know.,duplicate_charge
CONV-00011,"Hi, Something different was packed instead of what I purchased. I’m trying to sort this out before the end of the day. I'd appreciate your help.",wrong_item
CONV-00012,I need some help. I placed ORD-100228 recently. What is happening with it? Can you check?,order_status
CONV-00013,I wanted to check whether I want to return ORD-100915. How do I start? Thank you.,return_request
CONV-00014,Could you help me? Please help me arrange a return. I placed the order earlier today. I’d like to resolve this today.,return_request
CONV-00015,Could you help me? Can you send me through the password recovery process? I noticed this while reviewing my recent activity. I’d like to resolve this today.,password_reset
CONV-00016,Quick question: I need to redirect this package to another address. I placed the order earlier today. I'd appreciate your help.,address_change
CONV-00017,"Quick question: The item was returned, but I haven't received the refund. I noticed this while reviewing my recent activity. I'd appreciate your help.",refund_status
CONV-00018,I’m contacting support because I think someone may have accessed my account. I haven't changed anything on my account.,account_security
CONV-00019,I wanted to check whether I think I was charged more than once for a single checkout. I haven't changed anything on my account. Please let me know.,duplicate_charge
CONV-00020,I’m contacting support because When should the refund appear in my account? This is my first time dealing with this issue.,refund_status
CONV-00021,"Hi, Could you explain the return process for this purchase? I placed the order earlier today. I'd appreciate your help.",return_request
CONV-00022,Just checking — I can't recall my password and need to change it. I’m trying to sort this out before the end of the day. I'd appreciate your help.,password_reset
CONV-00023,Could you help me? Could you tell me the current status of my refund? I placed the order earlier today. I’d like to resolve this today.,refund_status
CONV-00024,I wanted to check whether Can you give me an ETA for this shipment? This is my first time dealing with this issue. Can you check?,delivery_estimate
CONV-00025,Has the courier scanned ORD-104767 yet? I haven't changed anything on my account. Please let me know.,delivery_tracking
CONV-00026,Could you help me? What is the estimated delivery date for my package? I placed the order earlier today. Thanks.,delivery_estimate
CONV-00027,I need some help. Can you explain the latest recurring charge? This is my first time dealing with this issue. Thank you.,subscription_billing
CONV-00028,"I expected this shipment already, but it hasn't turned up. I haven't changed anything on my account. Thank you.",delivery_delay
CONV-00029,Could you explain the available options for this product? I haven't changed anything on my account. Please let me know.,product_information
CONV-00030,Just checking — The delivery date for ORD-100486 has passed and I'm still waiting. I’m trying to sort this out before the end of the day. Any guidance would be helpful.,delivery_delay
CONV-00031,Quick question: Please stop ORD-101962 before it is dispatched. I’m trying to sort this out before the end of the day. I'd appreciate your help.,order_cancellation
CONV-00032,"I expected this shipment already, but it hasn't turned up. I haven't changed anything on my account. Please let me know.",delivery_delay
CONV-00033,Could you help me? Has the courier scanned ORD-104842 yet? I’m trying to sort this out before the end of the day. I’d like to resolve this today.,delivery_tracking
CONV-00034,Please advise: Can you show me the latest tracking update for my shipment? I’m trying to sort this out before the end of the day. I’d like to resolve this today.,delivery_tracking
CONV-00035,"Hello, Can you cancel ORD-101755 for me? I haven't changed anything on my account. Please let me know.",order_cancellation
CONV-00036,Could you help me? One product from my order is missing. I placed the order earlier today. I'd appreciate your help.,missing_item
CONV-00037,Just checking — Can I change the shipping address for ORD-103585? I placed the order earlier today. Thanks.,address_change
CONV-00038,"Hello, My discount code isn't working.",promo_code
CONV-00039,Please advise: Can you show me the latest tracking update for my shipment? I placed the order earlier today. I'd appreciate your help.,delivery_tracking
CONV-00040,"Could you help me? My delivery arrived, but the item inside is damaged. I’m trying to sort this out before the end of the day. Any guidance would be helpful.",damaged_item
CONV-00041,"Hi, How do I change the address attached to my order? I’m trying to sort this out before the end of the day. I'd appreciate your help.",address_change
CONV-00042,Just checking — Can you explain the latest recurring charge? I noticed this while reviewing my recent activity. I’d like to resolve this today.,subscription_billing
CONV-00043,Please advise: Would you mind checking the latest status of ORD-100029? I placed the order earlier today. I'd appreciate your help.,order_status
CONV-00044,Could you help me? I’m checking on ORD-100065. Could you tell me its current status? I placed the order earlier today. I’d like to resolve this today.,order_status
CONV-00045,Please advise: What steps do I need to follow to return this product? I’m trying to sort this out before the end of the day. I'd appreciate your help.,return_request
CONV-00046,Quick question: Please stop my recurring membership. I noticed this while reviewing my recent activity. I'd appreciate your help.,subscription_cancel
CONV-00047,I need some help. I don't want the subscription to continue after this billing period. This is my first time dealing with this issue.,subscription_cancel
CONV-00048,Quick question: Can you tell me more about this product's features? I noticed this while reviewing my recent activity. I'd appreciate your help.,product_information
CONV-00049,Could you help me? Can you send me through the password recovery process? I placed the order earlier today. I'd appreciate your help.,password_reset
CONV-00050,"Please advise: I received the package, but one of the products is absent. I placed the order earlier today. I'd appreciate your help.",missing_item
CONV-00051,Quick question: Can you tell me more about this product's features? I’m trying to sort this out before the end of the day. I’d like to resolve this today.,product_information
CONV-00052,"Hello, Does this product come with the accessories shown? This is my first time dealing with this issue. Please let me know.",product_information
CONV-00053,"Hello, My package contains a different product.",wrong_item
CONV-00054,Just checking — The login page won't let me access my account. I’m trying to sort this out before the end of the day. I'd appreciate your help.,account_access
CONV-00055,I’m contacting support because When should the refund appear in my account? This is my first time dealing with this issue. Can you check?,refund_status
CONV-00056,I’m contacting support because Where can I request a password reset? Thank you.,password_reset
CONV-00057,"Quick question: The item was returned, but I haven't received the refund. I noticed this while reviewing my recent activity. Any guidance would be helpful.",refund_status
CONV-00058,I need some help. I placed ORD-100168 recently. What is happening with it?,order_status
CONV-00059,I’m contacting support because I see two charges for the same purchase. This is my first time dealing with this issue. Can you check?,duplicate_charge
CONV-00060,One product from my order is missing. Can you check?,missing_item
CONV-00061,I was sent the wrong model. I haven't changed anything on my account. Please let me know.,wrong_item
CONV-00062,"Hello, My discount code isn't working. This is my first time dealing with this issue.",promo_code
CONV-00063,I wanted to check whether The promotional code says it is invalid. This is my first time dealing with this issue. Please let me know.,promo_code
CONV-00064,"Hi, How can I prevent the plan from renewing? I’m trying to sort this out before the end of the day. I’d like to resolve this today.",subscription_cancel
CONV-00065,Just checking — I placed ORD-100023 recently. What is happening with it? I placed the order earlier today. Thanks.,order_status
CONV-00066,Just checking — Part of ORD-102633 was not included in the delivery. I noticed this while reviewing my recent activity. Any guidance would be helpful.,missing_item
CONV-00067,Quick question: I noticed a login I don't recognize. I placed the order earlier today. I'd appreciate your help.,account_security
CONV-00068,Quick question: The item arrived damaged. What should I do? I noticed this while reviewing my recent activity. Thanks.,damaged_item
CONV-00069,Please update the destination before the order ships.,address_change
CONV-00070,Could you explain the available options for this product? This is my first time dealing with this issue. Please let me know.,product_information
CONV-00071,I wanted to check whether Please stop ORD-101907 before it is dispatched. Please let me know.,order_cancellation
CONV-00072,"Hello, Would you mind checking the latest status of ORD-100084? Can you check?",order_status
CONV-00073,"Hi, Can you see what stage ORD-100227 is at right now? I placed the order earlier today. Any guidance would be helpful.",order_status
CONV-00074,Just checking — The delivery date for ORD-100296 has passed and I'm still waiting. I noticed this while reviewing my recent activity. I'd appreciate your help.,delivery_delay
CONV-00075,Please advise: I'm still waiting for the money from my return. Can you check? I noticed this while reviewing my recent activity. I'd appreciate your help.,refund_status
CONV-00076,"Hello, The product has a crack that wasn't shown in the listing. I haven't changed anything on my account. Thank you.",damaged_item
CONV-00077,Could you help me? What is the estimated delivery date for my package? I placed the order earlier today. I’d like to resolve this today.,delivery_estimate
CONV-00078,I need some help. The login page won't let me access my account. I haven't changed anything on my account.,account_access
CONV-00079,"Hi, My multi-item order is incomplete. I placed the order earlier today. I’d like to resolve this today.",missing_item
CONV-00080,"Hi, How can I prevent the plan from renewing? I placed the order earlier today. Any guidance would be helpful.",subscription_cancel
CONV-00081,I’m contacting support because I think someone may have accessed my account. I haven't changed anything on my account. Thank you.,account_security
CONV-00082,Could you help me? Can you send me through the password recovery process? I’m trying to sort this out before the end of the day. I’d like to resolve this today.,password_reset
CONV-00083,Could you help me? My subscription payment was higher than I expected. I placed the order earlier today. Thanks.,subscription_billing
CONV-00084,"Hi, I see two charges for the same purchase. I’m trying to sort this out before the end of the day. I'd appreciate your help.",duplicate_charge
CONV-00085,I need some help. I can't recall my password and need to change it. Can you check?,password_reset
CONV-00086,I need some help. Why does the payment fail whenever I try to complete the order? This is my first time dealing with this issue. Please let me know.,duplicate_charge
CONV-00087,"Hello, What steps do I need to follow to return this product? I haven't changed anything on my account. Thank you.",return_request
CONV-00088,Please advise: When should ORD-100655 arrive? I noticed this while reviewing my recent activity. I’d like to resolve this today.,delivery_estimate
CONV-00089,Has the courier scanned ORD-104797 yet? I haven't changed anything on my account. Can you check?,delivery_tracking
CONV-00090,"Hello, Could you help me end my recurring plan? Can you check?",subscription_cancel
CONV-00091,Could you help me? My subscription payment was higher than I expected. I placed the order earlier today. I’d like to resolve this today.,subscription_billing
CONV-00092,"Could you help me? I expected this shipment already, but it hasn't turned up. I’m trying to sort this out before the end of the day. I’d like to resolve this today.",delivery_delay
CONV-00093,"Hi, Can you see what stage ORD-100157 is at right now? I’m trying to sort this out before the end of the day. I'd appreciate your help.",order_status
CONV-00094,My payment is being declined at checkout. I haven't changed anything on my account.,payment_failure
CONV-00095,"Hello, My parcel is 2 days late. Can you investigate? Please let me know.",delivery_delay
CONV-00096,I wanted to check whether Can you tell me more about this product's features? Please let me know.,product_information
CONV-00097,"Hi, I can't sign in to my account. I placed the order earlier today. Any guidance would be helpful.",account_access
CONV-00098,"Hi, I think someone may have accessed my account. I’m trying to sort this out before the end of the day. I’d like to resolve this today.",account_security
CONV-00099,"I expected this shipment already, but it hasn't turned up. This is my first time dealing with this issue. Thank you.",delivery_delay
CONV-00100,Please advise: Would you mind checking the latest status of ORD-100079? I’m trying to sort this out before the end of the day. Thanks.,order_status
CONV-00101,Could you help me? The same purchase appears twice on my card statement. I placed the order earlier today. Thanks.,duplicate_charge
CONV-00102,Quick question: I think I was charged more than once for a single checkout. I’m trying to sort this out before the end of the day. Any guidance would be helpful.,duplicate_charge
CONV-00103,"Hi, I opened the package and found the product broken. I noticed this while reviewing my recent activity. Any guidance would be helpful.",damaged_item
CONV-00104,I need some help. The discount isn't being applied even though I entered the code. I haven't changed anything on my account. Can you check?,promo_code
CONV-00105,"I’m contacting support because ORD-100465 was due on Saturday, but it still hasn't arrived. I haven't changed anything on my account. Please let me know.",delivery_delay
CONV-00106,I need some help. I placed ORD-100248 recently. What is happening with it? This is my first time dealing with this issue.,order_status
CONV-00107,I’m contacting support because Could you explain the return process for this purchase? I haven't changed anything on my account. Thank you.,return_request
CONV-00108,My payment is being declined at checkout. This is my first time dealing with this issue.,payment_failure
CONV-00109,Could you explain the available options for this product? Please let me know.,product_information
CONV-00110,Just checking — Why does the payment fail whenever I try to complete the order? I placed the order earlier today. Any guidance would be helpful.,payment_failure
CONV-00111,"Quick question: I have tried several times, but the transaction won't go through. I’m trying to sort this out before the end of the day. Thanks.",payment_failure
CONV-00112,I need some help. Has the refund for ORD-101090 been issued yet? This is my first time dealing with this issue. Please let me know.,refund_status
CONV-00113,Quick question: I have a question about the charge on my recurring plan. I’m trying to sort this out before the end of the day. I’d like to resolve this today.,subscription_billing
CONV-00114,I wanted to check whether Can you give me an ETA for this shipment?,delivery_estimate
CONV-00115,I wanted to check whether The delivered item doesn't match my order. I haven't changed anything on my account.,wrong_item
CONV-00116,Please advise: I entered the wrong delivery address. Can it be corrected? I noticed this while reviewing my recent activity. Thanks.,address_change
CONV-00117,Please advise: The product has a crack that wasn't shown in the listing. I’m trying to sort this out before the end of the day. Any guidance would be helpful.,damaged_item
CONV-00118,"My delivery arrived, but the item inside is damaged. This is my first time dealing with this issue. Please let me know.",damaged_item
CONV-00119,I’m checking on ORD-100240. Could you tell me its current status?,order_status
CONV-00120,"Hello, My package contains a different product. This is my first time dealing with this issue. Can you check?",wrong_item
CONV-00121,Could you help me? My payment is being declined at checkout. I’m trying to sort this out before the end of the day. Any guidance would be helpful.,payment_failure
CONV-00122,Could you help me? Could you tell me the current status of my refund? I placed the order earlier today. I'd appreciate your help.,refund_status
CONV-00123,Please advise: Can you show me the latest tracking update for my shipment? I placed the order earlier today. Thanks.,delivery_tracking
CONV-00124,Please advise: Would you mind checking the latest status of ORD-100199? I’m trying to sort this out before the end of the day. Thanks.,order_status
CONV-00125,Just checking — The item I received isn't the one I ordered. I noticed this while reviewing my recent activity. I'd appreciate your help.,wrong_item
CONV-00126,Could you help me? Could you explain the available options for this product? I noticed this while reviewing my recent activity. Thanks.,product_information
CONV-00127,I wanted to check whether The item arrived damaged. What should I do? This is my first time dealing with this issue. Can you check?,damaged_item
CONV-00128,"Hello, Can you show me the latest tracking update for my shipment? This is my first time dealing with this issue. Thank you.",delivery_tracking
CONV-00129,I wanted to check whether I keep getting rejected when I try to sign in. I haven't changed anything on my account. Thank you.,account_access
CONV-00130,"Hello, I forgot my password. How can I reset it? Thank you.",password_reset
CONV-00131,Could you help me? Why is the coupon being rejected at checkout? I’m trying to sort this out before the end of the day. I'd appreciate your help.,promo_code
CONV-00132,Quick question: I need to create a new password because I can't remember mine. I placed the order earlier today. Thanks.,password_reset
CONV-00133,I’m contacting support because I'd like to withdraw this purchase if it hasn't shipped.,order_cancellation
CONV-00134,My payment is being declined at checkout.,payment_failure
CONV-00135,Just checking — I don't want the subscription to continue after this billing period. I placed the order earlier today. Any guidance would be helpful.,subscription_cancel
CONV-00136,"Hello, I don't recognize the amount billed for my membership. I haven't changed anything on my account. Please let me know.",subscription_billing
CONV-00137,"Hello, My discount code isn't working. I haven't changed anything on my account. Thank you.",promo_code
CONV-00138,Could you help me? Please update the destination before the order ships. I’m trying to sort this out before the end of the day. Any guidance would be helpful.,address_change
CONV-00139,Could you help me? Please help me arrange a return. I’m trying to sort this out before the end of the day. Any guidance would be helpful.,return_request
CONV-00140,Please advise: Would you mind checking the latest status of ORD-100179? I placed the order earlier today. Any guidance would be helpful.,order_status
CONV-00141,I wanted to check whether I need to redirect this package to another address. I haven't changed anything on my account.,address_change
CONV-00142,I wanted to check whether Please stop my recurring membership. This is my first time dealing with this issue.,subscription_cancel
CONV-00143,Quick question: I want to track the package that was just dispatched. I’m trying to sort this out before the end of the day. I'd appreciate your help.,delivery_tracking
CONV-00144,"Hello, Could you help me end my recurring plan? This is my first time dealing with this issue. Please let me know.",subscription_cancel
CONV-00145,I wanted to check whether The promotional code says it is invalid. I haven't changed anything on my account. Can you check?,promo_code
CONV-00146,I’m contacting support because Where can I request a password reset? I haven't changed anything on my account. Thank you.,password_reset
CONV-00147,Quick question: I keep getting rejected when I try to sign in. I noticed this while reviewing my recent activity. I'd appreciate your help.,account_access
CONV-00148,I need some help. Can I change the shipping address for ORD-103580? Thank you.,address_change
CONV-00149,"Hello, I'm locked out of my account and need access. Please let me know.",account_access
CONV-00150,Could you help me? One product from my order is missing. I placed the order earlier today. I’d like to resolve this today.,missing_item
CONV-00151,"Hello, I can't finish the purchase because the payment isn't accepted. This is my first time dealing with this issue. Can you check?",payment_failure
CONV-00152,I’m contacting support because How can I prevent the plan from renewing? I haven't changed anything on my account. Please let me know.,subscription_cancel
CONV-00153,Please advise: Does this product come with the accessories shown? I placed the order earlier today. Any guidance would be helpful.,product_information
CONV-00154,Could you help me? Has the courier scanned ORD-104902 yet? I’m trying to sort this out before the end of the day. I'd appreciate your help.,delivery_tracking
CONV-00155,Please advise: Can you cancel ORD-101860 for me? I’m trying to sort this out before the end of the day. Thanks.,order_cancellation
CONV-00156,I need some help. I placed ORD-100008 recently. What is happening with it? This is my first time dealing with this issue.,order_status
CONV-00157,Quick question: I keep getting rejected when I try to sign in. I’m trying to sort this out before the end of the day. I'd appreciate your help.,account_access
CONV-00158,"Hello, I'm locked out of my account and need access. This is my first time dealing with this issue. Please let me know.",account_access
CONV-00159,I’m contacting support because How do I change the address attached to my order? Please let me know.,address_change
CONV-00160,"Hello, Would you mind checking the latest status of ORD-100144?",order_status
CONV-00161,"My delivery arrived, but the item inside is damaged.",damaged_item
CONV-00162,"Hi, Where can I request a password reset? I placed the order earlier today. Any guidance would be helpful.",password_reset
CONV-00163,I’m contacting support because Could you explain the return process for this purchase? I haven't changed anything on my account.,return_request
CONV-00164,"I wanted to check whether The item was returned, but I haven't received the refund. I haven't changed anything on my account. Can you check?",refund_status
CONV-00165,Quick question: Do you have an update on ORD-100151? I want to know where it stands. I’m trying to sort this out before the end of the day. Thanks.,order_status
CONV-00166,Please advise: I entered the wrong delivery address. Can it be corrected? I placed the order earlier today. I'd appreciate your help.,address_change
CONV-00167,Could you tell me the current status of my refund?,refund_status
CONV-00168,I’m contacting support because I see two charges for the same purchase. Can you check?,duplicate_charge
CONV-00169,I’m contacting support because Where can I request a password reset? This is my first time dealing with this issue. Can you check?,password_reset
CONV-00170,"Could you help me? My delivery arrived, but the item inside is damaged. I noticed this while reviewing my recent activity. I'd appreciate your help.",damaged_item
CONV-00171,Please advise: I received a security alert for an unfamiliar sign-in. I placed the order earlier today. Any guidance would be helpful.,account_security
CONV-00172,I wanted to check whether Please stop ORD-101807 before it is dispatched. This is my first time dealing with this issue. Thank you.,order_cancellation
CONV-00173,"I wanted to check whether The box arrived, but adapter wasn't inside. Thank you.",missing_item
CONV-00174,Just checking — I can't recall my password and need to change it. I noticed this while reviewing my recent activity. Any guidance would be helpful.,password_reset
CONV-00175,Please advise: My parcel is 1 days late. Can you investigate? I placed the order earlier today. I'd appreciate your help.,delivery_delay
CONV-00176,Something about my account activity looks suspicious. This is my first time dealing with this issue. Thank you.,account_security
CONV-00177,I wanted to check whether I have a question about the charge on my recurring plan. I haven't changed anything on my account. Thank you.,subscription_billing
CONV-00178,"Hi, I think someone may have accessed my account. I placed the order earlier today. I’d like to resolve this today.",account_security
CONV-00179,I wanted to check whether The promised delivery window is over for ORD-100279. I haven't changed anything on my account. Can you check?,delivery_delay
CONV-00180,Just checking — It looks like I was billed twice for ORD-101741. I’m trying to sort this out before the end of the day. Any guidance would be helpful.,duplicate_charge
CONV-00181,Could you explain the available options for this product? I haven't changed anything on my account. Thank you.,product_information
CONV-00182,Just checking — The login page won't let me access my account. I placed the order earlier today. I'd appreciate your help.,account_access
CONV-00183,I no longer want this order. Is cancellation still possible? I haven't changed anything on my account.,order_cancellation
CONV-00184,I’m checking on ORD-100100. Could you tell me its current status? I haven't changed anything on my account. Can you check?,order_status
CONV-00185,Quick question: I keep getting rejected when I try to sign in. I’m trying to sort this out before the end of the day. Any guidance would be helpful.,account_access
CONV-00186,I need some help. Can I change the shipping address for ORD-103570? This is my first time dealing with this issue.,address_change
CONV-00187,I’m contacting support because How do I change the address attached to my order? This is my first time dealing with this issue. Thank you.,address_change
CONV-00188,Please advise: I entered the wrong delivery address. Can it be corrected? I noticed this while reviewing my recent activity. Any guidance would be helpful.,address_change
CONV-00189,"Hello, When should ORD-100530 arrive? I haven't changed anything on my account. Can you check?",delivery_estimate
CONV-00190,Could you help me? I no longer want this order. Is cancellation still possible? I noticed this while reviewing my recent activity. I’d like to resolve this today.,order_cancellation
CONV-00191,Could you help me? What is the estimated delivery date for my package? I placed the order earlier today. Any guidance would be helpful.,delivery_estimate
CONV-00192,Please advise: Could you help me end my recurring plan? I placed the order earlier today. I'd appreciate your help.,subscription_cancel
CONV-00193,Please advise: Could you help me end my recurring plan? I placed the order earlier today. Any guidance would be helpful.,subscription_cancel
CONV-00194,I’m contacting support because I need the specifications before I decide whether to buy it. I haven't changed anything on my account. Can you check?,product_information
CONV-00195,"Hello, The product has a crack that wasn't shown in the listing. I haven't changed anything on my account. Thank you.",damaged_item
CONV-00196,"Hello, I'm still waiting for the money from my return. Can you check? This is my first time dealing with this issue. Can you check?",refund_status
CONV-00197,Please help me arrange a return. I haven't changed anything on my account. Can you check?,return_request
CONV-00198,I’m contacting support because I can't sign in to my account. This is my first time dealing with this issue. Can you check?,account_access
CONV-00199,"Hello, Could you help me end my recurring plan? I haven't changed anything on my account.",subscription_cancel
CONV-00200,Why is the coupon being rejected at checkout? Thank you.,promo_code
CONV-00201,I wanted to check whether Please stop my recurring membership. Please let me know.,subscription_cancel
CONV-00202,Could you help me? Please help me arrange a return. I placed the order earlier today. Any guidance would be helpful.,return_request
CONV-00203,"Hello, I'm locked out of my account and need access. Please let me know.",account_access
CONV-00204,"Hi, Where should I enter my promo code? I’m trying to sort this out before the end of the day. I'd appreciate your help.",promo_code
CONV-00205,I wanted to check whether I noticed a login I don't recognize. This is my first time dealing with this issue.,account_security
CONV-00206,"My delivery arrived, but the item inside is damaged. Thank you.",damaged_item
CONV-00207,I was sent the wrong model. This is my first time dealing with this issue. Thank you.,wrong_item
CONV-00208,I wanted to check whether I noticed a login I don't recognize. Thank you.,account_security
CONV-00209,"Hello, Could you help me end my recurring plan? I haven't changed anything on my account. Please let me know.",subscription_cancel
CONV-00210,I’m contacting support because Could you explain the return process for this purchase? This is my first time dealing with this issue. Please let me know.,return_request
CONV-00211,Please advise: I forgot my password. How can I reset it? I’m trying to sort this out before the end of the day. I'd appreciate your help.,password_reset
CONV-00212,Please help me arrange a return. Please let me know.,return_request
CONV-00213,Quick question: I need to redirect this package to another address. I’m trying to sort this out before the end of the day. Any guidance would be helpful.,address_change
CONV-00214,I wanted to check whether The delivered item doesn't match my order. This is my first time dealing with this issue.,wrong_item
CONV-00215,I need some help. Can you explain the latest recurring charge? Can you check?,subscription_billing
CONV-00216,Just checking — The item I received isn't the one I ordered. I noticed this while reviewing my recent activity. Thanks.,wrong_item
CONV-00217,Quick question: I want to track the package that was just dispatched. I noticed this while reviewing my recent activity. I'd appreciate your help.,delivery_tracking
CONV-00218,Just checking — I placed ORD-100033 recently. What is happening with it? I noticed this while reviewing my recent activity. I’d like to resolve this today.,order_status
CONV-00219,"Hello, Could you help me end my recurring plan?",subscription_cancel
CONV-00220,I need some help. Has the refund for ORD-101020 been issued yet? I haven't changed anything on my account.,refund_status
CONV-00221,Please advise: Why are there duplicate transactions for one order? I noticed this while reviewing my recent activity. I'd appreciate your help.,duplicate_charge
CONV-00222,"Hi, Roughly how long will delivery take? I noticed this while reviewing my recent activity. Thanks.",delivery_estimate
CONV-00223,I need some help. What exactly is included with this item? I haven't changed anything on my account.,product_information
CONV-00224,Could you help me? Something about my account activity looks suspicious. I placed the order earlier today. Any guidance would be helpful.,account_security
CONV-00225,I’m contacting support because I see two charges for the same purchase. Thank you.,duplicate_charge
CONV-00226,Please advise: I forgot my password. How can I reset it? I noticed this while reviewing my recent activity. Any guidance would be helpful.,password_reset
CONV-00227,"Please advise: I received the package, but one of the products is absent. I placed the order earlier today. Any guidance would be helpful.",missing_item
CONV-00228,"Hi, My multi-item order is incomplete. I placed the order earlier today. I'd appreciate your help.",missing_item
CONV-00229,"Hello, My parcel is 6 days late. Can you investigate? I haven't changed anything on my account. Please let me know.",delivery_delay
CONV-00230,I’m contacting support because Something different was packed instead of what I purchased. This is my first time dealing with this issue.,wrong_item
CONV-00231,"Hi, Roughly how long will delivery take? I’m trying to sort this out before the end of the day. Thanks.",delivery_estimate
CONV-00232,Please advise: Could you help me end my recurring plan? I noticed this while reviewing my recent activity. I’d like to resolve this today.,subscription_cancel
CONV-00233,My payment is being declined at checkout.,payment_failure
CONV-00234,I wanted to check whether Can you tell me more about this product's features? This is my first time dealing with this issue. Thank you.,product_information
CONV-00235,I’m checking on ORD-100230. Could you tell me its current status? This is my first time dealing with this issue. Please let me know.,order_status
CONV-00236,"Hi, I think someone may have accessed my account. I’m trying to sort this out before the end of the day. I'd appreciate your help.",account_security
CONV-00237,"Hello, I forgot my password. How can I reset it? This is my first time dealing with this issue. Thank you.",password_reset
CONV-00238,Could you help me? What is the estimated delivery date for my package? I noticed this while reviewing my recent activity. I'd appreciate your help.,delivery_estimate
CONV-00239,Quick question: I keep getting rejected when I try to sign in. I placed the order earlier today. I’d like to resolve this today.,account_access
CONV-00240,I wanted to check whether I want to track the package that was just dispatched. I haven't changed anything on my account. Please let me know.,delivery_tracking
CONV-00241,Please help me arrange a return.,return_request
CONV-00242,"Hi, Roughly how long will delivery take? I placed the order earlier today. Any guidance would be helpful.",delivery_estimate
CONV-00243,"Hello, I don't recognize the amount billed for my membership. I haven't changed anything on my account. Can you check?",subscription_billing
CONV-00244,Please advise: I don't recognize the amount billed for my membership. I’m trying to sort this out before the end of the day. I'd appreciate your help.,subscription_billing
CONV-00245,"I wanted to check whether I have tried several times, but the transaction won't go through. Thank you.",payment_failure
CONV-00246,I no longer want this order. Is cancellation still possible? This is my first time dealing with this issue. Thank you.,order_cancellation
CONV-00247,"Hello, The product has a crack that wasn't shown in the listing. This is my first time dealing with this issue. Thank you.",damaged_item
CONV-00248,I’m contacting support because Checkout keeps rejecting my payment. Thank you.,payment_failure
CONV-00249,Quick question: Please stop ORD-101782 before it is dispatched. I’m trying to sort this out before the end of the day. I’d like to resolve this today.,order_cancellation
CONV-00250,Quick question: Can you tell me more about this product's features? I placed the order earlier today. I'd appreciate your help.,product_information
CONV-00251,"Hi, I need the specifications before I decide whether to buy it. I noticed this while reviewing my recent activity. Thanks.",product_information
CONV-00252,My subscription payment was higher than I expected. Please let me know.,subscription_billing
CONV-00253,"Hello, Why are there duplicate transactions for one order? This is my first time dealing with this issue. Thank you.",duplicate_charge
CONV-00254,I need some help. Why does the payment fail whenever I try to complete the order? Can you check?,payment_failure
CONV-00255,I need some help. The item I received isn't the one I ordered. I haven't changed anything on my account.,wrong_item
CONV-00256,I need some help. I changed my mind and would like to send the item back. I haven't changed anything on my account. Can you check?,return_request
CONV-00257,Just checking — Can I change the shipping address for ORD-103525? I placed the order earlier today. Any guidance would be helpful.,address_change
CONV-00258,I’m contacting support because I opened the package and found the product broken. This is my first time dealing with this issue.,damaged_item
CONV-00259,Just checking — The delivery date for ORD-100426 has passed and I'm still waiting. I’m trying to sort this out before the end of the day. Thanks.,delivery_delay
CONV-00260,What is the estimated delivery date for my package? I haven't changed anything on my account. Can you check?,delivery_estimate
CONV-00261,Quick question: I think I was charged more than once for a single checkout. I placed the order earlier today. Any guidance would be helpful.,duplicate_charge
CONV-00262,Please advise: The product has a crack that wasn't shown in the listing. I placed the order earlier today. Thanks.,damaged_item
CONV-00263,Just checking — There is visible damage on the item I received. I placed the order earlier today. I’d like to resolve this today.,damaged_item
CONV-00264,I’m contacting support because Where should I enter my promo code?,promo_code
CONV-00265,My payment is being declined at checkout. This is my first time dealing with this issue. Please let me know.,payment_failure
CONV-00266,Quick question: I think I was charged more than once for a single checkout. I placed the order earlier today. I’d like to resolve this today.,duplicate_charge
CONV-00267,Just checking — The item I received isn't the one I ordered. I placed the order earlier today. I'd appreciate your help.,damaged_item
CONV-00268,"Hello, I received the package, but one of the products is absent. This is my first time dealing with this issue. Thank you.",missing_item
CONV-00269,My account suddenly won't let me log in. Can you check?,account_access
CONV-00270,Please advise: Would you mind checking the latest status of ORD-100149? I placed the order earlier today. I'd appreciate your help.,order_status
CONV-00271,What is the estimated delivery date for my package? Please let me know.,delivery_estimate
CONV-00272,"I wanted to check whether I have tried several times, but the transaction won't go through. Please let me know.",payment_failure
CONV-00273,Has the courier scanned ORD-104917 yet? I haven't changed anything on my account. Can you check?,delivery_tracking
CONV-00274,I’m contacting support because Can you see what stage ORD-100012 is at right now? Can you check?,order_status
CONV-00275,I’m contacting support because I'd like to withdraw this purchase if it hasn't shipped. I haven't changed anything on my account. Can you check?,order_cancellation
CONV-00276,I’m contacting support because Where can I request a password reset? This is my first time dealing with this issue. Can you check?,password_reset
CONV-00277,"I wanted to check whether I have tried several times, but the transaction won't go through. This is my first time dealing with this issue. Can you check?",payment_failure
CONV-00278,"Hi, My multi-item order is incomplete. I’m trying to sort this out before the end of the day. I’d like to resolve this today.",missing_item
CONV-00279,"Hello, I entered the wrong delivery address. Can it be corrected? I haven't changed anything on my account. Can you check?",address_change
CONV-00280,Please advise: I can't finish the purchase because the payment isn't accepted. I’m trying to sort this out before the end of the day. I’d like to resolve this today.,payment_failure
CONV-00281,Quick question: Can you tell me more about this product's features? I noticed this while reviewing my recent activity. Thanks.,product_information
CONV-00282,Quick question: Can you tell me more about this product's features? I placed the order earlier today. I'd appreciate your help.,product_information
CONV-00283,Could you help me? What is the estimated delivery date for my package? I’m trying to sort this out before the end of the day. I'd appreciate your help.,delivery_estimate
CONV-00284,Please advise: I'm still waiting for the money from my return. Can you check? I placed the order earlier today. Any guidance would be helpful.,refund_status
CONV-00285,I wanted to check whether I think I was charged more than once for a single checkout. This is my first time dealing with this issue.,duplicate_charge
CONV-00286,Quick question: Please stop my recurring membership. I noticed this while reviewing my recent activity. Any guidance would be helpful.,subscription_cancel
CONV-00287,I need some help. Has the refund for ORD-101210 been issued yet? This is my first time dealing with this issue. Please let me know.,refund_status
CONV-00288,Please advise: I received a security alert for an unfamiliar sign-in. I placed the order earlier today. I'd appreciate your help.,account_security
CONV-00289,Just checking — Can you help me cancel my recent order? I noticed this while reviewing my recent activity. I’d like to resolve this today.,order_cancellation
CONV-00290,"Hi, Roughly how long will delivery take? I noticed this while reviewing my recent activity. Any guidance would be helpful.",delivery_estimate
CONV-00291,I need some help. The delivery date for ORD-100491 has passed and I'm still waiting.,delivery_delay
CONV-00292,Please advise: I'm locked out of my account and need access. I noticed this while reviewing my recent activity. I’d like to resolve this today.,account_access
CONV-00293,I’m contacting support because Something different was packed instead of what I purchased. I haven't changed anything on my account. Please let me know.,wrong_item
CONV-00294,Quick question: The item arrived damaged. What should I do? I’m trying to sort this out before the end of the day. Any guidance would be helpful.,damaged_item
CONV-00295,I need some help. I can't recall my password and need to change it. I haven't changed anything on my account. Can you check?,password_reset
CONV-00296,Quick question: Can you give me an ETA for this shipment? I placed the order earlier today. Any guidance would be helpful.,delivery_estimate
CONV-00297,"Hi, Something different was packed instead of what I purchased. I’m trying to sort this out before the end of the day. Any guidance would be helpful.",wrong_item
CONV-00298,Quick question: The item arrived damaged. What should I do? I’m trying to sort this out before the end of the day. I’d like to resolve this today.,damaged_item
CONV-00299,Just checking — The discount isn't being applied even though I entered the code. I noticed this while reviewing my recent activity. I'd appreciate your help.,promo_code
CONV-00300,I need some help. Has the refund for ORD-101170 been issued yet? I haven't changed anything on my account. Please let me know.,refund_status
CONV-00301,I’m contacting support because Can you see what stage ORD-100132 is at right now? Can you check?,order_status
CONV-00302,I need some help. The delivery date for ORD-100471 has passed and I'm still waiting. I haven't changed anything on my account. Can you check?,delivery_delay
CONV-00303,Please advise: I forgot my password. How can I reset it? I noticed this while reviewing my recent activity. I'd appreciate your help.,password_reset
CONV-00304,My payment is being declined at checkout. Please let me know.,payment_failure
CONV-00305,Just checking — The login page won't let me access my account. I’m trying to sort this out before the end of the day. Any guidance would be helpful.,account_access
CONV-00306,Could you explain the available options for this product? I haven't changed anything on my account. Thank you.,product_information
CONV-00307,I need some help. What exactly is included with this item? Please let me know.,product_information
CONV-00308,Just checking — The login page won't let me access my account. I placed the order earlier today. I’d like to resolve this today.,account_access
CONV-00309,"Hello, My parcel is 2 days late. Can you investigate? Can you check?",delivery_delay
CONV-00310,I need some help. Can you help me cancel my recent order? I haven't changed anything on my account.,order_cancellation
CONV-00311,I need some help. I can't recall my password and need to change it. Please let me know.,password_reset
CONV-00312,Just checking — Can I change the shipping address for ORD-103625? I noticed this while reviewing my recent activity. Thanks.,address_change
CONV-00313,Could you help me? I was sent the wrong model. I placed the order earlier today. I'd appreciate your help.,wrong_item
CONV-00314,I wanted to check whether I want to track the package that was just dispatched. I haven't changed anything on my account. Thank you.,delivery_tracking
CONV-00315,The same purchase appears twice on my card statement. I haven't changed anything on my account.,duplicate_charge
CONV-00316,Could you help me? Please help me arrange a return. I’m trying to sort this out before the end of the day. I’d like to resolve this today.,return_request
CONV-00317,I’m contacting support because I'd like to withdraw this purchase if it hasn't shipped. I haven't changed anything on my account. Please let me know.,order_cancellation
CONV-00318,I’m contacting support because My multi-item order is incomplete. Can you check?,missing_item
CONV-00319,Could you help me? Has the courier scanned ORD-104802 yet? I noticed this while reviewing my recent activity. I’d like to resolve this today.,delivery_tracking
CONV-00320,Just checking — Can I change the shipping address for ORD-103535? I noticed this while reviewing my recent activity. I'd appreciate your help.,address_change
CONV-00321,"Hello, Can you show me the latest tracking update for my shipment? This is my first time dealing with this issue. Please let me know.",delivery_tracking
CONV-00322,I wanted to check whether Please stop my recurring membership. This is my first time dealing with this issue. Thank you.,subscription_cancel
CONV-00323,Just checking — There is visible damage on the item I received. I noticed this while reviewing my recent activity. Any guidance would be helpful.,damaged_item
CONV-00324,I need some help. I can't recall my password and need to change it. This is my first time dealing with this issue.,password_reset
CONV-00325,Just checking — The delivery date for ORD-100416 has passed and I'm still waiting. I noticed this while reviewing my recent activity. I'd appreciate your help.,delivery_delay
CONV-00326,I need some help. I changed my mind and would like to send the item back. This is my first time dealing with this issue.,return_request
CONV-00327,I was sent the wrong model. This is my first time dealing with this issue. Please let me know.,wrong_item
CONV-00328,Please advise: When should ORD-100505 arrive? I noticed this while reviewing my recent activity. Any guidance would be helpful.,delivery_estimate
CONV-00329,"Hello, I don't recognize the amount billed for my membership. I haven't changed anything on my account.",subscription_billing
CONV-00330,"Hello, My discount code isn't working. Can you check?",promo_code
CONV-00331,I wanted to check whether Please stop my recurring membership. This is my first time dealing with this issue.,subscription_cancel
CONV-00332,Quick question: The promised delivery window is over for ORD-100414. I’m trying to sort this out before the end of the day. Any guidance would be helpful.,delivery_delay
CONV-00333,My subscription payment was higher than I expected. Can you check?,subscription_billing
CONV-00334,"Quick question: The item was returned, but I haven't received the refund. I placed the order earlier today. Any guidance would be helpful.",refund_status
CONV-00335,"I’m contacting support because ORD-100485 was due on Tuesday, but it still hasn't arrived. Thank you.",delivery_delay
CONV-00336,"Hello, What steps do I need to follow to return this product? This is my first time dealing with this issue. Can you check?",return_request
CONV-00337,I wanted to check whether I want to return ORD-100805. How do I start? I haven't changed anything on my account. Can you check?,return_request
CONV-00338,Please advise: When should ORD-100555 arrive? I placed the order earlier today. I'd appreciate your help.,delivery_estimate
CONV-00339,I want to cancel my subscription. Can you check?,subscription_cancel
CONV-00340,Could you help me? Could you tell me the current status of my refund? I’m trying to sort this out before the end of the day. I’d like to resolve this today.,refund_status
CONV-00341,I’m contacting support because Where should I enter my promo code? I haven't changed anything on my account. Thank you.,promo_code
CONV-00342,My subscription payment was higher than I expected. Thank you.,subscription_billing
CONV-00343,I need some help. Why does the payment fail whenever I try to complete the order? This is my first time dealing with this issue. Please let me know.,payment_failure
CONV-00344,"Hi, I opened the package and found the product broken. I noticed this while reviewing my recent activity. I'd appreciate your help.",damaged_item
CONV-00345,I’m contacting support because How do I change the address attached to my order? This is my first time dealing with this issue. Please let me know.,address_change
CONV-00346,I’m contacting support because How do I change the address attached to my order? This is my first time dealing with this issue. Can you check?,address_change
CONV-00347,Quick question: I want to track the package that was just dispatched. I’m trying to sort this out before the end of the day. I'd appreciate your help.,delivery_tracking
CONV-00348,Can you send me through the password recovery process? Thank you.,password_reset
CONV-00349,Please advise: The product has a crack that wasn't shown in the listing. I’m trying to sort this out before the end of the day. I'd appreciate your help.,damaged_item
CONV-00350,Just checking — There is visible damage on the item I received. I placed the order earlier today. Any guidance would be helpful.,damaged_item
CONV-00351,Can you send me through the password recovery process?,password_reset
CONV-00352,Just checking — I don't want the subscription to continue after this billing period. I noticed this while reviewing my recent activity. I’d like to resolve this today.,subscription_cancel
CONV-00353,"Hi, Checkout keeps rejecting my payment. I placed the order earlier today. I’d like to resolve this today.",payment_failure
CONV-00354,"Hi, ORD-100290 was due on Friday, but it still hasn't arrived. I noticed this while reviewing my recent activity. Thanks.",delivery_delay
CONV-00355,Has the courier scanned ORD-104827 yet? I haven't changed anything on my account. Thank you.,delivery_tracking
CONV-00356,Please advise: My parcel is 3 days late. Can you investigate? I’m trying to sort this out before the end of the day. I’d like to resolve this today.,delivery_delay
CONV-00357,Please advise: I forgot my password. How can I reset it? I placed the order earlier today. I’d like to resolve this today.,password_reset
CONV-00358,"Hi, ORD-100350 was due on Friday, but it still hasn't arrived. I noticed this while reviewing my recent activity. Any guidance would be helpful.",delivery_delay
CONV-00359,Could you help me? Could you tell me the current status of my refund? I noticed this while reviewing my recent activity. Thanks.,refund_status
CONV-00360,I no longer want this order. Is cancellation still possible? Can you check?,order_cancellation
CONV-00361,Please advise: My parcel is 5 days late. Can you investigate? I noticed this while reviewing my recent activity. Any guidance would be helpful.,delivery_delay
CONV-00362,I’m checking on ORD-100090. Could you tell me its current status? Thank you.,order_status
CONV-00363,"Hi, How do I change the address attached to my order? I placed the order earlier today. Thanks.",address_change
CONV-00364,I’m contacting support because I opened the package and found the product broken. Can you check?,damaged_item
CONV-00365,"Hello, When should ORD-100670 arrive?",delivery_estimate
CONV-00366,"Hello, I forgot my password. How can I reset it? I haven't changed anything on my account. Can you check?",password_reset
CONV-00367,I wanted to check whether Do you have an update on ORD-100026? I want to know where it stands. This is my first time dealing with this issue. Thank you.,order_status
CONV-00368,I wanted to check whether The promised delivery window is over for ORD-100429. I haven't changed anything on my account. Thank you.,delivery_delay
CONV-00369,"Hi, Roughly how long will delivery take? I’m trying to sort this out before the end of the day. I'd appreciate your help.",delivery_tracking
CONV-00370,I’m contacting support because Where should I enter my promo code? I haven't changed anything on my account. Can you check?,promo_code
CONV-00371,I want to cancel my subscription. Can you check?,subscription_cancel
CONV-00372,Quick question: I need to redirect this package to another address. I noticed this while reviewing my recent activity. I’d like to resolve this today.,address_change
CONV-00373,Just checking — It looks like I was billed twice for ORD-101541. I placed the order earlier today. Any guidance would be helpful.,duplicate_charge
CONV-00374,"Hi, I opened the package and found the product broken. I placed the order earlier today. Thanks.",damaged_item
CONV-00375,I need some help. There is visible damage on the item I received. This is my first time dealing with this issue.,damaged_item
CONV-00376,I’m contacting support because Why was my subscription charged this month? This is my first time dealing with this issue.,subscription_billing
CONV-00377,Please advise: I forgot my password. How can I reset it? I’m trying to sort this out before the end of the day. Thanks.,password_reset
CONV-00378,Quick question: The promised delivery window is over for ORD-100254. I noticed this while reviewing my recent activity. Any guidance would be helpful.,delivery_delay
CONV-00379,"Hi, When should the refund appear in my account? I’m trying to sort this out before the end of the day. I’d like to resolve this today.",refund_status
CONV-00380,Quick question: The promotional code says it is invalid. I placed the order earlier today. I'd appreciate your help.,promo_code
CONV-00381,Could you help me? I want to cancel my subscription. I placed the order earlier today. Any guidance would be helpful.,subscription_cancel
CONV-00382,Please advise: My discount code isn't working. I’m trying to sort this out before the end of the day. Any guidance would be helpful.,promo_code
CONV-00383,"Please advise: I received the package, but one of the products is absent. I placed the order earlier today. Thanks.",missing_item
CONV-00384,Could you help me? I was sent the wrong model. I noticed this while reviewing my recent activity. I’d like to resolve this today.,wrong_item
CONV-00385,I need some help. Why does the payment fail whenever I try to complete the order? This is my first time dealing with this issue. Can you check?,payment_failure
CONV-00386,I’m contacting support because I see two charges for the same purchase. This is my first time dealing with this issue. Can you check?,duplicate_charge
CONV-00387,Just checking — What exactly is included with this item? I noticed this while reviewing my recent activity. I’d like to resolve this today.,product_information
CONV-00388,"I’m contacting support because ORD-100315 was due on Saturday, but it still hasn't arrived. I haven't changed anything on my account.",delivery_delay
CONV-00389,Could you tell me the current status of my refund? I haven't changed anything on my account. Please let me know.,refund_status
CONV-00390,Just checking — The item I received isn't the one I ordered. I placed the order earlier today. Thanks.,wrong_item
CONV-00391,The same purchase appears twice on my card statement.,duplicate_charge
CONV-00392,Quick question: Can you tell me more about this product's features? I placed the order earlier today. Any guidance would be helpful.,product_information
CONV-00393,Can you send me through the password recovery process? This is my first time dealing with this issue.,password_reset
CONV-00394,Please advise: Would you mind checking the latest status of ORD-100069? I noticed this while reviewing my recent activity. I'd appreciate your help.,order_status
CONV-00395,Please help me arrange a return. I haven't changed anything on my account. Thank you.,return_request
CONV-00396,My account suddenly won't let me log in. I haven't changed anything on my account.,account_access
CONV-00397,"Hello, Why are there duplicate transactions for one order? Please let me know.",duplicate_charge
CONV-00398,I’m contacting support because I see two charges for the same purchase.,duplicate_charge
CONV-00399,Could you help me? I want to cancel my subscription. I placed the order earlier today. Thanks.,subscription_cancel
CONV-00400,Can you send me through the password recovery process? I haven't changed anything on my account. Please let me know.,password_reset
CONV-00401,I’m contacting support because When should the refund appear in my account? I haven't changed anything on my account. Please let me know.,refund_status
CONV-00402,Just checking — Can you explain the latest recurring charge? I noticed this while reviewing my recent activity. I’d like to resolve this today.,subscription_billing
CONV-00403,I need some help. I changed my mind and would like to send the item back. I haven't changed anything on my account. Thank you.,return_request
CONV-00404,Could you help me? One product from my order is missing. I placed the order earlier today. Thanks.,missing_item
CONV-00405,I need some help. Can I change the shipping address for ORD-103630? This is my first time dealing with this issue. Can you check?,address_change
CONV-00406,"Hi, I opened the package and found the product broken. I placed the order earlier today. I’d like to resolve this today.",damaged_item
CONV-00407,Just checking — Can you help me cancel my recent order? I noticed this while reviewing my recent activity. I'd appreciate your help.,order_cancellation
CONV-00408,I’m contacting support because Could you explain the return process for this purchase? I haven't changed anything on my account. Thank you.,return_request
CONV-00409,"Hello, My parcel is 6 days late. Can you investigate? I haven't changed anything on my account.",delivery_delay
CONV-00410,Please advise: I'm locked out of my account and need access. I’m trying to sort this out before the end of the day. I’d like to resolve this today.,account_access
CONV-00411,Just checking — Has the refund for ORD-101175 been issued yet? I noticed this while reviewing my recent activity. Any guidance would be helpful.,refund_status
CONV-00412,Quick question: I need to create a new password because I can't remember mine. I placed the order earlier today. I’d like to resolve this today.,password_reset
CONV-00413,Just checking — Part of ORD-102623 was not included in the delivery. I placed the order earlier today. I’d like to resolve this today.,missing_item
CONV-00414,"I wanted to check whether I have tried several times, but the transaction won't go through.",payment_failure
CONV-00415,"Hi, ORD-100410 was due on Friday, but it still hasn't arrived. I noticed this while reviewing my recent activity. Thanks.",delivery_delay
CONV-00416,"Hello, I don't recognize the amount billed for my membership. I haven't changed anything on my account. Can you check?",subscription_billing
CONV-00417,Please advise: Would you mind checking the latest status of ORD-100109? I’m trying to sort this out before the end of the day. I'd appreciate your help.,order_status
CONV-00418,I need some help. Where is ORD-104995 right now? I haven't changed anything on my account. Thank you.,delivery_tracking
CONV-00419,Something about my account activity looks suspicious. I haven't changed anything on my account. Please let me know.,account_security
CONV-00420,I wanted to check whether I keep getting rejected when I try to sign in.,account_access
CONV-00421,"Hello, I received the package, but one of the products is absent. Can you check?",missing_item
CONV-00422,Just checking — The login page won't let me access my account. I noticed this while reviewing my recent activity. Any guidance would be helpful.,account_access
CONV-00423,Could you help me? I was sent the wrong model. I placed the order earlier today. I’d like to resolve this today.,wrong_item
CONV-00424,Just checking — Has the refund for ORD-101235 been issued yet? I noticed this while reviewing my recent activity. Thanks.,refund_status
CONV-00425,I’m contacting support because I opened the package and found the product broken. Thank you.,damaged_item
CONV-00426,I need some help. Where is ORD-104975 right now? This is my first time dealing with this issue. Please let me know.,delivery_tracking
CONV-00427,Just checking — I’m planning around the delivery. When is it expected? I’m trying to sort this out before the end of the day. I’d like to resolve this today.,delivery_estimate
CONV-00428,Please advise: I can't finish the purchase because the payment isn't accepted. I placed the order earlier today. Any guidance would be helpful.,payment_failure
CONV-00429,Please advise: Can you show me the latest tracking update for my shipment? I placed the order earlier today. Any guidance would be helpful.,delivery_tracking
CONV-00430,I’m contacting support because Roughly how long will delivery take? Can you check?,delivery_estimate
CONV-00431,Could you help me? What is the estimated delivery date for my package? I noticed this while reviewing my recent activity. Any guidance would be helpful.,delivery_estimate
CONV-00432,Please advise: My discount code isn't working. I placed the order earlier today. Thanks.,promo_code
CONV-00433,Quick question: Please stop ORD-101872 before it is dispatched. I’m trying to sort this out before the end of the day. Any guidance would be helpful.,order_cancellation
CONV-00434,I’m contacting support because I can't sign in to my account. Can you check?,account_access
CONV-00435,Please advise: The product has a crack that wasn't shown in the listing. I noticed this while reviewing my recent activity. I'd appreciate your help.,damaged_item
CONV-00436,"Hello, I'm locked out of my account and need access. This is my first time dealing with this issue. Thank you.",account_access
CONV-00437,"Hi, Something different was packed instead of what I purchased. I’m trying to sort this out before the end of the day. Any guidance would be helpful.",wrong_item
CONV-00438,"Hi, How can I prevent the plan from renewing? I noticed this while reviewing my recent activity. Any guidance would be helpful.",subscription_cancel
CONV-00439,"Hi, Can you see what stage ORD-100177 is at right now? I noticed this while reviewing my recent activity. I’d like to resolve this today.",order_status
CONV-00440,"Hi, I can't sign in to my account. I noticed this while reviewing my recent activity. I’d like to resolve this today.",account_access
CONV-00441,Quick question: I need to redirect this package to another address. I noticed this while reviewing my recent activity. Thanks.,address_change
CONV-00442,I’m checking on ORD-100080. Could you tell me its current status? This is my first time dealing with this issue.,order_status
CONV-00443,"Quick question: The box arrived, but mug wasn't inside. I noticed this while reviewing my recent activity. Any guidance would be helpful.",missing_item
CONV-00444,Could you help me? The same purchase appears twice on my card statement. I’m trying to sort this out before the end of the day. I’d like to resolve this today.,duplicate_charge
CONV-00445,Please advise: Why are there duplicate transactions for one order? I noticed this while reviewing my recent activity. Thanks.,duplicate_charge
CONV-00446,I wanted to check whether I think I was charged more than once for a single checkout. I haven't changed anything on my account. Can you check?,duplicate_charge
CONV-00447,Quick question: The delivered item doesn't match my order. I noticed this while reviewing my recent activity. I'd appreciate your help.,wrong_item
CONV-00448,Please advise: Does this product come with the accessories shown? I placed the order earlier today. Thanks.,product_information
CONV-00449,Quick question: Do you have an update on ORD-100221? I want to know where it stands. I placed the order earlier today. I'd appreciate your help.,order_status
CONV-00450,Just checking — I placed ORD-100093 recently. What is happening with it? I noticed this while reviewing my recent activity. I'd appreciate your help.,order_status
CONV-00451,"Please advise: I received the package, but one of the products is absent. I noticed this while reviewing my recent activity. Any guidance would be helpful.",missing_item
CONV-00452,Just checking — There are changes in my profile that I didn't make. I placed the order earlier today. Thanks.,account_security
CONV-00453,"Hello, My discount code isn't working. I haven't changed anything on my account. Can you check?",product_information
CONV-00454,I’m contacting support because Checkout keeps rejecting my payment. I haven't changed anything on my account. Please let me know.,subscription_billing
CONV-00455,I’m contacting support because I need the specifications before I decide whether to buy it.,product_information
CONV-00456,"Hi, Checkout keeps rejecting my payment. I’m trying to sort this out before the end of the day. I'd appreciate your help.",payment_failure
CONV-00457,"My delivery arrived, but the item inside is damaged. Can you check?",damaged_item
CONV-00458,I wanted to check whether I keep getting rejected when I try to sign in. I haven't changed anything on my account. Thank you.,account_access
CONV-00459,I wanted to check whether I need to redirect this package to another address. I haven't changed anything on my account. Thank you.,address_change
CONV-00460,Just checking — I changed my mind and would like to send the item back. I placed the order earlier today. Any guidance would be helpful.,return_request
CONV-00461,Just checking — Why does the payment fail whenever I try to complete the order? I noticed this while reviewing my recent activity. Any guidance would be helpful.,payment_failure
CONV-00462,Please help me arrange a return. I haven't changed anything on my account.,return_request
CONV-00463,"I wanted to check whether I have tried several times, but the transaction won't go through. I haven't changed anything on my account. Can you check?",payment_failure
CONV-00464,"Hi, I think someone may have accessed my account. I placed the order earlier today. I'd appreciate your help.",account_security
CONV-00465,"Please advise: I received the package, but one of the products is absent. I’m trying to sort this out before the end of the day. I’d like to resolve this today.",wrong_item
CONV-00466,I’m contacting support because How do I change the address attached to my order? Can you check?,address_change
CONV-00467,One product from my order is missing. This is my first time dealing with this issue. Thank you.,missing_item
CONV-00468,"Hi, I need the specifications before I decide whether to buy it. I’m trying to sort this out before the end of the day. I'd appreciate your help.",product_information
CONV-00469,"Hello, Can you show me the latest tracking update for my shipment? Thank you.",delivery_tracking
CONV-00470,Could you help me? Could you explain the available options for this product? I placed the order earlier today. I’d like to resolve this today.,product_information
CONV-00471,Quick question: I keep getting rejected when I try to sign in. I placed the order earlier today. Any guidance would be helpful.,account_access
CONV-00472,I’m contacting support because My multi-item order is incomplete. Thank you.,missing_item
CONV-00473,Could you help me? What is the estimated delivery date for my package? I placed the order earlier today. Any guidance would be helpful.,delivery_estimate
CONV-00474,Could you help me? My account suddenly won't let me log in. I placed the order earlier today. I’d like to resolve this today.,account_access
CONV-00475,Could you help me? My account suddenly won't let me log in. I’m trying to sort this out before the end of the day. Any guidance would be helpful.,account_access
CONV-00476,"Hello, I'm locked out of my account and need access. This is my first time dealing with this issue.",account_access
CONV-00477,Could you help me? My account suddenly won't let me log in. I noticed this while reviewing my recent activity. I'd appreciate your help.,account_access
CONV-00478,Could you help me? I no longer want this order. Is cancellation still possible? I placed the order earlier today. Thanks.,order_cancellation
CONV-00479,I need some help. I’m planning around the delivery. When is it expected? Please let me know.,delivery_estimate
CONV-00480,Please advise: Would you mind checking the latest status of ORD-100219? I noticed this while reviewing my recent activity. Any guidance would be helpful.,order_status
CONV-00481,Quick question: I have a question about the charge on my recurring plan. I noticed this while reviewing my recent activity. Any guidance would be helpful.,subscription_billing
CONV-00482,I’m contacting support because How can I prevent the plan from renewing?,subscription_cancel
CONV-00483,The same purchase appears twice on my card statement. I haven't changed anything on my account. Thank you.,duplicate_charge
CONV-00484,I need some help. There are changes in my profile that I didn't make. Can you check?,account_security
CONV-00485,Could you help me? I want to cancel my subscription. I’m trying to sort this out before the end of the day. I'd appreciate your help.,subscription_cancel
CONV-00486,Just checking — What exactly is included with this item? I noticed this while reviewing my recent activity. I'd appreciate your help.,product_information
CONV-00487,Just checking — I placed ORD-100043 recently. What is happening with it? I’m trying to sort this out before the end of the day. Any guidance would be helpful.,order_status
CONV-00488,Could you help me? Can you send me through the password recovery process? I’m trying to sort this out before the end of the day. I'd appreciate your help.,password_reset
CONV-00489,I’m checking on ORD-100210. Could you tell me its current status? Thank you.,order_status
CONV-00490,Quick question: Can you give me an ETA for this shipment? I’m trying to sort this out before the end of the day. Thanks.,delivery_estimate
CONV-00491,Quick question: The promised delivery window is over for ORD-100354. I’m trying to sort this out before the end of the day. Thanks.,delivery_delay
CONV-00492,I need some help. Why does the payment fail whenever I try to complete the order? I haven't changed anything on my account. Thank you.,payment_failure
CONV-00493,Please help me arrange a return. I haven't changed anything on my account. Can you check?,return_request
CONV-00494,My account suddenly won't let me log in. I haven't changed anything on my account. Thank you.,account_access
CONV-00495,Quick question: Can you give me an ETA for this shipment? I noticed this while reviewing my recent activity. Any guidance would be helpful.,delivery_estimate
CONV-00496,Just checking — I don't want the subscription to continue after this billing period. I’m trying to sort this out before the end of the day. Any guidance would be helpful.,subscription_cancel
CONV-00497,I need some help. I’m planning around the delivery. When is it expected? Thank you.,delivery_estimate
CONV-00498,"Hello, My parcel is 4 days late. Can you investigate? This is my first time dealing with this issue. Can you check?",delivery_delay
CONV-00499,"Hello, Why are there duplicate transactions for one order? I haven't changed anything on my account. Thank you.",duplicate_charge
CONV-00500,I need some help. Can I change the shipping address for ORD-103550? Can you check?,address_change
CONV-00501,"Hello, I entered the wrong delivery address. Can it be corrected? I haven't changed anything on my account. Thank you.",address_change
CONV-00502,"Hello, Could you help me end my recurring plan? This is my first time dealing with this issue. Please let me know.",subscription_cancel
CONV-00503,Could you help me? I’m checking on ORD-100135. Could you tell me its current status? I noticed this while reviewing my recent activity. Thanks.,order_status
CONV-00504,Please advise: My discount code isn't working. I noticed this while reviewing my recent activity. I'd appreciate your help.,promo_code
CONV-00505,I’m contacting support because Checkout keeps rejecting my payment. This is my first time dealing with this issue. Please let me know.,payment_failure
CONV-00506,"Hi, Can you see what stage ORD-100047 is at right now? I placed the order earlier today. Thanks.",order_status
CONV-00507,Could you help me? My payment is being declined at checkout. I noticed this while reviewing my recent activity. I’d like to resolve this today.,payment_failure
CONV-00508,I need some help. I’m planning around the delivery. When is it expected? I haven't changed anything on my account.,delivery_estimate
CONV-00509,I wanted to check whether I think I was charged more than once for a single checkout. I haven't changed anything on my account. Can you check?,duplicate_charge
CONV-00510,"My delivery arrived, but the item inside is damaged. This is my first time dealing with this issue. Can you check?",damaged_item
CONV-00511,I want to cancel my subscription. Please let me know.,subscription_cancel
CONV-00512,"Please advise: I received the package, but one of the products is absent. I noticed this while reviewing my recent activity. I’d like to resolve this today.",missing_item
CONV-00513,Quick question: Please stop ORD-101972 before it is dispatched. I placed the order earlier today. Thanks.,order_cancellation
CONV-00514,"Hi, Could you explain the return process for this purchase? I noticed this while reviewing my recent activity. Any guidance would be helpful.",return_request
CONV-00515,Quick question: Do you have an update on ORD-100061? I want to know where it stands. I’m trying to sort this out before the end of the day. I'd appreciate your help.,order_status
CONV-00516,"I wanted to check whether The item was returned, but I haven't received the refund. This is my first time dealing with this issue.",refund_status
CONV-00517,I need some help. The item I received isn't the one I ordered. This is my first time dealing with this issue. Thank you.,wrong_item
CONV-00518,Could you help me? I’m checking on ORD-100095. Could you tell me its current status? I placed the order earlier today. Thanks.,order_status
CONV-00519,"Could you help me? I expected this shipment already, but it hasn't turned up. I placed the order earlier today. Any guidance would be helpful.",delivery_delay
CONV-00520,I need some help. The discount isn't being applied even though I entered the code. This is my first time dealing with this issue. Can you check?,promo_code
CONV-00521,"Hello, I don't recognize the amount billed for my membership.",subscription_billing
CONV-00522,Could you help me? Please update the destination before the order ships. I’m trying to sort this out before the end of the day. I’d like to resolve this today.,address_change
CONV-00523,Please advise: I'm still waiting for the money from my return. Can you check? I’m trying to sort this out before the end of the day. I’d like to resolve this today.,refund_status
CONV-00524,"I wanted to check whether The box arrived, but shirt wasn't inside. This is my first time dealing with this issue. Can you check?",missing_item
CONV-00525,I wanted to check whether The item arrived damaged. What should I do? Thank you.,damaged_item
CONV-00526,Please advise: My parcel is 1 days late. Can you investigate? I placed the order earlier today. Thanks.,delivery_delay
CONV-00527,Just checking — The discount isn't being applied even though I entered the code. I placed the order earlier today. Any guidance would be helpful.,promo_code
CONV-00528,I wanted to check whether I need to create a new password because I can't remember mine. I haven't changed anything on my account. Thank you.,password_reset
CONV-00529,Could you help me? Please update the destination before the order ships. I placed the order earlier today. Thanks.,address_change
CONV-00530,I need some help. Where is ORD-104925 right now? Can you check?,delivery_tracking
CONV-00531,Quick question: I keep getting rejected when I try to sign in. I’m trying to sort this out before the end of the day. Any guidance would be helpful.,account_access
CONV-00532,"Hi, When should the refund appear in my account? I’m trying to sort this out before the end of the day. I’d like to resolve this today.",refund_status
CONV-00533,Could you help me? Please update the destination before the order ships. I’m trying to sort this out before the end of the day. Thanks.,address_change
CONV-00534,I need some help. The delivery date for ORD-100291 has passed and I'm still waiting. I haven't changed anything on my account.,delivery_delay
CONV-00535,"Hi, How do I change the address attached to my order? I’m trying to sort this out before the end of the day. Any guidance would be helpful.",address_change
CONV-00536,"Hello, I entered the wrong delivery address. Can it be corrected?",address_change
CONV-00537,"Hi, Roughly how long will delivery take? I’m trying to sort this out before the end of the day. Thanks.",delivery_estimate
CONV-00538,Could you help me? Please update the destination before the order ships. I noticed this while reviewing my recent activity. I'd appreciate your help.,address_change
CONV-00539,I need some help. Part of ORD-102648 was not included in the delivery. Thank you.,missing_item
CONV-00540,Just checking — Where is ORD-104810 right now? I placed the order earlier today. I’d like to resolve this today.,delivery_tracking
CONV-00541,I’m contacting support because I'd like to withdraw this purchase if it hasn't shipped. I haven't changed anything on my account. Thank you.,order_cancellation
CONV-00542,Please advise: I'm locked out of my account and need access. I noticed this while reviewing my recent activity. Any guidance would be helpful.,account_access
CONV-00543,I need some help. It looks like I was billed twice for ORD-101536. Please let me know.,duplicate_charge
CONV-00544,Could you explain the available options for this product? I haven't changed anything on my account.,product_information
CONV-00545,"Hello, I don't recognize the amount billed for my membership. Can you check?",subscription_billing
CONV-00546,Quick question: I noticed a login I don't recognize. I’m trying to sort this out before the end of the day. I’d like to resolve this today.,account_security
CONV-00547,Just checking — Can I change the shipping address for ORD-103665? I’m trying to sort this out before the end of the day. Thanks.,address_change
CONV-00548,"Hi, Why was my subscription charged this month? I’m trying to sort this out before the end of the day. I'd appreciate your help.",subscription_billing
CONV-00549,"Hello, I entered the wrong delivery address. Can it be corrected? I haven't changed anything on my account.",address_change
CONV-00550,What is the estimated delivery date for my package? Can you check?,delivery_estimate
CONV-00551,"Hi, I think someone may have accessed my account. I placed the order earlier today. I’d like to resolve this today.",account_security
CONV-00552,Quick question: The delivered item doesn't match my order. I noticed this while reviewing my recent activity. Thanks.,wrong_item
CONV-00553,Just checking — I don't want the subscription to continue after this billing period. I’m trying to sort this out before the end of the day. Thanks.,subscription_cancel
CONV-00554,I need some help. I’m planning around the delivery. When is it expected? I haven't changed anything on my account. Thank you.,delivery_estimate
CONV-00555,I wanted to check whether The delivered item doesn't match my order. This is my first time dealing with this issue. Can you check?,wrong_item
CONV-00556,"I wanted to check whether I have tried several times, but the transaction won't go through. I haven't changed anything on my account.",payment_failure
CONV-00557,Quick question: Can you tell me more about this product's features? I’m trying to sort this out before the end of the day. Thanks.,product_information
CONV-00558,Just checking — Where is ORD-104920 right now? I’m trying to sort this out before the end of the day. Thanks.,delivery_tracking
CONV-00559,Just checking — Where is ORD-104800 right now? I’m trying to sort this out before the end of the day. Thanks.,delivery_tracking
CONV-00560,"Hello, I forgot my password. How can I reset it? Can you check?",password_reset
CONV-00561,Why is the coupon being rejected at checkout? This is my first time dealing with this issue. Please let me know.,promo_code
CONV-00562,Please advise: I received a security alert for an unfamiliar sign-in. I noticed this while reviewing my recent activity. Any guidance would be helpful.,account_security
CONV-00563,"Hello, I forgot my password. How can I reset it? I haven't changed anything on my account.",password_reset
CONV-00564,"Hi, I opened the package and found the product broken. I’m trying to sort this out before the end of the day. Thanks.",wrong_item
CONV-00565,I’m contacting support because When should the refund appear in my account? This is my first time dealing with this issue. Thank you.,refund_status
CONV-00566,Could you help me? Has the courier scanned ORD-104862 yet? I noticed this while reviewing my recent activity. I'd appreciate your help.,delivery_tracking
CONV-00567,I wanted to check whether Please stop my recurring membership. I haven't changed anything on my account. Please let me know.,subscription_cancel
CONV-00568,I wanted to check whether Please stop ORD-101867 before it is dispatched. This is my first time dealing with this issue. Please let me know.,order_cancellation
CONV-00569,"Hello, I received the package, but one of the products is absent. This is my first time dealing with this issue.",missing_item
CONV-00570,Quick question: Please stop my recurring membership. I placed the order earlier today. I'd appreciate your help.,subscription_cancel
CONV-00571,I need some help. Where is ORD-104885 right now? This is my first time dealing with this issue. Can you check?,delivery_tracking
CONV-00572,Just checking — I don't want the subscription to continue after this billing period. I’m trying to sort this out before the end of the day. I'd appreciate your help.,subscription_cancel
CONV-00573,Quick question: Please stop my recurring membership. I noticed this while reviewing my recent activity. I’d like to resolve this today.,subscription_cancel
CONV-00574,Please advise: My package contains a different product. I’m trying to sort this out before the end of the day. I'd appreciate your help.,wrong_item
CONV-00575,I’m checking on ORD-100070. Could you tell me its current status? I haven't changed anything on my account. Please let me know.,order_status
CONV-00576,Just checking — Where is ORD-104880 right now? I noticed this while reviewing my recent activity. Thanks.,delivery_tracking
CONV-00577,"Hello, I'm still waiting for the money from my return. Can you check? This is my first time dealing with this issue. Thank you.",refund_status
CONV-00578,I wanted to check whether I have a question about the charge on my recurring plan. This is my first time dealing with this issue.,subscription_billing
CONV-00579,Quick question: I noticed a login I don't recognize. I placed the order earlier today. Any guidance would be helpful.,account_security
CONV-00580,I wanted to check whether Please stop my recurring membership. I haven't changed anything on my account.,subscription_cancel
CONV-00581,Just checking — Has the refund for ORD-101095 been issued yet? I’m trying to sort this out before the end of the day. Any guidance would be helpful.,refund_status
CONV-00582,Quick question: Can you tell me more about this product's features? I noticed this while reviewing my recent activity. Any guidance would be helpful.,product_information
CONV-00583,Could you tell me the current status of my refund? I haven't changed anything on my account.,refund_status
CONV-00584,I wanted to check whether Please stop my recurring membership. Can you check?,subscription_cancel
CONV-00585,My payment is being declined at checkout. This is my first time dealing with this issue. Thank you.,payment_failure
CONV-00586,Can you send me through the password recovery process? Please let me know.,password_reset
CONV-00587,Could you help me? Could you explain the available options for this product? I’m trying to sort this out before the end of the day. I’d like to resolve this today.,product_information
CONV-00588,I wanted to check whether The item arrived damaged. What should I do? This is my first time dealing with this issue. Can you check?,damaged_item
CONV-00589,I need some help. I changed my mind and would like to send the item back. Please let me know.,return_request
CONV-00590,Please advise: Does this product come with the accessories shown? I noticed this while reviewing my recent activity. I’d like to resolve this today.,product_information
CONV-00591,Could you help me? I want to cancel my subscription. I noticed this while reviewing my recent activity. I’d like to resolve this today.,subscription_cancel
CONV-00592,"Hi, Checkout keeps rejecting my payment. I placed the order earlier today. Any guidance would be helpful.",payment_failure
CONV-00593,I was sent the wrong model. I haven't changed anything on my account. Thank you.,wrong_item
CONV-00594,"Hi, I need the specifications before I decide whether to buy it. I noticed this while reviewing my recent activity. Thanks.",product_information
CONV-00595,"Hi, I need the specifications before I decide whether to buy it. I’m trying to sort this out before the end of the day. Thanks.",product_information
CONV-00596,Just checking — Has the refund for ORD-101025 been issued yet? I noticed this while reviewing my recent activity. I'd appreciate your help.,refund_status
CONV-00597,Just checking — I can't recall my password and need to change it. I’m trying to sort this out before the end of the day. I’d like to resolve this today.,password_reset
CONV-00598,I wanted to check whether The item arrived damaged. What should I do? Please let me know.,damaged_item
CONV-00599,Please advise: I'm still waiting for the money from my return. Can you check? I’m trying to sort this out before the end of the day. I'd appreciate your help.,refund_status
CONV-00600,Could you help me? I no longer want this order. Is cancellation still possible? I placed the order earlier today. Thanks.,order_cancellation
CONV-00601,I’m contacting support because Could you explain the return process for this purchase? This is my first time dealing with this issue.,return_request
CONV-00602,I need some help. The discount isn't being applied even though I entered the code. This is my first time dealing with this issue.,promo_code
CONV-00603,Could you tell me the current status of my refund? This is my first time dealing with this issue. Can you check?,refund_status
CONV-00604,Just checking — What exactly is included with this item? I noticed this while reviewing my recent activity. I'd appreciate your help.,product_information
CONV-00605,I wanted to check whether Can you tell me more about this product's features? I haven't changed anything on my account.,product_information
CONV-00606,I need some help. Can I change the shipping address for ORD-103670? Can you check?,address_change
CONV-00607,I need some help. I’m planning around the delivery. When is it expected? This is my first time dealing with this issue. Thank you.,delivery_estimate
CONV-00608,Just checking — The login page won't let me access my account. I placed the order earlier today. Any guidance would be helpful.,account_access
CONV-00609,Why is the coupon being rejected at checkout?,promo_code
CONV-00610,Quick question: I want to track the package that was just dispatched. I’m trying to sort this out before the end of the day. Thanks.,delivery_tracking
CONV-00611,Just checking — I placed ORD-100233 recently. What is happening with it? I placed the order earlier today. I’d like to resolve this today.,order_status
CONV-00612,I’m contacting support because I need the specifications before I decide whether to buy it.,product_information
CONV-00613,"Hello, Why are there duplicate transactions for one order? Can you check?",duplicate_charge
CONV-00614,"I’m contacting support because ORD-100415 was due on Thursday, but it still hasn't arrived. This is my first time dealing with this issue. Can you check?",delivery_delay
CONV-00615,I need some help. Can you explain the latest recurring charge? This is my first time dealing with this issue. Please let me know.,subscription_billing
CONV-00616,Please advise: The product has a crack that wasn't shown in the listing. I noticed this while reviewing my recent activity. I'd appreciate your help.,damaged_item
CONV-00617,"Quick question: I have tried several times, but the transaction won't go through. I noticed this while reviewing my recent activity. I’d like to resolve this today.",payment_failure
CONV-00618,What is the estimated delivery date for my package? I haven't changed anything on my account. Can you check?,delivery_estimate
CONV-00619,"Hi, Can you see what stage ORD-100017 is at right now? I placed the order earlier today. I’d like to resolve this today.",order_status
CONV-00620,I need some help. Has the refund for ORD-101200 been issued yet? I haven't changed anything on my account. Can you check?,refund_status
CONV-00621,Quick question: I think I was charged more than once for a single checkout. I’m trying to sort this out before the end of the day. I’d like to resolve this today.,duplicate_charge
CONV-00622,"Hello, I received a security alert for an unfamiliar sign-in. This is my first time dealing with this issue. Please let me know.",account_security
CONV-00623,What is the estimated delivery date for my package? I haven't changed anything on my account. Please let me know.,delivery_estimate
CONV-00624,Can you send me through the password recovery process? I haven't changed anything on my account. Please let me know.,password_reset
CONV-00625,"Hello, My discount code isn't working. Thank you.",promo_code
CONV-00626,Could you help me? Could you explain the available options for this product? I noticed this while reviewing my recent activity. I’d like to resolve this today.,product_information
CONV-00627,"Hi, I see two charges for the same purchase. I placed the order earlier today. Thanks.",duplicate_charge
CONV-00628,"Hi, Checkout keeps rejecting my payment. I’m trying to sort this out before the end of the day. I'd appreciate your help.",payment_failure
CONV-00629,"Hello, Can you cancel ORD-101965 for me? I haven't changed anything on my account.",order_cancellation
CONV-00630,I need some help. The delivery date for ORD-100371 has passed and I'm still waiting.,delivery_delay
CONV-00631,Could you help me? My payment is being declined at checkout. I’m trying to sort this out before the end of the day. I'd appreciate your help.,payment_failure
CONV-00632,I’m contacting support because Roughly how long will delivery take?,delivery_estimate
CONV-00633,I need some help. I placed ORD-100238 recently. What is happening with it? I haven't changed anything on my account. Please let me know.,order_status
CONV-00634,Quick question: I noticed a login I don't recognize. I placed the order earlier today. I’d like to resolve this today.,account_security
CONV-00635,Just checking — There is visible damage on the item I received. I placed the order earlier today. Any guidance would be helpful.,damaged_item
CONV-00636,Quick question: I want to return ORD-100810. How do I start? I noticed this while reviewing my recent activity. I’d like to resolve this today.,return_request
CONV-00637,I’m contacting support because When should the refund appear in my account? Thank you.,refund_status
CONV-00638,Just checking — The discount isn't being applied even though I entered the code. I noticed this while reviewing my recent activity. I’d like to resolve this today.,promo_code
CONV-00639,Just checking — Where is ORD-104760 right now? I noticed this while reviewing my recent activity. Thanks.,delivery_tracking
CONV-00640,"Hello, I entered the wrong delivery address. Can it be corrected? Thank you.",address_change
CONV-00641,Could you help me? Something about my account activity looks suspicious. I noticed this while reviewing my recent activity. I’d like to resolve this today.,account_security
CONV-00642,"Hi, Where can I request a password reset? I’m trying to sort this out before the end of the day. Any guidance would be helpful.",password_reset
CONV-00643,"Please advise: I received the package, but one of the products is absent. I placed the order earlier today. Thanks.",missing_item
CONV-00644,I need some help. The item I received isn't the one I ordered. Can you check?,wrong_item
CONV-00645,"Hello, I don't recognize the amount billed for my membership. This is my first time dealing with this issue.",subscription_billing
CONV-00646,I wanted to check whether I need to redirect this package to another address. This is my first time dealing with this issue. Thank you.,address_change
CONV-00647,I’m contacting support because Where can I request a password reset? Please let me know.,password_reset
CONV-00648,Quick question: The promotional code says it is invalid. I noticed this while reviewing my recent activity. I’d like to resolve this today.,promo_code
CONV-00649,"Hello, What steps do I need to follow to return this product? This is my first time dealing with this issue. Thank you.",return_request
CONV-00650,I’m contacting support because Why was my subscription charged this month? Please let me know.,subscription_billing
CONV-00651,Just checking — Can I change the shipping address for ORD-103705? I placed the order earlier today. Thanks.,address_change
CONV-00652,I’m contacting support because Could you explain the return process for this purchase? I haven't changed anything on my account. Please let me know.,return_request
CONV-00653,Could you explain the available options for this product? Please let me know.,product_information
CONV-00654,"Quick question: The box arrived, but notebook wasn't inside. I noticed this while reviewing my recent activity. I'd appreciate your help.",missing_item
CONV-00655,Could you help me? What is the estimated delivery date for my package? I placed the order earlier today. Thanks.,delivery_estimate
CONV-00656,I was sent the wrong model. This is my first time dealing with this issue. Please let me know.,wrong_item
CONV-00657,Just checking — I don't want the subscription to continue after this billing period. I noticed this while reviewing my recent activity. Thanks.,subscription_cancel
CONV-00658,What is the estimated delivery date for my package? I haven't changed anything on my account.,delivery_estimate
CONV-00659,Just checking — Has the refund for ORD-101135 been issued yet? I placed the order earlier today. Any guidance would be helpful.,refund_status
CONV-00660,I’m contacting support because When should the refund appear in my account? This is my first time dealing with this issue.,refund_status
CONV-00661,Could you help me? Could you tell me the current status of my refund? I’m trying to sort this out before the end of the day. Any guidance would be helpful.,refund_status
CONV-00662,Quick question: Do you have an update on ORD-100051? I want to know where it stands. I noticed this while reviewing my recent activity. Any guidance would be helpful.,order_status
CONV-00663,Please advise: I entered the wrong delivery address. Can it be corrected? I placed the order earlier today. I’d like to resolve this today.,address_change
CONV-00664,I’m contacting support because When should the refund appear in my account? I haven't changed anything on my account.,refund_status
CONV-00665,"Hi, I opened the package and found the product broken. I placed the order earlier today. I'd appreciate your help.",damaged_item
CONV-00666,I need some help. Part of ORD-102688 was not included in the delivery. I haven't changed anything on my account. Thank you.,missing_item
CONV-00667,I need some help. I’m planning around the delivery. When is it expected? This is my first time dealing with this issue.,delivery_estimate
CONV-00668,I need some help. I can't recall my password and need to change it. I haven't changed anything on my account. Can you check?,password_reset
CONV-00669,I’m contacting support because How can I prevent the plan from renewing? This is my first time dealing with this issue. Can you check?,subscription_cancel
CONV-00670,"I expected this shipment already, but it hasn't turned up.",delivery_delay
CONV-00671,I’m contacting support because How do I change the address attached to my order? Thank you.,address_change
CONV-00672,Could you help me? I’m checking on ORD-100195. Could you tell me its current status? I noticed this while reviewing my recent activity. Any guidance would be helpful.,order_status
CONV-00673,Just checking — Has the refund for ORD-101115 been issued yet? I noticed this while reviewing my recent activity. Thanks.,refund_status
CONV-00674,I wanted to check whether I want to return ORD-100765. How do I start? Can you check?,return_request
CONV-00675,"Hello, Can you cancel ORD-101945 for me? This is my first time dealing with this issue. Can you check?",order_cancellation
CONV-00676,Quick question: I need to create a new password because I can't remember mine. I’m trying to sort this out before the end of the day. Any guidance would be helpful.,password_reset
CONV-00677,I wanted to check whether I need to create a new password because I can't remember mine. This is my first time dealing with this issue. Please let me know.,password_reset
CONV-00678,"Hi, Checkout keeps rejecting my payment. I noticed this while reviewing my recent activity. I’d like to resolve this today.",payment_failure
CONV-00679,I’m contacting support because Why was my subscription charged this month? I haven't changed anything on my account.,subscription_billing
CONV-00680,Please advise: I forgot my password. How can I reset it? I placed the order earlier today. Any guidance would be helpful.,password_reset
CONV-00681,Please advise: I'm locked out of my account and need access. I placed the order earlier today. I’d like to resolve this today.,account_access
CONV-00682,I need some help. I’m planning around the delivery. When is it expected? I haven't changed anything on my account. Please let me know.,delivery_estimate
CONV-00683,"Hi, When should the refund appear in my account? I noticed this while reviewing my recent activity. I'd appreciate your help.",refund_status
CONV-00684,Just checking — Can I change the shipping address for ORD-103745? I noticed this while reviewing my recent activity. Thanks.,address_change
CONV-00685,Could you help me? My subscription payment was higher than I expected. I placed the order earlier today. I'd appreciate your help.,subscription_billing
CONV-00686,I’m contacting support because Where should I enter my promo code? I haven't changed anything on my account.,promo_code
CONV-00687,I’m checking on ORD-100120. Could you tell me its current status?,order_status
CONV-00688,I need some help. There is visible damage on the item I received. This is my first time dealing with this issue. Can you check?,damaged_item
CONV-00689,"Hi, Where should I enter my promo code? I noticed this while reviewing my recent activity. Thanks.",promo_code
CONV-00690,Quick question: I want to track the package that was just dispatched. I placed the order earlier today. Thanks.,delivery_tracking
CONV-00691,Just checking — The discount isn't being applied even though I entered the code. I’m trying to sort this out before the end of the day. Any guidance would be helpful.,promo_code
CONV-00692,"Hi, I need the specifications before I decide whether to buy it. I placed the order earlier today. I'd appreciate your help.",product_information
CONV-00693,"Hello, Would you mind checking the latest status of ORD-100134? This is my first time dealing with this issue. Please let me know.",order_status
CONV-00694,Just checking — The item I received isn't the one I ordered. I noticed this while reviewing my recent activity. I’d like to resolve this today.,wrong_item
CONV-00695,Just checking — Can you help me cancel my recent order? I placed the order earlier today. I'd appreciate your help.,order_cancellation
CONV-00696,I wanted to check whether The delivered item doesn't match my order. Can you check?,wrong_item
CONV-00697,"Hello, Would you mind checking the latest status of ORD-100184? I haven't changed anything on my account.",order_status
CONV-00698,"Hi, Checkout keeps rejecting my payment. I placed the order earlier today. I’d like to resolve this today.",payment_failure
CONV-00699,Please advise: My package contains a different product. I placed the order earlier today. I’d like to resolve this today.,wrong_item
CONV-00700,Could you help me? What is the estimated delivery date for my package? I noticed this while reviewing my recent activity. I’d like to resolve this today.,delivery_estimate
CONV-00701,Could you help me? Could you explain the available options for this product? I’m trying to sort this out before the end of the day. Any guidance would be helpful.,product_information
CONV-00702,I wanted to check whether I have a question about the charge on my recurring plan. This is my first time dealing with this issue. Please let me know.,subscription_billing
CONV-00703,Quick question: I need to create a new password because I can't remember mine. I placed the order earlier today. I'd appreciate your help.,password_reset
CONV-00704,"Please advise: I received the package, but one of the products is absent. I noticed this while reviewing my recent activity. Thanks.",missing_item
CONV-00705,I wanted to check whether I want to track the package that was just dispatched. I haven't changed anything on my account. Can you check?,delivery_tracking
CONV-00706,"Hello, Can you show me the latest tracking update for my shipment? This is my first time dealing with this issue. Can you check?",delivery_tracking
CONV-00707,Just checking — There is visible damage on the item I received. I’m trying to sort this out before the end of the day. I'd appreciate your help.,damaged_item
CONV-00708,I need some help. The delivery date for ORD-100251 has passed and I'm still waiting.,delivery_delay
CONV-00709,"Hello, I entered the wrong delivery address. Can it be corrected? Can you check?",address_change
CONV-00710,"Hi, How do I change the address attached to my order? I noticed this while reviewing my recent activity. I'd appreciate your help.",address_change
CONV-00711,Just checking — Can you explain the latest recurring charge? I’m trying to sort this out before the end of the day. Any guidance would be helpful.,subscription_billing
CONV-00712,Please advise: Why are there duplicate transactions for one order? I’m trying to sort this out before the end of the day. I’d like to resolve this today.,duplicate_charge
CONV-00713,I’m contacting support because Can you see what stage ORD-100122 is at right now? This is my first time dealing with this issue. Thank you.,order_status
CONV-00714,I need some help. The discount isn't being applied even though I entered the code. I haven't changed anything on my account.,promo_code
CONV-00715,"Hello, I received a security alert for an unfamiliar sign-in. I haven't changed anything on my account. Please let me know.",account_security
CONV-00716,I no longer want this order. Is cancellation still possible? Thank you.,order_cancellation
CONV-00717,Please update the destination before the order ships. I haven't changed anything on my account. Thank you.,address_change
CONV-00718,Quick question: Can you give me an ETA for this shipment? I placed the order earlier today. I’d like to resolve this today.,delivery_estimate
CONV-00719,"I wanted to check whether I have tried several times, but the transaction won't go through. This is my first time dealing with this issue. Can you check?",payment_failure
CONV-00720,Please advise: I forgot my password. How can I reset it? I placed the order earlier today. I'd appreciate your help.,password_reset
CONV-00721,I want to cancel my subscription. I haven't changed anything on my account. Please let me know.,subscription_cancel
CONV-00722,"Hello, I'm still waiting for the money from my return. Can you check? I haven't changed anything on my account. Can you check?",refund_status
CONV-00723,"Hi, Could you explain the return process for this purchase? I’m trying to sort this out before the end of the day. Thanks.",return_request
CONV-00724,Just checking — I don't want the subscription to continue after this billing period. I’m trying to sort this out before the end of the day. I’d like to resolve this today.,subscription_cancel
CONV-00725,"Hi, I can't sign in to my account. I noticed this while reviewing my recent activity. Any guidance would be helpful.",account_access
CONV-00726,I’m contacting support because Could you tell me the current location or transit stage of my parcel?,delivery_tracking
CONV-00727,"Hi, Could you explain the return process for this purchase? I placed the order earlier today. Thanks.",return_request
CONV-00728,"Hello, When should ORD-100720 arrive? This is my first time dealing with this issue. Thank you.",delivery_estimate
CONV-00729,One product from my order is missing. This is my first time dealing with this issue.,missing_item
CONV-00730,"Hello, I received the package, but one of the products is absent.",missing_item
CONV-00731,Has the courier scanned ORD-104877 yet? Can you check?,delivery_tracking
CONV-00732,I wanted to check whether Can you give me an ETA for this shipment? I haven't changed anything on my account. Can you check?,delivery_estimate
CONV-00733,"Hi, How can I prevent the plan from renewing? I noticed this while reviewing my recent activity. I’d like to resolve this today.",subscription_cancel
CONV-00734,I’m contacting support because When should the refund appear in my account?,refund_status
CONV-00735,I need some help. Where is ORD-104845 right now? I haven't changed anything on my account. Can you check?,delivery_tracking
CONV-00736,"Hello, Can you show me the latest tracking update for my shipment?",delivery_tracking
CONV-00737,"Could you help me? I expected this shipment already, but it hasn't turned up. I’m trying to sort this out before the end of the day. Any guidance would be helpful.",delivery_delay
CONV-00738,Please advise: What steps do I need to follow to return this product? I noticed this while reviewing my recent activity. Any guidance would be helpful.,return_request
CONV-00739,"Hello, I received a security alert for an unfamiliar sign-in.",account_security
CONV-00740,Quick question: The promised delivery window is over for ORD-100274. I placed the order earlier today. Thanks.,delivery_delay
CONV-00741,"Hello, I received the package, but one of the products is absent. I haven't changed anything on my account. Thank you.",missing_item
CONV-00742,Just checking — I’m planning around the delivery. When is it expected? I placed the order earlier today. Thanks.,delivery_estimate
CONV-00743,Please advise: I entered the wrong delivery address. Can it be corrected? I’m trying to sort this out before the end of the day. Thanks.,address_change
CONV-00744,Could you help me? My subscription payment was higher than I expected. I’m trying to sort this out before the end of the day. I'd appreciate your help.,subscription_billing
CONV-00745,Could you help me? Has the courier scanned ORD-104892 yet? I noticed this while reviewing my recent activity. Any guidance would be helpful.,delivery_tracking
CONV-00746,Quick question: I keep getting rejected when I try to sign in. I placed the order earlier today. I'd appreciate your help.,account_access
CONV-00747,Please advise: When should ORD-100605 arrive? I’m trying to sort this out before the end of the day. Thanks.,delivery_estimate
CONV-00748,"Hi, Could you explain the return process for this purchase? I placed the order earlier today. Thanks.",return_request
CONV-00749,Quick question: Can you give me an ETA for this shipment? I’m trying to sort this out before the end of the day. I’d like to resolve this today.,delivery_estimate
CONV-00750,Just checking — What exactly is included with this item? I placed the order earlier today. I’d like to resolve this today.,product_information
CONV-00751,I was sent the wrong model. I haven't changed anything on my account.,wrong_item
CONV-00752,Something about my account activity looks suspicious. This is my first time dealing with this issue.,account_security
CONV-00753,Quick question: I want to track the package that was just dispatched. I’m trying to sort this out before the end of the day. I'd appreciate your help.,delivery_tracking
CONV-00754,Please advise: Can you show me the latest tracking update for my shipment? I noticed this while reviewing my recent activity. I’d like to resolve this today.,delivery_tracking
CONV-00755,"Hi, How can I prevent the plan from renewing? I’m trying to sort this out before the end of the day. I'd appreciate your help.",subscription_cancel
CONV-00756,"Could you help me? I expected this shipment already, but it hasn't turned up. I placed the order earlier today. Thanks.",delivery_delay
CONV-00757,"Could you help me? My delivery arrived, but the item inside is damaged. I noticed this while reviewing my recent activity. Thanks.",damaged_item
CONV-00758,"I wanted to check whether The box arrived, but adapter wasn't inside. This is my first time dealing with this issue. Thank you.",missing_item
CONV-00759,Could you help me? My subscription payment was higher than I expected. I’m trying to sort this out before the end of the day. Any guidance would be helpful.,subscription_billing
CONV-00760,Could you help me? Something about my account activity looks suspicious. I noticed this while reviewing my recent activity. Thanks.,account_security
CONV-00761,Just checking — Can I change the shipping address for ORD-103725? I’m trying to sort this out before the end of the day. Any guidance would be helpful.,address_change
CONV-00762,Could you help me? My payment is being declined at checkout. I placed the order earlier today. I'd appreciate your help.,payment_failure
CONV-00763,The same purchase appears twice on my card statement. I haven't changed anything on my account. Can you check?,duplicate_charge
CONV-00764,Something about my account activity looks suspicious. Please let me know.,account_security
CONV-00765,I need some help. Can you explain the latest recurring charge? Please let me know.,subscription_billing
CONV-00766,"Hi, Could you explain the return process for this purchase? I noticed this while reviewing my recent activity. Any guidance would be helpful.",return_request
CONV-00767,I need some help. Has the refund for ORD-101010 been issued yet? Please let me know.,refund_status
CONV-00768,Quick question: I keep getting rejected when I try to sign in. I noticed this while reviewing my recent activity. I’d like to resolve this today.,account_access
CONV-00769,I’m contacting support because I can't sign in to my account.,account_access
CONV-00770,Please advise: Can you cancel ORD-101870 for me? I placed the order earlier today. I’d like to resolve this today.,order_cancellation
CONV-00771,"Could you help me? My delivery arrived, but the item inside is damaged. I placed the order earlier today. I'd appreciate your help.",damaged_item
CONV-00772,"Quick question: The item was returned, but I haven't received the refund. I’m trying to sort this out before the end of the day. I’d like to resolve this today.",refund_status
CONV-00773,Quick question: Please stop ORD-101832 before it is dispatched. I noticed this while reviewing my recent activity. Any guidance would be helpful.,order_cancellation
CONV-00774,Just checking — The delivery date for ORD-100376 has passed and I'm still waiting. I placed the order earlier today. I'd appreciate your help.,delivery_delay
CONV-00775,I need some help. I don't want the subscription to continue after this billing period. I haven't changed anything on my account.,order_cancellation
CONV-00776,"Hello, I entered the wrong delivery address. Can it be corrected? Please let me know.",address_change
CONV-00777,Please advise: What steps do I need to follow to return this product? I noticed this while reviewing my recent activity. I'd appreciate your help.,return_request
CONV-00778,"Could you help me? I expected this shipment already, but it hasn't turned up. I’m trying to sort this out before the end of the day. Thanks.",delivery_delay
CONV-00779,"I wanted to check whether The item was returned, but I haven't received the refund. I haven't changed anything on my account. Thank you.",refund_status
CONV-00780,"Hello, Could you help me end my recurring plan? Please let me know.",subscription_cancel
CONV-00781,Please advise: I'm locked out of my account and need access. I’m trying to sort this out before the end of the day. Thanks.,account_access
CONV-00782,I wanted to check whether The item arrived damaged. What should I do? I haven't changed anything on my account.,damaged_item
CONV-00783,"Hi, Why was my subscription charged this month? I’m trying to sort this out before the end of the day. Any guidance would be helpful.",subscription_billing
CONV-00784,I’m contacting support because My multi-item order is incomplete. This is my first time dealing with this issue.,missing_item
CONV-00785,"Hello, I don't recognize the amount billed for my membership. This is my first time dealing with this issue. Can you check?",subscription_billing
CONV-00786,"Hello, I'm locked out of my account and need access. I haven't changed anything on my account. Can you check?",account_access
CONV-00787,I’m contacting support because How can I prevent the plan from renewing? Thank you.,subscription_cancel
CONV-00788,"I wanted to check whether The item was returned, but I haven't received the refund. I haven't changed anything on my account. Thank you.",refund_status
CONV-00789,Something about my account activity looks suspicious. This is my first time dealing with this issue. Can you check?,account_security
CONV-00790,Please advise: I can't finish the purchase because the payment isn't accepted. I placed the order earlier today. I’d like to resolve this today.,payment_failure
CONV-00791,Could you help me? One product from my order is missing. I’m trying to sort this out before the end of the day. Any guidance would be helpful.,missing_item
CONV-00792,Just checking — It looks like I was billed twice for ORD-101721. I placed the order earlier today. Thanks.,duplicate_charge
CONV-00793,Please advise: Does this product come with the accessories shown? I’m trying to sort this out before the end of the day. I’d like to resolve this today.,product_information
CONV-00794,Could you help me? I’m checking on ORD-100175. Could you tell me its current status? I’m trying to sort this out before the end of the day. Thanks.,delivery_estimate
CONV-00795,I wanted to check whether I want to track the package that was just dispatched. I haven't changed anything on my account. Can you check?,delivery_tracking
CONV-00796,I need some help. Can you help me cancel my recent order? This is my first time dealing with this issue.,order_cancellation
CONV-00797,Could you help me? I’m checking on ORD-100045. Could you tell me its current status? I noticed this while reviewing my recent activity. I'd appreciate your help.,order_status
CONV-00798,Something about my account activity looks suspicious. This is my first time dealing with this issue. Thank you.,account_security
CONV-00799,Could you explain the available options for this product? Can you check?,product_information
CONV-00800,Just checking — Has the refund for ORD-101075 been issued yet? I placed the order earlier today. Thanks.,refund_status
CONV-00801,I wanted to check whether I keep getting rejected when I try to sign in. This is my first time dealing with this issue. Can you check?,account_access
CONV-00802,I wanted to check whether I think I was charged more than once for a single checkout. I haven't changed anything on my account. Please let me know.,duplicate_charge
CONV-00803,I’m contacting support because Something different was packed instead of what I purchased. This is my first time dealing with this issue. Thank you.,wrong_item
CONV-00804,"Quick question: I have tried several times, but the transaction won't go through. I’m trying to sort this out before the end of the day. I'd appreciate your help.",payment_failure
CONV-00805,Quick question: The delivered item doesn't match my order. I noticed this while reviewing my recent activity. Thanks.,wrong_item
CONV-00806,Quick question: Please stop my recurring membership. I placed the order earlier today. I'd appreciate your help.,subscription_cancel
CONV-00807,I’m contacting support because Where can I request a password reset? This is my first time dealing with this issue. Please let me know.,password_reset
CONV-00808,"Hello, Does this product come with the accessories shown? I haven't changed anything on my account. Please let me know.",product_information
CONV-00809,"I expected this shipment already, but it hasn't turned up. This is my first time dealing with this issue.",delivery_delay
CONV-00810,Quick question: I want to track the package that was just dispatched. I placed the order earlier today. I'd appreciate your help.,delivery_tracking
CONV-00811,Just checking — I changed my mind and would like to send the item back. I placed the order earlier today. I’d like to resolve this today.,return_request
CONV-00812,Could you help me? The same purchase appears twice on my card statement. I’m trying to sort this out before the end of the day. Thanks.,duplicate_charge
CONV-00813,"I wanted to check whether The item was returned, but I haven't received the refund. This is my first time dealing with this issue. Can you check?",refund_status
CONV-00814,"Hello, Why are there duplicate transactions for one order? This is my first time dealing with this issue. Please let me know.",duplicate_charge
CONV-00815,Quick question: I noticed a login I don't recognize. I placed the order earlier today. I'd appreciate your help.,account_security
CONV-00816,Please advise: I forgot my password. How can I reset it? I noticed this while reviewing my recent activity. I’d like to resolve this today.,password_reset
CONV-00817,"Hi, Something different was packed instead of what I purchased. I’m trying to sort this out before the end of the day. I’d like to resolve this today.",wrong_item
CONV-00818,Just checking — Can I change the shipping address for ORD-103575? I’m trying to sort this out before the end of the day. I'd appreciate your help.,address_change
CONV-00819,Just checking — Where is ORD-104870 right now? I placed the order earlier today. I'd appreciate your help.,delivery_tracking
CONV-00820,I need some help. The item I received isn't the one I ordered. I haven't changed anything on my account. Please let me know.,wrong_item
CONV-00821,Just checking — I changed my mind and would like to send the item back. I’m trying to sort this out before the end of the day. Thanks.,return_request
CONV-00822,Could you help me? Has the courier scanned ORD-104942 yet? I placed the order earlier today. I'd appreciate your help.,delivery_tracking
CONV-00823,"Hi, Where can I request a password reset? I placed the order earlier today. I’d like to resolve this today.",password_reset
CONV-00824,Could you help me? Could you explain the available options for this product? I placed the order earlier today. I’d like to resolve this today.,product_information
CONV-00825,Could you help me? One product from my order is missing. I’m trying to sort this out before the end of the day. Thanks.,missing_item
CONV-00826,"Hello, I can't finish the purchase because the payment isn't accepted. Thank you.",payment_failure
CONV-00827,I need some help. I changed my mind and would like to send the item back. Please let me know.,refund_status
CONV-00828,"Hi, When should the refund appear in my account? I’m trying to sort this out before the end of the day. I'd appreciate your help.",refund_status
CONV-00829,I need some help. I don't want the subscription to continue after this billing period. I haven't changed anything on my account.,subscription_cancel
CONV-00830,Just checking — Can I change the shipping address for ORD-103545? I’m trying to sort this out before the end of the day. Thanks.,address_change
CONV-00831,Why is the coupon being rejected at checkout? I haven't changed anything on my account. Please let me know.,promo_code
CONV-00832,I no longer want this order. Is cancellation still possible? This is my first time dealing with this issue. Can you check?,order_cancellation
CONV-00833,I need some help. The delivery date for ORD-100351 has passed and I'm still waiting. I haven't changed anything on my account. Can you check?,delivery_delay
CONV-00834,Quick question: I want to track the package that was just dispatched. I noticed this while reviewing my recent activity. I’d like to resolve this today.,delivery_tracking
CONV-00835,"Hello, I received a security alert for an unfamiliar sign-in. I haven't changed anything on my account. Thank you.",account_security
CONV-00836,"Quick question: The box arrived, but mug wasn't inside. I’m trying to sort this out before the end of the day. Any guidance would be helpful.",missing_item
CONV-00837,"Hello, Can you show me the latest tracking update for my shipment? This is my first time dealing with this issue. Can you check?",delivery_tracking
CONV-00838,I’m contacting support because Roughly how long will delivery take?,delivery_estimate
CONV-00839,I’m contacting support because My multi-item order is incomplete.,missing_item
CONV-00840,I’m contacting support because My multi-item order is incomplete. This is my first time dealing with this issue. Can you check?,missing_item
CONV-00841,"Hi, I need the specifications before I decide whether to buy it. I’m trying to sort this out before the end of the day. Any guidance would be helpful.",product_information
CONV-00842,"Could you help me? I expected this shipment already, but it hasn't turned up. I noticed this while reviewing my recent activity. I’d like to resolve this today.",delivery_delay
CONV-00843,"Hi, I see two charges for the same purchase. I’m trying to sort this out before the end of the day. I’d like to resolve this today.",duplicate_charge
CONV-00844,"Hello, What steps do I need to follow to return this product? This is my first time dealing with this issue.",return_request
CONV-00845,Just checking — The delivery date for ORD-100366 has passed and I'm still waiting. I’m trying to sort this out before the end of the day. Any guidance would be helpful.,delivery_delay
CONV-00846,I’m contacting support because I need the specifications before I decide whether to buy it. Can you check?,product_information
CONV-00847,"Hello, The product has a crack that wasn't shown in the listing. I haven't changed anything on my account. Please let me know.",damaged_item
CONV-00848,My subscription payment was higher than I expected. I haven't changed anything on my account. Please let me know.,subscription_billing
CONV-00849,Please advise: Can you show me the latest tracking update for my shipment? I placed the order earlier today. I'd appreciate your help.,delivery_tracking
CONV-00850,I need some help. The discount isn't being applied even though I entered the code. This is my first time dealing with this issue. Can you check?,promo_code
CONV-00851,I need some help. It looks like I was billed twice for ORD-101746.,duplicate_charge
CONV-00852,Please advise: Would you mind checking the latest status of ORD-100019? I’m trying to sort this out before the end of the day. Any guidance would be helpful.,order_status
CONV-00853,"Hi, Checkout keeps rejecting my payment. I’m trying to sort this out before the end of the day. Any guidance would be helpful.",payment_failure
CONV-00854,Could you help me? Please update the destination before the order ships. I placed the order earlier today. I'd appreciate your help.,address_change
CONV-00855,"Quick question: The box arrived, but mug wasn't inside. I placed the order earlier today. Any guidance would be helpful.",wrong_item
CONV-00856,I need some help. I placed ORD-100218 recently. What is happening with it? This is my first time dealing with this issue. Thank you.,order_status
CONV-00857,I’m contacting support because Checkout keeps rejecting my payment. I haven't changed anything on my account.,payment_failure
CONV-00858,"Could you help me? I expected this shipment already, but it hasn't turned up. I’m trying to sort this out before the end of the day. Any guidance would be helpful.",delivery_delay
CONV-00859,I wanted to check whether I have a question about the charge on my recurring plan. This is my first time dealing with this issue. Please let me know.,subscription_billing
CONV-00860,"Hi, I can't sign in to my account. I’m trying to sort this out before the end of the day. I'd appreciate your help.",account_access
CONV-00861,Please advise: I received a security alert for an unfamiliar sign-in. I’m trying to sort this out before the end of the day. I’d like to resolve this today.,account_security
CONV-00862,"Hello, I received a security alert for an unfamiliar sign-in. This is my first time dealing with this issue. Thank you.",account_security
CONV-00863,Could you help me? One product from my order is missing. I noticed this while reviewing my recent activity. Thanks.,missing_item
CONV-00864,I wanted to check whether Can you tell me more about this product's features? Can you check?,product_information
CONV-00865,I wanted to check whether I need to redirect this package to another address. Please let me know.,address_change
CONV-00866,My account suddenly won't let me log in. This is my first time dealing with this issue. Thank you.,account_access
CONV-00867,Just checking — I changed my mind and would like to send the item back. I’m trying to sort this out before the end of the day. I’d like to resolve this today.,order_cancellation
CONV-00868,"Hello, I'm locked out of my account and need access. This is my first time dealing with this issue. Can you check?",account_access
CONV-00869,"Hello, The product has a crack that wasn't shown in the listing. I haven't changed anything on my account. Can you check?",damaged_item
CONV-00870,I need some help. Where is ORD-104785 right now? I haven't changed anything on my account.,delivery_tracking
CONV-00871,Just checking — There is visible damage on the item I received. I noticed this while reviewing my recent activity. I'd appreciate your help.,damaged_item
CONV-00872,I wanted to check whether Can you give me an ETA for this shipment? This is my first time dealing with this issue.,delivery_estimate
CONV-00873,Just checking — I placed ORD-100203 recently. What is happening with it? I placed the order earlier today. Any guidance would be helpful.,order_status
CONV-00874,Could you help me? Why is the coupon being rejected at checkout? I’m trying to sort this out before the end of the day. Thanks.,promo_code
CONV-00875,Please advise: I received a security alert for an unfamiliar sign-in. I placed the order earlier today. Thanks.,account_security
CONV-00876,I wanted to check whether I keep getting rejected when I try to sign in.,account_access
CONV-00877,Please advise: I forgot my password. How can I reset it? I’m trying to sort this out before the end of the day. I’d like to resolve this today.,password_reset
CONV-00878,"I wanted to check whether The item was returned, but I haven't received the refund. This is my first time dealing with this issue. Please let me know.",refund_status
CONV-00879,Could you help me? The same purchase appears twice on my card statement. I placed the order earlier today. I'd appreciate your help.,duplicate_charge
CONV-00880,Could you tell me the current status of my refund? I haven't changed anything on my account. Can you check?,refund_status
CONV-00881,The same purchase appears twice on my card statement. This is my first time dealing with this issue. Can you check?,duplicate_charge
CONV-00882,"I wanted to check whether I have tried several times, but the transaction won't go through. This is my first time dealing with this issue. Thank you.",payment_failure
CONV-00883,Quick question: The delivered item doesn't match my order. I placed the order earlier today. Thanks.,wrong_item
CONV-00884,Quick question: I noticed a login I don't recognize. I noticed this while reviewing my recent activity. Thanks.,account_security
CONV-00885,Quick question: Can you give me an ETA for this shipment? I noticed this while reviewing my recent activity. Thanks.,delivery_estimate
CONV-00886,Please advise: Why are there duplicate transactions for one order? I’m trying to sort this out before the end of the day. I’d like to resolve this today.,duplicate_charge
CONV-00887,I need some help. What exactly is included with this item? This is my first time dealing with this issue. Please let me know.,product_information
CONV-00888,Please update the destination before the order ships. This is my first time dealing with this issue. Thank you.,address_change
CONV-00889,I’m contacting support because Roughly how long will delivery take? I haven't changed anything on my account. Please let me know.,delivery_estimate
CONV-00890,Quick question: I have a question about the charge on my recurring plan. I’m trying to sort this out before the end of the day. Any guidance would be helpful.,subscription_billing
CONV-00891,Can you send me through the password recovery process? This is my first time dealing with this issue. Please let me know.,password_reset
CONV-00892,Could you help me? Has the courier scanned ORD-104932 yet? I’m trying to sort this out before the end of the day. Any guidance would be helpful.,delivery_tracking
CONV-00893,"Hi, I think someone may have accessed my account. I placed the order earlier today. Thanks.",account_security
CONV-00894,One product from my order is missing. This is my first time dealing with this issue. Can you check?,missing_item
CONV-00895,I’m contacting support because Where should I enter my promo code? Thank you.,promo_code
CONV-00896,I wanted to check whether I need to create a new password because I can't remember mine. Can you check?,password_reset
CONV-00897,"My delivery arrived, but the item inside is damaged. This is my first time dealing with this issue. Can you check?",damaged_item
CONV-00898,I wanted to check whether I noticed a login I don't recognize. I haven't changed anything on my account.,account_security
CONV-00899,Just checking — There are changes in my profile that I didn't make. I noticed this while reviewing my recent activity. I’d like to resolve this today.,account_security
CONV-00900,I wanted to check whether I noticed a login I don't recognize. Please let me know.,account_security
CONV-00901,Please help me arrange a return. Please let me know.,return_request
CONV-00902,Something about my account activity looks suspicious. This is my first time dealing with this issue. Can you check?,account_security
CONV-00903,Please advise: My discount code isn't working. I placed the order earlier today. I'd appreciate your help.,promo_code
CONV-00904,"I wanted to check whether The box arrived, but case wasn't inside. I haven't changed anything on my account.",missing_item
CONV-00905,Quick question: I want to track the package that was just dispatched. I placed the order earlier today. I’d like to resolve this today.,delivery_tracking
CONV-00906,I need some help. I changed my mind and would like to send the item back. I haven't changed anything on my account. Thank you.,return_request
CONV-00907,Just checking — Part of ORD-102683 was not included in the delivery. I placed the order earlier today. I'd appreciate your help.,missing_item
CONV-00908,"Hello, Would you mind checking the latest status of ORD-100214? I haven't changed anything on my account. Please let me know.",order_status
CONV-00909,I’m contacting support because I think someone may have accessed my account. This is my first time dealing with this issue. Can you check?,account_security
CONV-00910,"Hi, Where should I enter my promo code? I placed the order earlier today. Thanks.",promo_code
CONV-00911,"Hi, Roughly how long will delivery take? I placed the order earlier today. Thanks.",delivery_estimate
CONV-00912,Could you help me? The same purchase appears twice on my card statement. I noticed this while reviewing my recent activity. I'd appreciate your help.,duplicate_charge
CONV-00913,"Hi, Something different was packed instead of what I purchased. I placed the order earlier today. Any guidance would be helpful.",wrong_item
CONV-00914,"Hello, The product has a crack that wasn't shown in the listing. This is my first time dealing with this issue. Please let me know.",damaged_item
CONV-00915,Just checking — I don't want the subscription to continue after this billing period. I noticed this while reviewing my recent activity. I'd appreciate your help.,subscription_cancel
CONV-00916,Could you help me? I was sent the wrong model. I placed the order earlier today. Any guidance would be helpful.,wrong_item
CONV-00917,Just checking — Can I change the shipping address for ORD-103635? I’m trying to sort this out before the end of the day. I’d like to resolve this today.,address_change
CONV-00918,"Hi, Why was my subscription charged this month? I placed the order earlier today. I’d like to resolve this today.",subscription_billing
CONV-00919,"Hi, Where should I enter my promo code? I’m trying to sort this out before the end of the day. Any guidance would be helpful.",promo_code
CONV-00920,I wanted to check whether Do you have an update on ORD-100196? I want to know where it stands. I haven't changed anything on my account. Can you check?,order_status
CONV-00921,Just checking — What exactly is included with this item? I placed the order earlier today. I'd appreciate your help.,product_information
CONV-00922,Could you help me? The same purchase appears twice on my card statement. I’m trying to sort this out before the end of the day. I'd appreciate your help.,duplicate_charge
CONV-00923,Could you help me? My payment is being declined at checkout. I noticed this while reviewing my recent activity. Any guidance would be helpful.,payment_failure
CONV-00924,Please help me arrange a return. Please let me know.,return_request
CONV-00925,I need some help. What exactly is included with this item? This is my first time dealing with this issue.,product_information
CONV-00926,Please advise: I entered the wrong delivery address. Can it be corrected? I placed the order earlier today. Any guidance would be helpful.,address_change
CONV-00927,Please advise: Could you help me end my recurring plan? I noticed this while reviewing my recent activity. I’d like to resolve this today.,subscription_cancel
CONV-00928,Just checking — Where is ORD-104990 right now? I placed the order earlier today. I'd appreciate your help.,delivery_tracking
CONV-00929,I need some help. I changed my mind and would like to send the item back. This is my first time dealing with this issue. Please let me know.,return_request
CONV-00930,My payment is being declined at checkout. Thank you.,payment_failure
CONV-00931,I need some help. I placed ORD-100068 recently. What is happening with it? This is my first time dealing with this issue. Can you check?,order_status
CONV-00932,I’m contacting support because Why was my subscription charged this month? This is my first time dealing with this issue. Thank you.,subscription_billing
CONV-00933,"Hello, Can you cancel ORD-101815 for me? I haven't changed anything on my account. Thank you.",order_cancellation
CONV-00934,I’m contacting support because Roughly how long will delivery take? Thank you.,delivery_estimate
CONV-00935,Just checking — There is visible damage on the item I received. I noticed this while reviewing my recent activity. Thanks.,damaged_item
CONV-00936,I wanted to check whether Do you have an update on ORD-100096? I want to know where it stands.,order_status
CONV-00937,Just checking — Can you explain the latest recurring charge? I noticed this while reviewing my recent activity. I'd appreciate your help.,subscription_billing
CONV-00938,"Hello, I received a security alert for an unfamiliar sign-in. Thank you.",account_security
CONV-00939,Please advise: Would you mind checking the latest status of ORD-100139? I’m trying to sort this out before the end of the day. Any guidance would be helpful.,order_status
CONV-00940,"Hi, Could you tell me the current location or transit stage of my parcel? I placed the order earlier today. I’d like to resolve this today.",delivery_tracking
CONV-00941,I’m contacting support because My multi-item order is incomplete. This is my first time dealing with this issue. Can you check?,missing_item
CONV-00942,Could you help me? My subscription payment was higher than I expected. I’m trying to sort this out before the end of the day. Thanks.,subscription_billing
CONV-00943,Could you help me? Has the courier scanned ORD-104772 yet? I noticed this while reviewing my recent activity. Any guidance would be helpful.,delivery_tracking
CONV-00944,I need some help. It looks like I was billed twice for ORD-101606. I haven't changed anything on my account. Can you check?,duplicate_charge
CONV-00945,Quick question: I think I was charged more than once for a single checkout. I noticed this while reviewing my recent activity. Any guidance would be helpful.,duplicate_charge
CONV-00946,Quick question: I think I was charged more than once for a single checkout. I noticed this while reviewing my recent activity. I’d like to resolve this today.,duplicate_charge
CONV-00947,I wanted to check whether I think I was charged more than once for a single checkout. This is my first time dealing with this issue. Can you check?,payment_failure
CONV-00948,"Could you help me? My delivery arrived, but the item inside is damaged. I noticed this while reviewing my recent activity. Any guidance would be helpful.",damaged_item
CONV-00949,"I expected this shipment already, but it hasn't turned up. This is my first time dealing with this issue. Can you check?",delivery_delay
CONV-00950,Just checking — The item I received isn't the one I ordered. I placed the order earlier today. Thanks.,wrong_item
CONV-00951,"Hi, Where can I request a password reset? I’m trying to sort this out before the end of the day. Thanks.",password_reset
CONV-00952,Could you explain the available options for this product?,product_information
CONV-00953,I need some help. I’m planning around the delivery. When is it expected? This is my first time dealing with this issue. Can you check?,delivery_estimate
CONV-00954,Please advise: Could you help me end my recurring plan? I’m trying to sort this out before the end of the day. I’d like to resolve this today.,subscription_cancel
CONV-00955,Please advise: When should ORD-100625 arrive? I noticed this while reviewing my recent activity. Any guidance would be helpful.,delivery_estimate
CONV-00956,"Hi, ORD-100450 was due on Wednesday, but it still hasn't arrived. I’m trying to sort this out before the end of the day. Thanks.",delivery_delay
CONV-00957,"Hello, I can't finish the purchase because the payment isn't accepted. I haven't changed anything on my account. Can you check?",payment_failure
CONV-00958,Please advise: My package contains a different product. I placed the order earlier today. I'd appreciate your help.,wrong_item
CONV-00959,I need some help. What exactly is included with this item? Can you check?,product_information
CONV-00960,Quick question: I keep getting rejected when I try to sign in. I’m trying to sort this out before the end of the day. Thanks.,account_access
CONV-00961,Quick question: I think I was charged more than once for a single checkout. I noticed this while reviewing my recent activity. Thanks.,duplicate_charge
CONV-00962,I’m contacting support because When should the refund appear in my account? Please let me know.,refund_status
CONV-00963,I wanted to check whether I need to redirect this package to another address. I haven't changed anything on my account. Can you check?,address_change
CONV-00964,Please advise: Why are there duplicate transactions for one order? I noticed this while reviewing my recent activity. Any guidance would be helpful.,duplicate_charge
CONV-00965,I’m contacting support because How do I change the address attached to my order? This is my first time dealing with this issue. Please let me know.,address_change
CONV-00966,Could you explain the available options for this product? This is my first time dealing with this issue. Thank you.,product_information
CONV-00967,I’m checking on ORD-100150. Could you tell me its current status? Please let me know.,order_status
CONV-00968,Could you help me? My payment is being declined at checkout. I noticed this while reviewing my recent activity. I'd appreciate your help.,payment_failure
CONV-00969,"Hi, I opened the package and found the product broken. I noticed this while reviewing my recent activity. Any guidance would be helpful.",damaged_item
CONV-00970,"I wanted to check whether The box arrived, but case wasn't inside. This is my first time dealing with this issue.",missing_item
CONV-00971,Could you help me? I no longer want this order. Is cancellation still possible? I placed the order earlier today. I'd appreciate your help.,order_cancellation
CONV-00972,I need some help. I placed ORD-100088 recently. What is happening with it? I haven't changed anything on my account.,order_status
CONV-00973,"Hello, My parcel is 4 days late. Can you investigate? This is my first time dealing with this issue. Please let me know.",delivery_delay
CONV-00974,My payment is being declined at checkout. This is my first time dealing with this issue. Thank you.,payment_failure
CONV-00975,I’m contacting support because I can't sign in to my account. This is my first time dealing with this issue. Can you check?,account_access
CONV-00976,Quick question: I noticed a login I don't recognize. I’m trying to sort this out before the end of the day. Thanks.,account_security
CONV-00977,Quick question: I need to create a new password because I can't remember mine. I placed the order earlier today. Thanks.,password_reset
CONV-00978,"Hi, I'd like to withdraw this purchase if it hasn't shipped. I noticed this while reviewing my recent activity. Thanks.",order_cancellation
CONV-00979,Please advise: Could you help me end my recurring plan? I’m trying to sort this out before the end of the day. I'd appreciate your help.,subscription_cancel
CONV-00980,"Hello, I entered the wrong delivery address. Can it be corrected? Can you check?",address_change
CONV-00981,I’m contacting support because Could you explain the return process for this purchase? Please let me know.,return_request
CONV-00982,Please advise: Would you mind checking the latest status of ORD-100239? I placed the order earlier today. Thanks.,order_status
CONV-00983,"Hi, I need the specifications before I decide whether to buy it. I’m trying to sort this out before the end of the day. Any guidance would be helpful.",product_information
CONV-00984,I wanted to check whether I need to create a new password because I can't remember mine. I haven't changed anything on my account. Thank you.,password_reset
CONV-00985,I’m contacting support because Where can I request a password reset? I haven't changed anything on my account.,password_reset
CONV-00986,Could you help me? I no longer want this order. Is cancellation still possible? I noticed this while reviewing my recent activity. I'd appreciate your help.,order_cancellation
CONV-00987,I’m contacting support because I can't sign in to my account. This is my first time dealing with this issue. Please let me know.,account_access
CONV-00988,I’m contacting support because Can you see what stage ORD-100192 is at right now?,order_status
CONV-00989,I’m contacting support because Could you tell me the current location or transit stage of my parcel? This is my first time dealing with this issue.,delivery_tracking
CONV-00990,I’m contacting support because Could you tell me the current location or transit stage of my parcel? This is my first time dealing with this issue. Thank you.,delivery_tracking
CONV-00991,Could you help me? Please help me arrange a return. I placed the order earlier today. Thanks.,return_request
CONV-00992,Just checking — Why does the payment fail whenever I try to complete the order? I’m trying to sort this out before the end of the day. I'd appreciate your help.,payment_failure
CONV-00993,Just checking — Can you explain the latest recurring charge? I placed the order earlier today. Thanks.,subscription_billing
CONV-00994,I was sent the wrong model.,wrong_item
CONV-00995,Just checking — The discount isn't being applied even though I entered the code. I’m trying to sort this out before the end of the day. I'd appreciate your help.,promo_code
CONV-00996,"Hi, I need the specifications before I decide whether to buy it. I’m trying to sort this out before the end of the day. I’d like to resolve this today.",product_information
CONV-00997,I wanted to check whether The delivered item doesn't match my order. Please let me know.,wrong_item
CONV-00998,I need some help. I can't recall my password and need to change it. I haven't changed anything on my account. Thank you.,password_reset
CONV-00999,I’m contacting support because My multi-item order is incomplete. Please let me know.,missing_item
CONV-01000,Could you help me? I no longer want this order. Is cancellation still possible? I’m trying to sort this out before the end of the day. I’d like to resolve this today.,order_cancellation
CONV-01001,Please advise: I don't recognize the amount billed for my membership. I’m trying to sort this out before the end of the day. Any guidance would be helpful.,subscription_billing
CONV-01002,I’m contacting support because I need the specifications before I decide whether to buy it. This is my first time dealing with this issue. Please let me know.,product_information
CONV-01003,Quick question: I want to return ORD-100800. How do I start? I placed the order earlier today. Thanks.,return_request
CONV-01004,Please advise: I entered the wrong delivery address. Can it be corrected? I’m trying to sort this out before the end of the day. I'd appreciate your help.,address_change
CONV-01005,Could you help me? My subscription payment was higher than I expected. I noticed this while reviewing my recent activity. I’d like to resolve this today.,subscription_billing
CONV-01006,Could you help me? My account suddenly won't let me log in. I noticed this while reviewing my recent activity. Thanks.,account_access
CONV-01007,I wanted to check whether I want to track the package that was just dispatched.,delivery_tracking
CONV-01008,"Hi, Where should I enter my promo code? I placed the order earlier today. I'd appreciate your help.",promo_code
CONV-01009,Just checking — The login page won't let me access my account. I noticed this while reviewing my recent activity. Thanks.,account_access
CONV-01010,"Hi, I can't sign in to my account. I placed the order earlier today. I’d like to resolve this today.",account_access
CONV-01011,I’m contacting support because How can I prevent the plan from renewing? Please let me know.,subscription_cancel
CONV-01012,Could you help me? The same purchase appears twice on my card statement. I noticed this while reviewing my recent activity. I'd appreciate your help.,duplicate_charge
CONV-01013,Just checking — I don't want the subscription to continue after this billing period. I noticed this while reviewing my recent activity. Thanks.,subscription_cancel
CONV-01014,"Hi, How can I prevent the plan from renewing? I’m trying to sort this out before the end of the day. I'd appreciate your help.",subscription_cancel
CONV-01015,"My delivery arrived, but the item inside is damaged. I haven't changed anything on my account.",damaged_item
CONV-01016,"Hi, Something different was packed instead of what I purchased. I noticed this while reviewing my recent activity. Thanks.",wrong_item
CONV-01017,Please advise: Would you mind checking the latest status of ORD-100099? I noticed this while reviewing my recent activity. Any guidance would be helpful.,order_status
CONV-01018,"Hello, Can you show me the latest tracking update for my shipment? This is my first time dealing with this issue.",delivery_tracking
CONV-01019,I need some help. There are changes in my profile that I didn't make.,account_security
CONV-01020,"Hi, Why was my subscription charged this month? I’m trying to sort this out before the end of the day. I'd appreciate your help.",subscription_billing
CONV-01021,Could you help me? Could you explain the available options for this product? I placed the order earlier today. I'd appreciate your help.,product_information
CONV-01022,Please advise: Can you show me the latest tracking update for my shipment? I noticed this while reviewing my recent activity. Any guidance would be helpful.,delivery_tracking
CONV-01023,Quick question: Do you have an update on ORD-100191? I want to know where it stands. I placed the order earlier today. Thanks.,order_status
CONV-01024,I’m contacting support because I need the specifications before I decide whether to buy it. I haven't changed anything on my account. Thank you.,product_information
CONV-01025,Just checking — Can you help me cancel my recent order? I noticed this while reviewing my recent activity. Any guidance would be helpful.,order_cancellation
CONV-01026,"Hello, Why are there duplicate transactions for one order? This is my first time dealing with this issue. Thank you.",duplicate_charge
CONV-01027,Quick question: I keep getting rejected when I try to sign in. I’m trying to sort this out before the end of the day. I’d like to resolve this today.,account_access
CONV-01028,Just checking — The discount isn't being applied even though I entered the code. I noticed this while reviewing my recent activity. I’d like to resolve this today.,promo_code
CONV-01029,I need some help. Where is ORD-104915 right now? This is my first time dealing with this issue. Thank you.,delivery_tracking
CONV-01030,The same purchase appears twice on my card statement. This is my first time dealing with this issue. Can you check?,duplicate_charge
CONV-01031,I need some help. Can you help me cancel my recent order? I haven't changed anything on my account. Please let me know.,order_status
CONV-01032,Just checking — Where is ORD-104900 right now? I placed the order earlier today. Any guidance would be helpful.,delivery_tracking
CONV-01033,"Hello, I received the package, but one of the products is absent. I haven't changed anything on my account.",missing_item
CONV-01034,Please advise: I received a security alert for an unfamiliar sign-in. I noticed this while reviewing my recent activity. Thanks.,account_security
CONV-01035,I want to cancel my subscription. Thank you.,subscription_cancel
CONV-01036,Could you help me? I want to cancel my subscription. I placed the order earlier today. I'd appreciate your help.,subscription_cancel
CONV-01037,I wanted to check whether Do you have an update on ORD-100166? I want to know where it stands. I haven't changed anything on my account. Please let me know.,order_status
CONV-01038,I no longer want this order. Is cancellation still possible? Thank you.,order_cancellation
CONV-01039,"Hello, I can't finish the purchase because the payment isn't accepted. This is my first time dealing with this issue.",payment_failure
CONV-01040,I’m contacting support because When should the refund appear in my account? This is my first time dealing with this issue. Can you check?,refund_status
CONV-01041,"Hi, I'd like to withdraw this purchase if it hasn't shipped. I’m trying to sort this out before the end of the day. Thanks.",order_cancellation
CONV-01042,"Hi, Something different was packed instead of what I purchased. I placed the order earlier today. I'd appreciate your help.",wrong_item
CONV-01043,I wanted to check whether The delivered item doesn't match my order. I haven't changed anything on my account. Please let me know.,wrong_item
CONV-01044,Quick question: Please stop ORD-101822 before it is dispatched. I placed the order earlier today. I’d like to resolve this today.,order_cancellation
CONV-01045,I need some help. Has the refund for ORD-101220 been issued yet?,refund_status
CONV-01046,I need some help. It looks like I was billed twice for ORD-101666. I haven't changed anything on my account.,duplicate_charge
CONV-01047,"Hi, I can't sign in to my account. I’m trying to sort this out before the end of the day. Thanks.",account_access
CONV-01048,I’m contacting support because Can you see what stage ORD-100152 is at right now? This is my first time dealing with this issue.,order_status
CONV-01049,"Hello, I received the package, but one of the products is absent.",missing_item
CONV-01050,"Hello, Does this product come with the accessories shown? This is my first time dealing with this issue. Thank you.",product_information
CONV-01051,"Hi, I'd like to withdraw this purchase if it hasn't shipped. I placed the order earlier today. I'd appreciate your help.",order_cancellation
CONV-01052,"Hello, I can't finish the purchase because the payment isn't accepted. I haven't changed anything on my account. Please let me know.",payment_failure
CONV-01053,"Hello, I'm locked out of my account and need access. I haven't changed anything on my account. Please let me know.",account_access
CONV-01054,I’m contacting support because My multi-item order is incomplete. This is my first time dealing with this issue. Thank you.,missing_item
CONV-01055,My account suddenly won't let me log in. This is my first time dealing with this issue. Please let me know.,account_access
CONV-01056,"Hi, I can't sign in to my account. I noticed this while reviewing my recent activity. Any guidance would be helpful.",account_access
CONV-01057,Could you help me? Has the courier scanned ORD-104822 yet? I placed the order earlier today. I'd appreciate your help.,delivery_tracking
CONV-01058,Quick question: I need to create a new password because I can't remember mine. I placed the order earlier today. I'd appreciate your help.,password_reset
CONV-01059,I need some help. It looks like I was billed twice for ORD-101566. Can you check?,duplicate_charge
CONV-01060,Quick question: Do you have an update on ORD-100031? I want to know where it stands. I’m trying to sort this out before the end of the day. Thanks.,order_status
CONV-01061,I need some help. I changed my mind and would like to send the item back. I haven't changed anything on my account.,return_request
CONV-01062,Just checking — Has the refund for ORD-101215 been issued yet? I’m trying to sort this out before the end of the day. Any guidance would be helpful.,refund_status
CONV-01063,I wanted to check whether Please stop ORD-101937 before it is dispatched. Can you check?,order_cancellation
CONV-01064,"Hi, When should the refund appear in my account? I placed the order earlier today. I'd appreciate your help.",refund_status
CONV-01065,I wanted to check whether The promised delivery window is over for ORD-100309. I haven't changed anything on my account. Thank you.,delivery_delay
CONV-01066,"Hello, Can you show me the latest tracking update for my shipment? Can you check?",delivery_tracking
CONV-01067,"Hello, The product has a crack that wasn't shown in the listing. I haven't changed anything on my account.",damaged_item
CONV-01068,"Hi, Where can I request a password reset? I placed the order earlier today. I'd appreciate your help.",password_reset
CONV-01069,"I’m contacting support because ORD-100495 was due on Saturday, but it still hasn't arrived. I haven't changed anything on my account. Can you check?",delivery_delay
CONV-01070,Could you help me? I’m checking on ORD-100205. Could you tell me its current status? I’m trying to sort this out before the end of the day. I'd appreciate your help.,order_status
CONV-01071,Just checking — Part of ORD-102673 was not included in the delivery. I’m trying to sort this out before the end of the day. Any guidance would be helpful.,missing_item
CONV-01072,I need some help. There are changes in my profile that I didn't make. I haven't changed anything on my account. Please let me know.,account_security
CONV-01073,Could you help me? I want to cancel my subscription. I placed the order earlier today. I’d like to resolve this today.,subscription_cancel
CONV-01074,"I’m contacting support because ORD-100305 was due on Tuesday, but it still hasn't arrived. Please let me know.",delivery_delay
CONV-01075,I need some help. I don't want the subscription to continue after this billing period. I haven't changed anything on my account. Can you check?,subscription_cancel
CONV-01076,"Hi, I opened the package and found the product broken. I’m trying to sort this out before the end of the day. I’d like to resolve this today.",damaged_item
CONV-01077,Please advise: I'm still waiting for the money from my return. Can you check? I noticed this while reviewing my recent activity. I’d like to resolve this today.,refund_status
CONV-01078,"Hello, What steps do I need to follow to return this product? Thank you.",return_request
CONV-01079,"Hi, How can I prevent the plan from renewing? I placed the order earlier today. Any guidance would be helpful.",subscription_cancel
CONV-01080,"Hello, My package contains a different product. I haven't changed anything on my account.",wrong_item
CONV-01081,Quick question: Do you have an update on ORD-100211? I want to know where it stands. I’m trying to sort this out before the end of the day. Any guidance would be helpful.,order_status
CONV-01082,I’m contacting support because How can I prevent the plan from renewing? I haven't changed anything on my account.,subscription_cancel
CONV-01083,Just checking — I’m planning around the delivery. When is it expected? I noticed this while reviewing my recent activity. I’d like to resolve this today.,delivery_estimate
CONV-01084,Please advise: When should ORD-100565 arrive? I noticed this while reviewing my recent activity. Thanks.,delivery_estimate
CONV-01085,Quick question: I noticed a login I don't recognize. I noticed this while reviewing my recent activity. Any guidance would be helpful.,account_security
CONV-01086,Just checking — The discount isn't being applied even though I entered the code. I noticed this while reviewing my recent activity. Thanks.,promo_code
CONV-01087,"Hello, When should ORD-100680 arrive? I haven't changed anything on my account. Thank you.",delivery_estimate
CONV-01088,I’m checking on ORD-100180. Could you tell me its current status? Can you check?,order_status
CONV-01089,I need some help. The discount isn't being applied even though I entered the code. Can you check?,promo_code
CONV-01090,I need some help. The item I received isn't the one I ordered. This is my first time dealing with this issue. Can you check?,wrong_item
CONV-01091,Please advise: My package contains a different product. I noticed this while reviewing my recent activity. I’d like to resolve this today.,wrong_item
CONV-01092,I’m contacting support because Where should I enter my promo code? Please let me know.,promo_code
CONV-01093,"Could you help me? I expected this shipment already, but it hasn't turned up. I noticed this while reviewing my recent activity. Any guidance would be helpful.",delivery_delay
CONV-01094,Quick question: I need to redirect this package to another address. I’m trying to sort this out before the end of the day. I’d like to resolve this today.,address_change
CONV-01095,Could you help me? Has the courier scanned ORD-104762 yet? I placed the order earlier today. I’d like to resolve this today.,delivery_tracking
CONV-01096,Please advise: My parcel is 3 days late. Can you investigate? I’m trying to sort this out before the end of the day. I'd appreciate your help.,delivery_delay
CONV-01097,I wanted to check whether The promised delivery window is over for ORD-100289. This is my first time dealing with this issue. Please let me know.,delivery_delay
CONV-01098,Could you help me? Could you tell me the current status of my refund? I placed the order earlier today. Thanks.,refund_status
CONV-01099,Please advise: When should ORD-100535 arrive? I noticed this while reviewing my recent activity. I’d like to resolve this today.,delivery_estimate
CONV-01100,Please advise: I entered the wrong delivery address. Can it be corrected? I noticed this while reviewing my recent activity. I'd appreciate your help.,address_change
CONV-01101,I need some help. I placed ORD-100188 recently. What is happening with it? This is my first time dealing with this issue. Can you check?,order_status
CONV-01102,"My delivery arrived, but the item inside is damaged. I haven't changed anything on my account. Please let me know.",damaged_item
CONV-01103,I want to cancel my subscription. Please let me know.,subscription_cancel
CONV-01104,Quick question: Please stop ORD-101862 before it is dispatched. I noticed this while reviewing my recent activity. I’d like to resolve this today.,order_cancellation
CONV-01105,"Hi, ORD-100270 was due on Wednesday, but it still hasn't arrived. I’m trying to sort this out before the end of the day. Any guidance would be helpful.",delivery_delay
CONV-01106,The same purchase appears twice on my card statement. Please let me know.,duplicate_charge
CONV-01107,"Hi, Why was my subscription charged this month? I placed the order earlier today. Any guidance would be helpful.",subscription_billing
CONV-01108,Just checking — There is visible damage on the item I received. I placed the order earlier today. I'd appreciate your help.,damaged_item
CONV-01109,I wanted to check whether Please stop my recurring membership. I haven't changed anything on my account. Please let me know.,subscription_cancel
CONV-01110,Quick question: Do you have an update on ORD-100111? I want to know where it stands. I noticed this while reviewing my recent activity. Thanks.,order_status
CONV-01111,"Hi, Something different was packed instead of what I purchased. I placed the order earlier today. I'd appreciate your help.",wrong_item
CONV-01112,I’m checking on ORD-100220. Could you tell me its current status? I haven't changed anything on my account. Can you check?,order_status
CONV-01113,Quick question: Can you give me an ETA for this shipment? I placed the order earlier today. I'd appreciate your help.,delivery_estimate
CONV-01114,Please advise: I'm still waiting for the money from my return. Can you check? I noticed this while reviewing my recent activity. I’d like to resolve this today.,refund_status
CONV-01115,I’m contacting support because I think someone may have accessed my account. I haven't changed anything on my account. Please let me know.,account_security
CONV-01116,Could you help me? I was sent the wrong model. I’m trying to sort this out before the end of the day. Any guidance would be helpful.,wrong_item
CONV-01117,Quick question: I want to return ORD-100790. How do I start? I’m trying to sort this out before the end of the day. I'd appreciate your help.,return_request
CONV-01118,"Hello, My discount code isn't working. This is my first time dealing with this issue.",promo_code
CONV-01119,I need some help. The delivery date for ORD-100461 has passed and I'm still waiting. Thank you.,delivery_tracking
CONV-01120,Quick question: The promotional code says it is invalid. I noticed this while reviewing my recent activity. Thanks.,promo_code
CONV-01121,Could you help me? What is the estimated delivery date for my package? I’m trying to sort this out before the end of the day. I’d like to resolve this today.,delivery_estimate
CONV-01122,Just checking — I can't recall my password and need to change it. I noticed this while reviewing my recent activity. I'd appreciate your help.,password_reset
CONV-01123,Please advise: I can't finish the purchase because the payment isn't accepted. I noticed this while reviewing my recent activity. I'd appreciate your help.,payment_failure
CONV-01124,I need some help. I placed ORD-100198 recently. What is happening with it? Please let me know.,order_status
CONV-01125,"Please advise: I received the package, but one of the products is absent. I’m trying to sort this out before the end of the day. Thanks.",missing_item
CONV-01126,Please advise: My parcel is 3 days late. Can you investigate? I’m trying to sort this out before the end of the day. Thanks.,delivery_delay
CONV-01127,"Hello, Could you help me end my recurring plan? This is my first time dealing with this issue. Thank you.",subscription_cancel
CONV-01128,Quick question: I have a question about the charge on my recurring plan. I placed the order earlier today. I'd appreciate your help.,subscription_billing
CONV-01129,I wanted to check whether I want to track the package that was just dispatched. Thank you.,delivery_tracking
CONV-01130,Quick question: The item arrived damaged. What should I do? I noticed this while reviewing my recent activity. Thanks.,damaged_item
CONV-01131,"Hi, I can't sign in to my account. I’m trying to sort this out before the end of the day. Any guidance would be helpful.",account_access
CONV-01132,Quick question: The promotional code says it is invalid. I noticed this while reviewing my recent activity. Any guidance would be helpful.,promo_code
CONV-01133,"Hello, When should ORD-100650 arrive? I haven't changed anything on my account. Can you check?",delivery_estimate
CONV-01134,I’m contacting support because Roughly how long will delivery take? This is my first time dealing with this issue. Please let me know.,delivery_estimate
CONV-01135,Could you help me? My payment is being declined at checkout. I noticed this while reviewing my recent activity. I’d like to resolve this today.,payment_failure
CONV-01136,Just checking — The discount isn't being applied even though I entered the code. I noticed this while reviewing my recent activity. Any guidance would be helpful.,promo_code
CONV-01137,Please advise: I forgot my password. How can I reset it? I placed the order earlier today. I'd appreciate your help.,password_reset
CONV-01138,I need some help. The item I received isn't the one I ordered. I haven't changed anything on my account.,wrong_item
CONV-01139,I need some help. Can you help me cancel my recent order? Can you check?,order_cancellation
CONV-01140,Quick question: The promised delivery window is over for ORD-100314. I noticed this while reviewing my recent activity. Thanks.,delivery_delay
CONV-01141,I wanted to check whether Please stop my recurring membership. This is my first time dealing with this issue. Can you check?,subscription_cancel
CONV-01142,I’m contacting support because Could you tell me the current location or transit stage of my parcel? This is my first time dealing with this issue. Can you check?,delivery_tracking
CONV-01143,Just checking — I placed ORD-100113 recently. What is happening with it? I placed the order earlier today. I’d like to resolve this today.,order_status
CONV-01144,Quick question: I want to return ORD-100960. How do I start? I noticed this while reviewing my recent activity. Thanks.,return_request
CONV-01145,"Hi, I can't sign in to my account. I placed the order earlier today. I'd appreciate your help.",account_access
CONV-01146,I wanted to check whether I noticed a login I don't recognize. I haven't changed anything on my account. Please let me know.,account_security
CONV-01147,Could you help me? The same purchase appears twice on my card statement. I noticed this while reviewing my recent activity. I'd appreciate your help.,duplicate_charge
CONV-01148,Just checking — There are changes in my profile that I didn't make. I placed the order earlier today. Any guidance would be helpful.,account_security
CONV-01149,I’m contacting support because Could you tell me the current location or transit stage of my parcel? This is my first time dealing with this issue. Please let me know.,delivery_tracking
CONV-01150,"Hi, I'd like to withdraw this purchase if it hasn't shipped. I’m trying to sort this out before the end of the day. I'd appreciate your help.",order_cancellation
CONV-01151,I need some help. I can't recall my password and need to change it. This is my first time dealing with this issue. Please let me know.,password_reset
CONV-01152,Quick question: I need to create a new password because I can't remember mine. I’m trying to sort this out before the end of the day. Any guidance would be helpful.,password_reset
CONV-01153,Could you help me? Something about my account activity looks suspicious. I’m trying to sort this out before the end of the day. Thanks.,account_security
CONV-01154,"Hello, Does this product come with the accessories shown? I haven't changed anything on my account. Thank you.",product_information
CONV-01155,I wanted to check whether Please stop ORD-101897 before it is dispatched. This is my first time dealing with this issue. Can you check?,order_cancellation
CONV-01156,"Hi, I'd like to withdraw this purchase if it hasn't shipped. I placed the order earlier today. I’d like to resolve this today.",order_cancellation
CONV-01157,Could you help me? My payment is being declined at checkout. I noticed this while reviewing my recent activity. Thanks.,payment_failure
CONV-01158,I need some help. Can you explain the latest recurring charge? I haven't changed anything on my account.,subscription_billing
CONV-01159,Could you help me? Has the courier scanned ORD-104962 yet? I’m trying to sort this out before the end of the day. I’d like to resolve this today.,delivery_tracking
CONV-01160,I wanted to check whether I want to track the package that was just dispatched. Thank you.,delivery_tracking
CONV-01161,I wanted to check whether I have a question about the charge on my recurring plan. Please let me know.,subscription_billing
CONV-01162,Just checking — I can't recall my password and need to change it. I noticed this while reviewing my recent activity. Any guidance would be helpful.,password_reset
CONV-01163,I’m contacting support because I'd like to withdraw this purchase if it hasn't shipped. This is my first time dealing with this issue.,order_cancellation
CONV-01164,Please advise: My package contains a different product. I placed the order earlier today. Thanks.,wrong_item
CONV-01165,Could you help me? I want to cancel my subscription. I placed the order earlier today. I’d like to resolve this today.,subscription_cancel
CONV-01166,"Hi, Where should I enter my promo code? I placed the order earlier today. I’d like to resolve this today.",promo_code
CONV-01167,I need some help. There is visible damage on the item I received. This is my first time dealing with this issue. Please let me know.,damaged_item
CONV-01168,I need some help. It looks like I was billed twice for ORD-101626.,duplicate_charge
CONV-01169,Please help me arrange a return. Can you check?,return_request
CONV-01170,Quick question: Please stop my recurring membership. I noticed this while reviewing my recent activity. I'd appreciate your help.,subscription_cancel
CONV-01171,Just checking — Can you help me cancel my recent order? I placed the order earlier today. Any guidance would be helpful.,order_cancellation
CONV-01172,I’m contacting support because I can't sign in to my account. This is my first time dealing with this issue.,account_access
CONV-01173,I’m contacting support because Could you explain the return process for this purchase? I haven't changed anything on my account. Please let me know.,refund_status
CONV-01174,I’m contacting support because I think someone may have accessed my account. This is my first time dealing with this issue.,account_security
CONV-01175,I need some help. I don't want the subscription to continue after this billing period. This is my first time dealing with this issue. Can you check?,subscription_cancel
CONV-01176,Just checking — I placed ORD-100073 recently. What is happening with it? I’m trying to sort this out before the end of the day. I’d like to resolve this today.,order_status
CONV-01177,Quick question: Please stop ORD-101752 before it is dispatched. I’m trying to sort this out before the end of the day. Any guidance would be helpful.,order_cancellation
CONV-01178,"I wanted to check whether I have tried several times, but the transaction won't go through. I haven't changed anything on my account. Please let me know.",payment_failure
CONV-01179,Just checking — Can you explain the latest recurring charge? I’m trying to sort this out before the end of the day. I'd appreciate your help.,subscription_billing
CONV-01180,Please advise: Does this product come with the accessories shown? I’m trying to sort this out before the end of the day. Thanks.,product_information
CONV-01181,I need some help. The discount isn't being applied even though I entered the code. Please let me know.,promo_code
CONV-01182,Quick question: Can you tell me more about this product's features? I noticed this while reviewing my recent activity. I’d like to resolve this today.,product_information
CONV-01183,"Hello, Could you help me end my recurring plan? This is my first time dealing with this issue. Can you check?",subscription_cancel
CONV-01184,"My delivery arrived, but the item inside is damaged. This is my first time dealing with this issue. Can you check?",damaged_item
CONV-01185,Quick question: I need to create a new password because I can't remember mine. I placed the order earlier today. Any guidance would be helpful.,password_reset
CONV-01186,I need some help. The item I received isn't the one I ordered. Thank you.,wrong_item
CONV-01187,Quick question: The promised delivery window is over for ORD-100494. I noticed this while reviewing my recent activity. Any guidance would be helpful.,delivery_delay
CONV-01188,"Hello, I forgot my password. How can I reset it? I haven't changed anything on my account. Please let me know.",password_reset
CONV-01189,Why is the coupon being rejected at checkout? Please let me know.,promo_code
CONV-01190,I wanted to check whether The promotional code says it is invalid. I haven't changed anything on my account. Thank you.,promo_code
CONV-01191,I’m contacting support because When should the refund appear in my account? I haven't changed anything on my account.,refund_status
CONV-01192,I’m contacting support because How do I change the address attached to my order? I haven't changed anything on my account. Can you check?,address_change
CONV-01193,I’m contacting support because I see two charges for the same purchase. This is my first time dealing with this issue.,duplicate_charge
CONV-01194,Could you help me? Has the courier scanned ORD-104812 yet? I’m trying to sort this out before the end of the day. Any guidance would be helpful.,delivery_tracking
CONV-01195,Could you help me? I was sent the wrong model. I placed the order earlier today. Thanks.,wrong_item
CONV-01196,"Hello, I received a security alert for an unfamiliar sign-in. This is my first time dealing with this issue. Can you check?",account_security
CONV-01197,I’m contacting support because Roughly how long will delivery take? This is my first time dealing with this issue. Can you check?,delivery_estimate
CONV-01198,Please advise: Why are there duplicate transactions for one order? I placed the order earlier today. Thanks.,duplicate_charge
CONV-01199,Quick question: I need to redirect this package to another address. I’m trying to sort this out before the end of the day. Thanks.,address_change
CONV-01200,I wanted to check whether Please stop ORD-101957 before it is dispatched. This is my first time dealing with this issue.,order_cancellation
CONV-01201,Please advise: I'm still waiting for the money from my return. Can you check? I’m trying to sort this out before the end of the day. I’d like to resolve this today.,refund_status
CONV-01202,Please advise: The product has a crack that wasn't shown in the listing. I placed the order earlier today. I’d like to resolve this today.,damaged_item
CONV-01203,Quick question: I noticed a login I don't recognize. I noticed this while reviewing my recent activity. Any guidance would be helpful.,account_security
CONV-01204,Please help me arrange a return. This is my first time dealing with this issue. Can you check?,return_request
CONV-01205,I need some help. Part of ORD-102718 was not included in the delivery. I haven't changed anything on my account.,missing_item
CONV-01206,Could you tell me the current status of my refund? This is my first time dealing with this issue. Please let me know.,refund_status
CONV-01207,"I wanted to check whether I have tried several times, but the transaction won't go through. I haven't changed anything on my account. Thank you.",payment_failure
CONV-01208,Just checking — The delivery date for ORD-100356 has passed and I'm still waiting. I noticed this while reviewing my recent activity. I’d like to resolve this today.,delivery_delay
CONV-01209,Could you tell me the current status of my refund? This is my first time dealing with this issue. Please let me know.,refund_status
CONV-01210,I’m contacting support because I can't sign in to my account. I haven't changed anything on my account. Can you check?,account_access
CONV-01211,Just checking — There are changes in my profile that I didn't make. I’m trying to sort this out before the end of the day. I'd appreciate your help.,account_security
CONV-01212,Just checking — Why does the payment fail whenever I try to complete the order? I noticed this while reviewing my recent activity. Thanks.,payment_failure
CONV-01213,Quick question: I need to redirect this package to another address. I placed the order earlier today. I’d like to resolve this today.,address_change
CONV-01214,Just checking — Where is ORD-104940 right now? I noticed this while reviewing my recent activity. Any guidance would be helpful.,delivery_tracking
CONV-01215,Please advise: Does this product come with the accessories shown? I noticed this while reviewing my recent activity. Any guidance would be helpful.,product_information
CONV-01216,"Hi, How do I change the address attached to my order? I placed the order earlier today. I'd appreciate your help.",address_change
CONV-01217,I need some help. Why does the payment fail whenever I try to complete the order? I haven't changed anything on my account. Please let me know.,payment_failure
CONV-01218,I wanted to check whether I noticed a login I don't recognize. Please let me know.,account_security
CONV-01219,Please advise: My parcel is 5 days late. Can you investigate? I noticed this while reviewing my recent activity. I’d like to resolve this today.,delivery_delay
CONV-01220,I’m contacting support because How do I change the address attached to my order? Can you check?,address_change
CONV-01221,I wanted to check whether I need to redirect this package to another address. Please let me know.,address_change
CONV-01222,I need some help. Part of ORD-102728 was not included in the delivery. This is my first time dealing with this issue. Thank you.,missing_item
CONV-01223,Could you help me? Please update the destination before the order ships. I noticed this while reviewing my recent activity. I’d like to resolve this today.,address_change
CONV-01224,I’m contacting support because I see two charges for the same purchase. I haven't changed anything on my account. Can you check?,duplicate_charge
CONV-01225,"Hello, I'm still waiting for the money from my return. Can you check? I haven't changed anything on my account.",refund_status
CONV-01226,I need some help. Can you help me cancel my recent order? This is my first time dealing with this issue. Can you check?,order_cancellation
CONV-01227,I’m contacting support because How do I change the address attached to my order? I haven't changed anything on my account.,address_change
CONV-01228,"Hi, Where can I request a password reset? I noticed this while reviewing my recent activity. I'd appreciate your help.",password_reset
CONV-01229,I wanted to check whether I noticed a login I don't recognize. This is my first time dealing with this issue. Thank you.,account_security
CONV-01230,"Hi, I see two charges for the same purchase. I noticed this while reviewing my recent activity. Thanks.",duplicate_charge
CONV-01231,"I’m contacting support because ORD-100445 was due on Thursday, but it still hasn't arrived. This is my first time dealing with this issue. Thank you.",delivery_delay
CONV-01232,Quick question: The item arrived damaged. What should I do? I noticed this while reviewing my recent activity. I'd appreciate your help.,damaged_item
CONV-01233,Please advise: My parcel is 5 days late. Can you investigate? I noticed this while reviewing my recent activity. I’d like to resolve this today.,delivery_delay
CONV-01234,Just checking — It looks like I was billed twice for ORD-101551. I noticed this while reviewing my recent activity. I'd appreciate your help.,duplicate_charge
CONV-01235,Just checking — The discount isn't being applied even though I entered the code. I placed the order earlier today. Thanks.,promo_code
CONV-01236,Quick question: I keep getting rejected when I try to sign in. I’m trying to sort this out before the end of the day. I’d like to resolve this today.,account_access
CONV-01237,"Hello, Would you mind checking the latest status of ORD-100014? This is my first time dealing with this issue. Please let me know.",order_status
CONV-01238,I wanted to check whether I need to redirect this package to another address. Thank you.,address_change
CONV-01239,I wanted to check whether I want to return ORD-100945. How do I start?,return_request
CONV-01240,"Hi, Can you see what stage ORD-100247 is at right now? I’m trying to sort this out before the end of the day. Thanks.",order_status
CONV-01241,Just checking — What exactly is included with this item? I placed the order earlier today. Any guidance would be helpful.,product_information
CONV-01242,"Hi, ORD-100360 was due on Wednesday, but it still hasn't arrived. I’m trying to sort this out before the end of the day. I'd appreciate your help.",delivery_delay
CONV-01243,I’m contacting support because I need the specifications before I decide whether to buy it. Thank you.,product_information
CONV-01244,I wanted to check whether I think I was charged more than once for a single checkout. Can you check?,duplicate_charge
CONV-01245,I wanted to check whether The delivered item doesn't match my order. This is my first time dealing with this issue. Can you check?,wrong_item
CONV-01246,Just checking — Can you explain the latest recurring charge? I placed the order earlier today. I'd appreciate your help.,subscription_billing
CONV-01247,I’m contacting support because Where can I request a password reset? Can you check?,password_reset
CONV-01248,Quick question: The delivered item doesn't match my order. I noticed this while reviewing my recent activity. Any guidance would be helpful.,wrong_item
CONV-01249,I wanted to check whether I have a question about the charge on my recurring plan. Please let me know.,subscription_billing
CONV-01250,I’m contacting support because Why was my subscription charged this month? This is my first time dealing with this issue. Can you check?,subscription_billing
CONV-01251,"Hi, Could you tell me the current location or transit stage of my parcel? I’m trying to sort this out before the end of the day. Any guidance would be helpful.",delivery_tracking
CONV-01252,"Hi, Where can I request a password reset? I’m trying to sort this out before the end of the day. Thanks.",password_reset
CONV-01253,"Hi, ORD-100490 was due on Monday, but it still hasn't arrived. I placed the order earlier today. Thanks.",delivery_delay
CONV-01254,Just checking — I changed my mind and would like to send the item back. I’m trying to sort this out before the end of the day. I'd appreciate your help.,return_request
CONV-01255,I’m contacting support because I see two charges for the same purchase. Thank you.,duplicate_charge
CONV-01256,Quick question: I have a question about the charge on my recurring plan. I placed the order earlier today. Any guidance would be helpful.,subscription_billing
CONV-01257,"Hello, My discount code isn't working. I haven't changed anything on my account. Please let me know.",promo_code
CONV-01258,I was sent the wrong model. This is my first time dealing with this issue. Can you check?,wrong_item
CONV-01259,I’m contacting support because Why was my subscription charged this month? I haven't changed anything on my account. Please let me know.,subscription_billing
CONV-01260,What is the estimated delivery date for my package? I haven't changed anything on my account. Can you check?,delivery_estimate
CONV-01261,"Hi, My multi-item order is incomplete. I placed the order earlier today. Thanks.",missing_item
CONV-01262,I’m contacting support because I can't sign in to my account. Thank you.,account_access
CONV-01263,Quick question: Please stop ORD-101942 before it is dispatched. I placed the order earlier today. I’d like to resolve this today.,order_cancellation
CONV-01264,Could you tell me the current status of my refund? This is my first time dealing with this issue. Thank you.,refund_status
CONV-01265,"Quick question: The item was returned, but I haven't received the refund. I’m trying to sort this out before the end of the day. I'd appreciate your help.",refund_status
CONV-01266,"Hello, Can you cancel ORD-101905 for me? I haven't changed anything on my account. Can you check?",return_request
CONV-01267,"Hello, I received a security alert for an unfamiliar sign-in. I haven't changed anything on my account.",account_security
CONV-01268,I wanted to check whether Please stop ORD-101877 before it is dispatched.,order_cancellation
CONV-01269,I need some help. What exactly is included with this item? I haven't changed anything on my account. Thank you.,product_information
CONV-01270,"I expected this shipment already, but it hasn't turned up. This is my first time dealing with this issue. Please let me know.",delivery_delay
CONV-01271,"Hi, Something different was packed instead of what I purchased. I noticed this while reviewing my recent activity. I’d like to resolve this today.",wrong_item
CONV-01272,I need some help. I can't recall my password and need to change it. I haven't changed anything on my account. Please let me know.,password_reset
CONV-01273,I’m contacting support because I can't sign in to my account. This is my first time dealing with this issue. Thank you.,account_access
CONV-01274,I need some help. There is visible damage on the item I received. Can you check?,damaged_item
CONV-01275,"Hello, I forgot my password. How can I reset it? I haven't changed anything on my account. Please let me know.",password_reset
CONV-01276,I wanted to check whether I need to create a new password because I can't remember mine. Please let me know.,password_reset
CONV-01277,I’m contacting support because I can't sign in to my account. I haven't changed anything on my account.,account_access
CONV-01278,Quick question: Please stop my recurring membership. I’m trying to sort this out before the end of the day. Thanks.,subscription_cancel
CONV-01279,Just checking — The login page won't let me access my account. I placed the order earlier today. Any guidance would be helpful.,account_access
CONV-01280,Could you tell me the current status of my refund? This is my first time dealing with this issue. Thank you.,refund_status
CONV-01281,Just checking — Why does the payment fail whenever I try to complete the order? I’m trying to sort this out before the end of the day. I’d like to resolve this today.,payment_failure
CONV-01282,I’m contacting support because I see two charges for the same purchase. I haven't changed anything on my account. Please let me know.,duplicate_charge
CONV-01283,"Hello, Does this product come with the accessories shown?",product_information
CONV-01284,"Hi, How can I prevent the plan from renewing? I placed the order earlier today. I'd appreciate your help.",subscription_cancel
CONV-01285,I wanted to check whether Do you have an update on ORD-100156? I want to know where it stands. Can you check?,order_status
CONV-01286,Could you help me? My account suddenly won't let me log in. I’m trying to sort this out before the end of the day. I’d like to resolve this today.,account_access
CONV-01287,I’m contacting support because I'd like to withdraw this purchase if it hasn't shipped. I haven't changed anything on my account.,order_cancellation
CONV-01288,Please advise: When should ORD-100615 arrive? I placed the order earlier today. I’d like to resolve this today.,delivery_estimate
CONV-01289,"Hi, Roughly how long will delivery take? I noticed this while reviewing my recent activity. I'd appreciate your help.",delivery_estimate
CONV-01290,"Hello, Can you cancel ORD-101935 for me? I haven't changed anything on my account. Thank you.",order_cancellation
CONV-01291,I wanted to check whether The promotional code says it is invalid. I haven't changed anything on my account. Thank you.,promo_code
CONV-01292,"I wanted to check whether The item was returned, but I haven't received the refund. I haven't changed anything on my account.",refund_status
CONV-01293,Just checking — The discount isn't being applied even though I entered the code. I’m trying to sort this out before the end of the day. Any guidance would be helpful.,promo_code
CONV-01294,I wanted to check whether I have a question about the charge on my recurring plan. Thank you.,subscription_billing
CONV-01295,Quick question: I have a question about the charge on my recurring plan. I’m trying to sort this out before the end of the day. Thanks.,subscription_billing
CONV-01296,Quick question: I want to track the package that was just dispatched. I noticed this while reviewing my recent activity. Any guidance would be helpful.,delivery_tracking
CONV-01297,"Hi, ORD-100330 was due on Wednesday, but it still hasn't arrived. I’m trying to sort this out before the end of the day. Thanks.",delivery_delay
CONV-01298,Just checking — There is visible damage on the item I received. I’m trying to sort this out before the end of the day. I’d like to resolve this today.,damaged_item
CONV-01299,"I wanted to check whether The box arrived, but case wasn't inside. I haven't changed anything on my account.",missing_item
CONV-01300,"Hi, I opened the package and found the product broken. I noticed this while reviewing my recent activity. Thanks.",damaged_item
CONV-01301,I wanted to check whether Can you give me an ETA for this shipment?,delivery_estimate
CONV-01302,"Hi, I see two charges for the same purchase. I placed the order earlier today. I’d like to resolve this today.",duplicate_charge
CONV-01303,I’m contacting support because I can't sign in to my account. I haven't changed anything on my account. Thank you.,account_access
CONV-01304,"Hello, Can you show me the latest tracking update for my shipment? I haven't changed anything on my account. Can you check?",delivery_tracking
CONV-01305,Just checking — I don't want the subscription to continue after this billing period. I’m trying to sort this out before the end of the day. I'd appreciate your help.,subscription_cancel
CONV-01306,I need some help. Can you help me cancel my recent order? Thank you.,order_cancellation
CONV-01307,Could you help me? My subscription payment was higher than I expected. I’m trying to sort this out before the end of the day. I'd appreciate your help.,subscription_billing
CONV-01308,I wanted to check whether The promotional code says it is invalid. Thank you.,promo_code
CONV-01309,I wanted to check whether I want to return ORD-100755. How do I start? This is my first time dealing with this issue. Thank you.,return_request
CONV-01310,I’m contacting support because Roughly how long will delivery take? I haven't changed anything on my account.,delivery_estimate
CONV-01311,I need some help. I don't want the subscription to continue after this billing period. This is my first time dealing with this issue. Please let me know.,subscription_cancel
CONV-01312,I’m contacting support because Can you see what stage ORD-100032 is at right now? This is my first time dealing with this issue.,order_status
CONV-01313,"Hello, I'm locked out of my account and need access. This is my first time dealing with this issue.",account_access
CONV-01314,Could you help me? Could you tell me the current status of my refund? I noticed this while reviewing my recent activity. I’d like to resolve this today.,refund_status
CONV-01315,I need some help. I’m planning around the delivery. When is it expected? This is my first time dealing with this issue. Thank you.,delivery_estimate
CONV-01316,I’m contacting support because Checkout keeps rejecting my payment. This is my first time dealing with this issue. Thank you.,payment_failure
CONV-01317,Something about my account activity looks suspicious. I haven't changed anything on my account. Can you check?,account_security
CONV-01318,I want to cancel my subscription. This is my first time dealing with this issue. Please let me know.,subscription_cancel
CONV-01319,"Quick question: The box arrived, but headphones wasn't inside. I noticed this while reviewing my recent activity. I’d like to resolve this today.",missing_item
CONV-01320,"Hello, What steps do I need to follow to return this product? Please let me know.",return_request
CONV-01321,"Hello, I received a security alert for an unfamiliar sign-in. This is my first time dealing with this issue. Please let me know.",account_security
CONV-01322,I wanted to check whether I keep getting rejected when I try to sign in. This is my first time dealing with this issue. Can you check?,account_access
CONV-01323,Please advise: Would you mind checking the latest status of ORD-100229? I’m trying to sort this out before the end of the day. I'd appreciate your help.,order_status
CONV-01324,I need some help. I changed my mind and would like to send the item back. This is my first time dealing with this issue.,return_request
CONV-01325,Please advise: My package contains a different product. I’m trying to sort this out before the end of the day. Thanks.,wrong_item
CONV-01326,Just checking — The discount isn't being applied even though I entered the code. I’m trying to sort this out before the end of the day. Thanks.,promo_code
CONV-01327,"Could you help me? I expected this shipment already, but it hasn't turned up. I’m trying to sort this out before the end of the day. I'd appreciate your help.",delivery_delay
CONV-01328,I’m checking on ORD-100170. Could you tell me its current status? This is my first time dealing with this issue. Thank you.,order_status
CONV-01329,"Hello, When should ORD-100540 arrive? This is my first time dealing with this issue. Please let me know.",delivery_estimate
CONV-01330,I wanted to check whether The item arrived damaged. What should I do? I haven't changed anything on my account. Thank you.,damaged_item
CONV-01331,"Hi, Something different was packed instead of what I purchased. I noticed this while reviewing my recent activity. I'd appreciate your help.",wrong_item
CONV-01332,"Hi, My multi-item order is incomplete. I noticed this while reviewing my recent activity. I’d like to resolve this today.",missing_item
CONV-01333,"Hi, Roughly how long will delivery take? I noticed this while reviewing my recent activity. Thanks.",delivery_estimate
CONV-01334,"Hi, I opened the package and found the product broken. I noticed this while reviewing my recent activity. I'd appreciate your help.",damaged_item
CONV-01335,"Hi, I'd like to withdraw this purchase if it hasn't shipped. I noticed this while reviewing my recent activity. Any guidance would be helpful.",order_cancellation
CONV-01336,Please advise: I received a security alert for an unfamiliar sign-in. I’m trying to sort this out before the end of the day. Thanks.,account_security
CONV-01337,Please advise: I'm still waiting for the money from my return. Can you check? I’m trying to sort this out before the end of the day. I'd appreciate your help.,refund_status
CONV-01338,"Hi, Why was my subscription charged this month? I placed the order earlier today. I’d like to resolve this today.",subscription_billing
CONV-01339,Just checking — I can't recall my password and need to change it. I placed the order earlier today. Any guidance would be helpful.,password_reset
CONV-01340,Please update the destination before the order ships. Thank you.,address_change
CONV-01341,I’m contacting support because I see two charges for the same purchase. This is my first time dealing with this issue.,duplicate_charge
CONV-01342,Quick question: Please stop ORD-101932 before it is dispatched. I’m trying to sort this out before the end of the day. Thanks.,order_cancellation
CONV-01343,Quick question: I need to create a new password because I can't remember mine. I noticed this while reviewing my recent activity. Thanks.,password_reset
CONV-01344,I need some help. I’m planning around the delivery. When is it expected? This is my first time dealing with this issue. Please let me know.,delivery_estimate
CONV-01345,Please advise: I entered the wrong delivery address. Can it be corrected? I noticed this while reviewing my recent activity. I’d like to resolve this today.,address_change
CONV-01346,Please advise: I don't recognize the amount billed for my membership. I noticed this while reviewing my recent activity. Thanks.,subscription_billing
CONV-01347,Quick question: The delivered item doesn't match my order. I noticed this while reviewing my recent activity. I’d like to resolve this today.,wrong_item
CONV-01348,"I wanted to check whether I have tried several times, but the transaction won't go through.",payment_failure
CONV-01349,One product from my order is missing.,missing_item
CONV-01350,"Hello, Can you cancel ORD-101835 for me? Please let me know.",order_cancellation
CONV-01351,Quick question: I want to track the package that was just dispatched. I noticed this while reviewing my recent activity. Thanks.,delivery_tracking
CONV-01352,I wanted to check whether I noticed a login I don't recognize. This is my first time dealing with this issue. Can you check?,account_security
CONV-01353,Could you help me? The same purchase appears twice on my card statement. I noticed this while reviewing my recent activity. Any guidance would be helpful.,duplicate_charge
CONV-01354,I wanted to check whether The promotional code says it is invalid. Can you check?,promo_code
CONV-01355,"Hi, Something different was packed instead of what I purchased. I noticed this while reviewing my recent activity. I’d like to resolve this today.",wrong_item
CONV-01356,Please advise: I don't recognize the amount billed for my membership. I placed the order earlier today. Thanks.,subscription_billing
CONV-01357,Could you tell me the current status of my refund?,refund_status
CONV-01358,I’m contacting support because Checkout keeps rejecting my payment. I haven't changed anything on my account. Can you check?,payment_failure
CONV-01359,"I’m contacting support because ORD-100325 was due on Thursday, but it still hasn't arrived. This is my first time dealing with this issue. Thank you.",delivery_delay
CONV-01360,Please advise: I'm still waiting for the money from my return. Can you check? I placed the order earlier today. Thanks.,refund_status
CONV-01361,Something about my account activity looks suspicious. This is my first time dealing with this issue.,account_security
CONV-01362,"Hi, I need the specifications before I decide whether to buy it. I placed the order earlier today. Any guidance would be helpful.",product_information
CONV-01363,Please advise: Could you help me end my recurring plan? I noticed this while reviewing my recent activity. Any guidance would be helpful.,subscription_cancel
CONV-01364,Just checking — Part of ORD-102603 was not included in the delivery. I noticed this while reviewing my recent activity. I'd appreciate your help.,missing_item
CONV-01365,The same purchase appears twice on my card statement. I haven't changed anything on my account.,duplicate_charge
CONV-01366,"Hello, I'm still waiting for the money from my return. Can you check?",refund_status
CONV-01367,"Hello, When should ORD-100620 arrive? I haven't changed anything on my account. Please let me know.",delivery_estimate
CONV-01368,Please advise: I can't finish the purchase because the payment isn't accepted. I placed the order earlier today. Thanks.,payment_failure
CONV-01369,I wanted to check whether I keep getting rejected when I try to sign in. I haven't changed anything on my account. Please let me know.,account_access
CONV-01370,"Hi, When should the refund appear in my account? I placed the order earlier today. I’d like to resolve this today.",refund_status
CONV-01371,"Could you help me? I expected this shipment already, but it hasn't turned up. I placed the order earlier today. I'd appreciate your help.",delivery_delay
CONV-01372,I’m contacting support because Roughly how long will delivery take? This is my first time dealing with this issue. Thank you.,delivery_estimate
CONV-01373,I need some help. I changed my mind and would like to send the item back.,return_request
CONV-01374,"Hi, How can I prevent the plan from renewing? I noticed this while reviewing my recent activity. I'd appreciate your help.",subscription_cancel
CONV-01375,"Quick question: The item was returned, but I haven't received the refund. I placed the order earlier today. Thanks.",refund_status
CONV-01376,I no longer want this order. Is cancellation still possible? This is my first time dealing with this issue. Please let me know.,order_cancellation
CONV-01377,Please advise: Does this product come with the accessories shown? I placed the order earlier today. I'd appreciate your help.,product_information
CONV-01378,"Hello, Can you show me the latest tracking update for my shipment? I haven't changed anything on my account. Please let me know.",delivery_tracking
CONV-01379,Could you help me? Could you explain the available options for this product? I placed the order earlier today. Any guidance would be helpful.,product_information
CONV-01380,I wanted to check whether I have a question about the charge on my recurring plan. This is my first time dealing with this issue. Thank you.,subscription_billing
CONV-01381,Could you help me? The same purchase appears twice on my card statement. I noticed this while reviewing my recent activity. Thanks.,duplicate_charge
CONV-01382,Just checking — There are changes in my profile that I didn't make. I’m trying to sort this out before the end of the day. I’d like to resolve this today.,account_security
CONV-01383,"Hi, My multi-item order is incomplete. I’m trying to sort this out before the end of the day. I'd appreciate your help.",missing_item
CONV-01384,"Hi, I see two charges for the same purchase. I noticed this while reviewing my recent activity. Thanks.",duplicate_charge
CONV-01385,Could you help me? Why is the coupon being rejected at checkout? I noticed this while reviewing my recent activity. I'd appreciate your help.,promo_code
CONV-01386,"Quick question: The item was returned, but I haven't received the refund. I’m trying to sort this out before the end of the day. Any guidance would be helpful.",refund_status
CONV-01387,I no longer want this order. Is cancellation still possible? I haven't changed anything on my account. Please let me know.,return_request
CONV-01388,Quick question: I want to track the package that was just dispatched. I noticed this while reviewing my recent activity. Any guidance would be helpful.,delivery_tracking
CONV-01389,I wanted to check whether I think I was charged more than once for a single checkout. I haven't changed anything on my account.,duplicate_charge
CONV-01390,Please advise: Why are there duplicate transactions for one order? I’m trying to sort this out before the end of the day. Any guidance would be helpful.,duplicate_charge
CONV-01391,I’m contacting support because Checkout keeps rejecting my payment. Please let me know.,payment_failure
CONV-01392,Please help me arrange a return. This is my first time dealing with this issue.,return_request
CONV-01393,"Hi, I can't sign in to my account. I placed the order earlier today. I’d like to resolve this today.",account_access
CONV-01394,Please advise: What steps do I need to follow to return this product? I noticed this while reviewing my recent activity. I’d like to resolve this today.,return_request
CONV-01395,Just checking — What exactly is included with this item? I’m trying to sort this out before the end of the day. I’d like to resolve this today.,product_information
CONV-01396,I need some help. Where is ORD-104895 right now? Please let me know.,delivery_tracking
CONV-01397,I wanted to check whether I think I was charged more than once for a single checkout. I haven't changed anything on my account. Thank you.,duplicate_charge
CONV-01398,I wanted to check whether Can you tell me more about this product's features? I haven't changed anything on my account. Please let me know.,product_information
CONV-01399,I wanted to check whether I think I was charged more than once for a single checkout. This is my first time dealing with this issue.,duplicate_charge
CONV-01400,"Hi, Something different was packed instead of what I purchased. I’m trying to sort this out before the end of the day. I’d like to resolve this today.",wrong_item
CONV-01401,"Hi, I opened the package and found the product broken. I’m trying to sort this out before the end of the day. I'd appreciate your help.",damaged_item
CONV-01402,Please advise: Does this product come with the accessories shown? I placed the order earlier today. Any guidance would be helpful.,product_information
CONV-01403,I wanted to check whether Please stop ORD-101767 before it is dispatched. I haven't changed anything on my account. Thank you.,order_cancellation
CONV-01404,"Hello, Would you mind checking the latest status of ORD-100174? Please let me know.",order_status
CONV-01405,I wanted to check whether I think I was charged more than once for a single checkout.,duplicate_charge
CONV-01406,"Hi, Why was my subscription charged this month? I’m trying to sort this out before the end of the day. Thanks.",subscription_billing
CONV-01407,"Hi, Checkout keeps rejecting my payment. I placed the order earlier today. Any guidance would be helpful.",payment_failure
CONV-01408,Why is the coupon being rejected at checkout? This is my first time dealing with this issue. Thank you.,promo_code
CONV-01409,"Hi, Can you see what stage ORD-100217 is at right now? I’m trying to sort this out before the end of the day. I’d like to resolve this today.",order_status
CONV-01410,Please advise: Could you help me end my recurring plan? I placed the order earlier today. I'd appreciate your help.,subscription_cancel
CONV-01411,I need some help. Can I change the shipping address for ORD-103720? This is my first time dealing with this issue. Please let me know.,address_change
CONV-01412,"Hello, When should ORD-100690 arrive? This is my first time dealing with this issue. Can you check?",delivery_estimate
CONV-01413,"Hi, My multi-item order is incomplete. I’m trying to sort this out before the end of the day. Any guidance would be helpful.",missing_item
CONV-01414,Please advise: The product has a crack that wasn't shown in the listing. I noticed this while reviewing my recent activity. I’d like to resolve this today.,damaged_item
CONV-01415,"Hello, The product has a crack that wasn't shown in the listing. This is my first time dealing with this issue. Please let me know.",damaged_item
CONV-01416,"Hello, I'm still waiting for the money from my return. Can you check? Please let me know.",refund_status
CONV-01417,I need some help. Can you help me cancel my recent order? This is my first time dealing with this issue.,order_cancellation
CONV-01418,I’m contacting support because Where can I request a password reset? This is my first time dealing with this issue.,password_reset
CONV-01419,Please advise: My package contains a different product. I noticed this while reviewing my recent activity. I’d like to resolve this today.,wrong_item
CONV-01420,Could you help me? What is the estimated delivery date for my package? I’m trying to sort this out before the end of the day. I'd appreciate your help.,delivery_estimate
CONV-01421,I need some help. Can I change the shipping address for ORD-103660? This is my first time dealing with this issue. Thank you.,address_change
CONV-01422,Please advise: I entered the wrong delivery address. Can it be corrected? I placed the order earlier today. I'd appreciate your help.,address_change
CONV-01423,What is the estimated delivery date for my package? This is my first time dealing with this issue. Thank you.,delivery_estimate
CONV-01424,Please advise: The product has a crack that wasn't shown in the listing. I’m trying to sort this out before the end of the day. Thanks.,damaged_item
CONV-01425,"Hello, My discount code isn't working.",promo_code
CONV-01426,I need some help. Has the refund for ORD-101180 been issued yet? This is my first time dealing with this issue.,refund_status
CONV-01427,Please advise: What steps do I need to follow to return this product? I noticed this while reviewing my recent activity. Thanks.,return_request
CONV-01428,I’m contacting support because Where can I request a password reset? This is my first time dealing with this issue. Can you check?,password_reset
CONV-01429,"Hello, Why are there duplicate transactions for one order? I haven't changed anything on my account. Thank you.",duplicate_charge
CONV-01430,Just checking — Part of ORD-102663 was not included in the delivery. I noticed this while reviewing my recent activity. I’d like to resolve this today.,missing_item
CONV-01431,I need some help. I changed my mind and would like to send the item back. I haven't changed anything on my account.,return_request
CONV-01432,I need some help. There are changes in my profile that I didn't make. This is my first time dealing with this issue. Please let me know.,account_security
CONV-01433,I need some help. Can you help me cancel my recent order? Please let me know.,order_cancellation
CONV-01434,I need some help. I placed ORD-100208 recently. What is happening with it? I haven't changed anything on my account.,order_status
CONV-01435,"I expected this shipment already, but it hasn't turned up. Thank you.",delivery_delay
CONV-01436,"Hi, When should the refund appear in my account? I’m trying to sort this out before the end of the day. Any guidance would be helpful.",refund_status
CONV-01437,Please advise: The product has a crack that wasn't shown in the listing. I’m trying to sort this out before the end of the day. I'd appreciate your help.,damaged_item
CONV-01438,Quick question: I think I was charged more than once for a single checkout. I’m trying to sort this out before the end of the day. Thanks.,duplicate_charge
CONV-01439,Please advise: I can't finish the purchase because the payment isn't accepted. I noticed this while reviewing my recent activity. I’d like to resolve this today.,payment_failure
CONV-01440,Quick question: I want to return ORD-100990. How do I start? I noticed this while reviewing my recent activity. I'd appreciate your help.,return_request
CONV-01441,Please advise: I don't recognize the amount billed for my membership. I’m trying to sort this out before the end of the day. I'd appreciate your help.,subscription_billing
CONV-01442,I need some help. It looks like I was billed twice for ORD-101616. This is my first time dealing with this issue. Please let me know.,duplicate_charge
CONV-01443,"I expected this shipment already, but it hasn't turned up. Please let me know.",delivery_delay
CONV-01444,Just checking — What exactly is included with this item? I noticed this while reviewing my recent activity. Thanks.,product_information
CONV-01445,I need some help. There is visible damage on the item I received. This is my first time dealing with this issue. Please let me know.,damaged_item
CONV-01446,I need some help. Can I change the shipping address for ORD-103690? This is my first time dealing with this issue.,address_change
CONV-01447,Could you help me? One product from my order is missing. I noticed this while reviewing my recent activity. I'd appreciate your help.,missing_item
CONV-01448,I’m contacting support because Where can I request a password reset? Can you check?,password_reset
CONV-01449,"I wanted to check whether The item was returned, but I haven't received the refund. This is my first time dealing with this issue.",refund_status
CONV-01450,I wanted to check whether The promised delivery window is over for ORD-100259. This is my first time dealing with this issue.,delivery_delay
CONV-01451,Quick question: I think I was charged more than once for a single checkout. I’m trying to sort this out before the end of the day. I'd appreciate your help.,duplicate_charge
CONV-01452,I wanted to check whether Please stop ORD-101777 before it is dispatched. This is my first time dealing with this issue. Can you check?,order_cancellation
CONV-01453,Could you help me? Could you explain the available options for this product? I placed the order earlier today. I'd appreciate your help.,product_information
CONV-01454,Please advise: Can you cancel ORD-101770 for me? I’m trying to sort this out before the end of the day. I'd appreciate your help.,order_cancellation
CONV-01455,I’m contacting support because Where should I enter my promo code? This is my first time dealing with this issue. Please let me know.,promo_code
CONV-01456,I’m contacting support because Can you see what stage ORD-100052 is at right now? I haven't changed anything on my account. Can you check?,order_status
CONV-01457,"Hello, I received a security alert for an unfamiliar sign-in. Thank you.",account_security
CONV-01458,Please advise: Does this product come with the accessories shown? I noticed this while reviewing my recent activity. I'd appreciate your help.,product_information
CONV-01459,Why is the coupon being rejected at checkout?,promo_code
CONV-01460,I’m contacting support because Something different was packed instead of what I purchased. Please let me know.,wrong_item
CONV-01461,"Hello, I'm locked out of my account and need access. This is my first time dealing with this issue. Thank you.",account_access
CONV-01462,"Hi, Something different was packed instead of what I purchased. I’m trying to sort this out before the end of the day. I'd appreciate your help.",wrong_item
CONV-01463,"Quick question: The item was returned, but I haven't received the refund. I placed the order earlier today. I'd appreciate your help.",refund_status
CONV-01464,Could you help me? Could you tell me the current status of my refund? I noticed this while reviewing my recent activity. I'd appreciate your help.,refund_status
CONV-01465,"Hi, Roughly how long will delivery take? I placed the order earlier today. I’d like to resolve this today.",delivery_estimate
CONV-01466,"Hello, I'm still waiting for the money from my return. Can you check? Thank you.",refund_status
CONV-01467,Just checking — Can you help me cancel my recent order? I placed the order earlier today. I’d like to resolve this today.,order_cancellation
CONV-01468,Could you help me? Why is the coupon being rejected at checkout? I’m trying to sort this out before the end of the day. I'd appreciate your help.,promo_code
CONV-01469,I’m checking on ORD-100030. Could you tell me its current status? Please let me know.,order_status
CONV-01470,Please advise: When should ORD-100725 arrive? I’m trying to sort this out before the end of the day. Thanks.,delivery_estimate
CONV-01471,"Hello, Can you show me the latest tracking update for my shipment?",delivery_tracking
CONV-01472,"Hello, Does this product come with the accessories shown? This is my first time dealing with this issue.",product_information
CONV-01473,I need some help. I don't want the subscription to continue after this billing period. Thank you.,subscription_cancel
CONV-01474,"Quick question: I have tried several times, but the transaction won't go through. I noticed this while reviewing my recent activity. Any guidance would be helpful.",payment_failure
CONV-01475,I was sent the wrong model. I haven't changed anything on my account. Please let me know.,wrong_item
CONV-01476,Just checking — The delivery date for ORD-100436 has passed and I'm still waiting. I placed the order earlier today. I’d like to resolve this today.,delivery_delay
CONV-01477,Just checking — The item I received isn't the one I ordered. I’m trying to sort this out before the end of the day. Any guidance would be helpful.,wrong_item
CONV-01478,Just checking — I changed my mind and would like to send the item back. I noticed this while reviewing my recent activity. Thanks.,return_request
CONV-01479,"Hello, I don't recognize the amount billed for my membership. This is my first time dealing with this issue. Please let me know.",subscription_billing
CONV-01480,Quick question: The promotional code says it is invalid. I’m trying to sort this out before the end of the day. I'd appreciate your help.,promo_code
CONV-01481,I need some help. What exactly is included with this item? Thank you.,product_information
CONV-01482,I’m contacting support because Where should I enter my promo code? This is my first time dealing with this issue.,promo_code
CONV-01483,I was sent the wrong model. I haven't changed anything on my account. Can you check?,wrong_item
CONV-01484,Just checking — What exactly is included with this item? I’m trying to sort this out before the end of the day. Thanks.,product_information
CONV-01485,"I wanted to check whether The item was returned, but I haven't received the refund. Thank you.",return_request
CONV-01486,"Hello, What steps do I need to follow to return this product? Please let me know.",return_request
CONV-01487,I need some help. Can I change the shipping address for ORD-103620? I haven't changed anything on my account. Thank you.,address_change
CONV-01488,Could you help me? Can you send me through the password recovery process? I noticed this while reviewing my recent activity. Any guidance would be helpful.,password_reset
CONV-01489,I wanted to check whether I keep getting rejected when I try to sign in. This is my first time dealing with this issue. Thank you.,account_access
CONV-01490,Quick question: Can you give me an ETA for this shipment? I placed the order earlier today. I'd appreciate your help.,delivery_estimate
CONV-01491,Could you help me? Can you send me through the password recovery process? I placed the order earlier today. I’d like to resolve this today.,password_reset
CONV-01492,Just checking — I placed ORD-100183 recently. What is happening with it? I noticed this while reviewing my recent activity. Thanks.,order_status
CONV-01493,I wanted to check whether I think I was charged more than once for a single checkout. I haven't changed anything on my account. Thank you.,duplicate_charge
CONV-01494,"Hello, I received the package, but one of the products is absent. This is my first time dealing with this issue. Thank you.",missing_item
CONV-01495,I need some help. The delivery date for ORD-100321 has passed and I'm still waiting. I haven't changed anything on my account. Please let me know.,delivery_delay
CONV-01496,Quick question: I need to redirect this package to another address. I’m trying to sort this out before the end of the day. I’d like to resolve this today.,address_change
CONV-01497,The same purchase appears twice on my card statement. This is my first time dealing with this issue.,duplicate_charge
CONV-01498,I wanted to check whether Please stop ORD-101837 before it is dispatched. This is my first time dealing with this issue.,order_cancellation
CONV-01499,Just checking — The item I received isn't the one I ordered. I’m trying to sort this out before the end of the day. I’d like to resolve this today.,wrong_item
CONV-01500,Quick question: Please stop ORD-101912 before it is dispatched. I placed the order earlier today. Any guidance would be helpful.,order_cancellation
CONV-01501,Please advise: Can you cancel ORD-101840 for me? I placed the order earlier today. Any guidance would be helpful.,order_cancellation
CONV-01502,Quick question: The item arrived damaged. What should I do? I placed the order earlier today. Any guidance would be helpful.,damaged_item
CONV-01503,I wanted to check whether The promotional code says it is invalid. This is my first time dealing with this issue. Thank you.,promo_code
CONV-01504,"Hello, I'm still waiting for the money from my return. Can you check? I haven't changed anything on my account. Please let me know.",refund_status
CONV-01505,Please advise: My package contains a different product. I placed the order earlier today. Any guidance would be helpful.,wrong_item
CONV-01506,"Hello, Would you mind checking the latest status of ORD-100044? This is my first time dealing with this issue. Can you check?",order_status
CONV-01507,"My delivery arrived, but the item inside is damaged. This is my first time dealing with this issue. Thank you.",damaged_item
CONV-01508,I need some help. It looks like I was billed twice for ORD-101526. This is my first time dealing with this issue. Can you check?,duplicate_charge
CONV-01509,I need some help. Where is ORD-104855 right now? This is my first time dealing with this issue. Please let me know.,delivery_tracking
CONV-01510,Just checking — Why does the payment fail whenever I try to complete the order? I noticed this while reviewing my recent activity. Any guidance would be helpful.,payment_failure
CONV-01511,"Hello, Can you cancel ORD-101765 for me? This is my first time dealing with this issue.",order_cancellation
CONV-01512,I wanted to check whether I need to create a new password because I can't remember mine.,password_reset
CONV-01513,"I expected this shipment already, but it hasn't turned up. Thank you.",delivery_delay
CONV-01514,Just checking — The discount isn't being applied even though I entered the code. I placed the order earlier today. I’d like to resolve this today.,promo_code
CONV-01515,I’m contacting support because Checkout keeps rejecting my payment. This is my first time dealing with this issue.,payment_failure
CONV-01516,The same purchase appears twice on my card statement. This is my first time dealing with this issue.,duplicate_charge
CONV-01517,I’m contacting support because Could you explain the return process for this purchase?,return_request
CONV-01518,Just checking — Why does the payment fail whenever I try to complete the order? I noticed this while reviewing my recent activity. I’d like to resolve this today.,payment_failure
CONV-01519,I need some help. There is visible damage on the item I received. Please let me know.,damaged_item
CONV-01520,I need some help. Part of ORD-102588 was not included in the delivery. Please let me know.,missing_item
CONV-01521,Could you help me? One product from my order is missing. I noticed this while reviewing my recent activity. I’d like to resolve this today.,missing_item
CONV-01522,Quick question: The delivered item doesn't match my order. I placed the order earlier today. Any guidance would be helpful.,wrong_item
CONV-01523,Just checking — The delivery date for ORD-100256 has passed and I'm still waiting. I placed the order earlier today. I'd appreciate your help.,delivery_delay
CONV-01524,"Hi, I need the specifications before I decide whether to buy it. I placed the order earlier today. Thanks.",product_information
CONV-01525,Quick question: I think I was charged more than once for a single checkout. I’m trying to sort this out before the end of the day. Thanks.,duplicate_charge
CONV-01526,Please advise: I'm still waiting for the money from my return. Can you check? I noticed this while reviewing my recent activity. Any guidance would be helpful.,refund_status
CONV-01527,I wanted to check whether I have a question about the charge on my recurring plan. This is my first time dealing with this issue.,subscription_billing
CONV-01528,Quick question: Can you give me an ETA for this shipment? I’m trying to sort this out before the end of the day. I’d like to resolve this today.,delivery_estimate
CONV-01529,Could you help me? My account suddenly won't let me log in. I noticed this while reviewing my recent activity. Any guidance would be helpful.,account_access
CONV-01530,"Hello, Why are there duplicate transactions for one order? I haven't changed anything on my account. Can you check?",duplicate_charge
CONV-01531,I no longer want this order. Is cancellation still possible? I haven't changed anything on my account. Can you check?,order_cancellation
CONV-01532,Just checking — I don't want the subscription to continue after this billing period. I noticed this while reviewing my recent activity. Any guidance would be helpful.,subscription_cancel
CONV-01533,My payment is being declined at checkout. Can you check?,payment_failure
CONV-01534,I’m contacting support because Something different was packed instead of what I purchased. I haven't changed anything on my account. Thank you.,wrong_item
CONV-01535,Could you help me? I no longer want this order. Is cancellation still possible? I placed the order earlier today. I’d like to resolve this today.,order_cancellation
CONV-01536,I need some help. The item I received isn't the one I ordered. This is my first time dealing with this issue. Please let me know.,wrong_item
CONV-01537,I want to cancel my subscription. Thank you.,subscription_cancel
CONV-01538,Could you help me? My payment is being declined at checkout. I placed the order earlier today. Thanks.,payment_failure
CONV-01539,"Hi, I think someone may have accessed my account. I noticed this while reviewing my recent activity. I’d like to resolve this today.",account_security
CONV-01540,I’m contacting support because Can you see what stage ORD-100112 is at right now? I haven't changed anything on my account.,order_status
CONV-01541,"Hi, Where can I request a password reset? I’m trying to sort this out before the end of the day. I’d like to resolve this today.",password_reset
CONV-01542,"I expected this shipment already, but it hasn't turned up. Can you check?",delivery_delay
CONV-01543,I need some help. Why does the payment fail whenever I try to complete the order? Thank you.,payment_failure
CONV-01544,"Hi, I'd like to withdraw this purchase if it hasn't shipped. I’m trying to sort this out before the end of the day. I’d like to resolve this today.",order_cancellation
CONV-01545,"Hello, I'm still waiting for the money from my return. Can you check? This is my first time dealing with this issue. Please let me know.",return_request
CONV-01546,Could you help me? Can you send me through the password recovery process? I placed the order earlier today. Any guidance would be helpful.,password_reset
CONV-01547,I wanted to check whether Do you have an update on ORD-100056? I want to know where it stands. This is my first time dealing with this issue.,order_status
CONV-01548,"Hello, I can't finish the purchase because the payment isn't accepted. Please let me know.",payment_failure
CONV-01549,Please advise: When should ORD-100695 arrive? I’m trying to sort this out before the end of the day. I’d like to resolve this today.,delivery_estimate
CONV-01550,Please advise: I'm locked out of my account and need access. I placed the order earlier today. Thanks.,account_access
CONV-01551,I need some help. It looks like I was billed twice for ORD-101726. I haven't changed anything on my account. Can you check?,duplicate_charge
CONV-01552,"Hi, I opened the package and found the product broken. I placed the order earlier today. Any guidance would be helpful.",damaged_item
CONV-01553,"Hello, Could you help me end my recurring plan? This is my first time dealing with this issue.",subscription_cancel
CONV-01554,I wanted to check whether The promised delivery window is over for ORD-100319. This is my first time dealing with this issue. Can you check?,delivery_delay
CONV-01555,Please advise: My discount code isn't working. I placed the order earlier today. I'd appreciate your help.,promo_code
CONV-01556,I wanted to check whether Can you give me an ETA for this shipment? Can you check?,delivery_estimate
CONV-01557,I wanted to check whether Please stop my recurring membership. I haven't changed anything on my account. Can you check?,subscription_cancel
CONV-01558,"Hi, Where can I request a password reset? I noticed this while reviewing my recent activity. I’d like to resolve this today.",password_reset
CONV-01559,I need some help. There is visible damage on the item I received. Thank you.,damaged_item
CONV-01560,Could you help me? Has the courier scanned ORD-104782 yet? I’m trying to sort this out before the end of the day. I'd appreciate your help.,delivery_tracking
CONV-01561,I’m contacting support because Why was my subscription charged this month? This is my first time dealing with this issue. Please let me know.,subscription_billing
CONV-01562,Just checking — The delivery date for ORD-100286 has passed and I'm still waiting. I placed the order earlier today. Any guidance would be helpful.,delivery_delay
CONV-01563,"Hi, I'd like to withdraw this purchase if it hasn't shipped. I placed the order earlier today. Any guidance would be helpful.",order_cancellation
CONV-01564,I was sent the wrong model. Please let me know.,wrong_item
CONV-01565,One product from my order is missing. I haven't changed anything on my account. Thank you.,missing_item
CONV-01566,I was sent the wrong model. Thank you.,wrong_item
CONV-01567,Just checking — There is visible damage on the item I received. I placed the order earlier today. Thanks.,damaged_item
CONV-01568,Something about my account activity looks suspicious. This is my first time dealing with this issue. Can you check?,account_security
CONV-01569,Just checking — Can you explain the latest recurring charge? I noticed this while reviewing my recent activity. Any guidance would be helpful.,subscription_billing
CONV-01570,Please advise: The product has a crack that wasn't shown in the listing. I noticed this while reviewing my recent activity. Any guidance would be helpful.,missing_item
CONV-01571,What is the estimated delivery date for my package? Thank you.,delivery_estimate
CONV-01572,"Hello, Can you show me the latest tracking update for my shipment? This is my first time dealing with this issue.",delivery_tracking
CONV-01573,Just checking — The delivery date for ORD-100336 has passed and I'm still waiting. I’m trying to sort this out before the end of the day. I'd appreciate your help.,delivery_delay
CONV-01574,"I wanted to check whether The box arrived, but charger wasn't inside. This is my first time dealing with this issue. Please let me know.",missing_item
CONV-01575,I need some help. The login page won't let me access my account. I haven't changed anything on my account. Thank you.,account_access
CONV-01576,I’m contacting support because How do I change the address attached to my order? I haven't changed anything on my account. Please let me know.,address_change
CONV-01577,Just checking — The discount isn't being applied even though I entered the code. I placed the order earlier today. I’d like to resolve this today.,payment_failure
CONV-01578,Please advise: I'm still waiting for the money from my return. Can you check? I’m trying to sort this out before the end of the day. Any guidance would be helpful.,refund_status
CONV-01579,Just checking — The item I received isn't the one I ordered. I’m trying to sort this out before the end of the day. Thanks.,wrong_item
CONV-01580,"Hello, Why are there duplicate transactions for one order? I haven't changed anything on my account. Please let me know.",duplicate_charge
CONV-01581,Could you help me? My subscription payment was higher than I expected. I’m trying to sort this out before the end of the day. Any guidance would be helpful.,subscription_billing
CONV-01582,Please advise: My discount code isn't working. I’m trying to sort this out before the end of the day. Thanks.,promo_code
CONV-01583,Could you help me? My subscription payment was higher than I expected. I’m trying to sort this out before the end of the day. I’d like to resolve this today.,subscription_billing
CONV-01584,"Hi, Where should I enter my promo code? I noticed this while reviewing my recent activity. I'd appreciate your help.",promo_code
CONV-01585,"Hi, I think someone may have accessed my account. I’m trying to sort this out before the end of the day. Thanks.",account_security
CONV-01586,Just checking — Why does the payment fail whenever I try to complete the order? I placed the order earlier today. I’d like to resolve this today.,payment_failure
CONV-01587,"Could you help me? I expected this shipment already, but it hasn't turned up. I’m trying to sort this out before the end of the day. Thanks.",delivery_delay
CONV-01588,Quick question: The promotional code says it is invalid. I’m trying to sort this out before the end of the day. Any guidance would be helpful.,promo_code
CONV-01589,Something about my account activity looks suspicious.,account_security
CONV-01590,"Quick question: The box arrived, but cable wasn't inside. I placed the order earlier today. Thanks.",missing_item
CONV-01591,"Hi, Where can I request a password reset? I noticed this while reviewing my recent activity. Thanks.",password_reset
CONV-01592,I need some help. The login page won't let me access my account. I haven't changed anything on my account.,account_access
CONV-01593,I wanted to check whether The promotional code says it is invalid. This is my first time dealing with this issue. Please let me know.,promo_code
CONV-01594,"Hello, I received the package, but one of the products is absent. This is my first time dealing with this issue. Please let me know.",missing_item
CONV-01595,Could you help me? Why is the coupon being rejected at checkout? I’m trying to sort this out before the end of the day. Any guidance would be helpful.,promo_code
CONV-01596,I’m contacting support because Why was my subscription charged this month?,subscription_billing
CONV-01597,"My delivery arrived, but the item inside is damaged. This is my first time dealing with this issue. Thank you.",damaged_item
CONV-01598,Could you tell me the current status of my refund? Thank you.,refund_status
CONV-01599,Could you help me? I was sent the wrong model. I placed the order earlier today. Thanks.,missing_item
CONV-01600,Please advise: Can you show me the latest tracking update for my shipment? I noticed this while reviewing my recent activity. I'd appreciate your help.,delivery_tracking
CONV-01601,Quick question: I have a question about the charge on my recurring plan. I placed the order earlier today. Any guidance would be helpful.,subscription_cancel
CONV-01602,"Hi, Where can I request a password reset? I noticed this while reviewing my recent activity. Any guidance would be helpful.",password_reset
CONV-01603,"Hello, My discount code isn't working. This is my first time dealing with this issue. Thank you.",promo_code
CONV-01604,Please advise: When should ORD-100665 arrive? I’m trying to sort this out before the end of the day. Any guidance would be helpful.,delivery_estimate
CONV-01605,"Hi, How can I prevent the plan from renewing? I placed the order earlier today. Thanks.",subscription_cancel
CONV-01606,I need some help. Part of ORD-102638 was not included in the delivery. This is my first time dealing with this issue.,missing_item
CONV-01607,Can you send me through the password recovery process? This is my first time dealing with this issue. Can you check?,password_reset
CONV-01608,"Hello, My discount code isn't working. I haven't changed anything on my account. Please let me know.",promo_code
CONV-01609,Could you help me? Can you send me through the password recovery process? I’m trying to sort this out before the end of the day. I'd appreciate your help.,password_reset
CONV-01610,Could you help me? Could you tell me the current status of my refund? I’m trying to sort this out before the end of the day. I'd appreciate your help.,refund_status
CONV-01611,Quick question: Can you give me an ETA for this shipment? I’m trying to sort this out before the end of the day. Thanks.,delivery_estimate
CONV-01612,I’m contacting support because Something different was packed instead of what I purchased. This is my first time dealing with this issue. Can you check?,wrong_item
CONV-01613,Could you help me? Could you tell me the current status of my refund? I placed the order earlier today. Any guidance would be helpful.,refund_status
CONV-01614,Quick question: The item arrived damaged. What should I do? I noticed this while reviewing my recent activity. I'd appreciate your help.,damaged_item
CONV-01615,"I wanted to check whether The box arrived, but adapter wasn't inside. This is my first time dealing with this issue. Thank you.",missing_item
CONV-01616,Quick question: The item arrived damaged. What should I do? I’m trying to sort this out before the end of the day. Thanks.,damaged_item
CONV-01617,I’m contacting support because I see two charges for the same purchase. I haven't changed anything on my account. Can you check?,duplicate_charge
CONV-01618,I need some help. It looks like I was billed twice for ORD-101736. This is my first time dealing with this issue. Please let me know.,duplicate_charge
CONV-01619,Could you help me? I’m checking on ORD-100245. Could you tell me its current status? I placed the order earlier today. I'd appreciate your help.,order_status
CONV-01620,"Quick question: The item was returned, but I haven't received the refund. I noticed this while reviewing my recent activity. Thanks.",refund_status
CONV-01621,Just checking — There are changes in my profile that I didn't make. I noticed this while reviewing my recent activity. Any guidance would be helpful.,account_security
CONV-01622,Just checking — The delivery date for ORD-100266 has passed and I'm still waiting. I noticed this while reviewing my recent activity. Thanks.,delivery_delay
CONV-01623,Please advise: My package contains a different product. I placed the order earlier today. Any guidance would be helpful.,wrong_item
CONV-01624,I’m contacting support because When should the refund appear in my account? This is my first time dealing with this issue. Please let me know.,refund_status
CONV-01625,Just checking — I placed ORD-100063 recently. What is happening with it? I noticed this while reviewing my recent activity. Thanks.,order_status
CONV-01626,I’m contacting support because My multi-item order is incomplete. I haven't changed anything on my account. Thank you.,missing_item
CONV-01627,Could you help me? My account suddenly won't let me log in. I noticed this while reviewing my recent activity. Any guidance would be helpful.,account_access
CONV-01628,"Hello, I'm locked out of my account and need access. This is my first time dealing with this issue. Can you check?",account_access
CONV-01629,Could you help me? Can you send me through the password recovery process? I placed the order earlier today. Thanks.,password_reset
CONV-01630,Can you send me through the password recovery process? I haven't changed anything on my account.,password_reset
CONV-01631,Could you help me? My account suddenly won't let me log in. I noticed this while reviewing my recent activity. I'd appreciate your help.,account_access
CONV-01632,I’m contacting support because I can't sign in to my account. Please let me know.,account_access
CONV-01633,I’m contacting support because Something different was packed instead of what I purchased.,wrong_item
CONV-01634,Quick question: I want to track the package that was just dispatched. I noticed this while reviewing my recent activity. I'd appreciate your help.,delivery_tracking
CONV-01635,I need some help. I can't recall my password and need to change it.,password_reset
CONV-01636,Could you help me? Could you tell me the current status of my refund? I placed the order earlier today. I’d like to resolve this today.,refund_status
CONV-01637,Just checking — I placed ORD-100103 recently. What is happening with it? I’m trying to sort this out before the end of the day. Thanks.,order_status
CONV-01638,Just checking — Part of ORD-102643 was not included in the delivery. I’m trying to sort this out before the end of the day. I'd appreciate your help.,missing_item
CONV-01639,Please advise: My parcel is 5 days late. Can you investigate? I noticed this while reviewing my recent activity. I'd appreciate your help.,delivery_delay
CONV-01640,I’m contacting support because Roughly how long will delivery take? Please let me know.,delivery_estimate
CONV-01641,I’m contacting support because I opened the package and found the product broken. This is my first time dealing with this issue. Thank you.,damaged_item
CONV-01642,I wanted to check whether I want to track the package that was just dispatched. This is my first time dealing with this issue. Can you check?,delivery_tracking
CONV-01643,"Hello, My package contains a different product. This is my first time dealing with this issue. Please let me know.",wrong_item
CONV-01644,I wanted to check whether I want to return ORD-100865. How do I start? I haven't changed anything on my account.,return_request
CONV-01645,"Hi, I think someone may have accessed my account. I noticed this while reviewing my recent activity. Thanks.",account_security
CONV-01646,Please advise: What steps do I need to follow to return this product? I placed the order earlier today. Any guidance would be helpful.,return_request
CONV-01647,"My delivery arrived, but the item inside is damaged. I haven't changed anything on my account. Thank you.",missing_item
CONV-01648,Quick question: Please stop my recurring membership. I placed the order earlier today. Any guidance would be helpful.,subscription_cancel
CONV-01649,Please advise: Why are there duplicate transactions for one order? I’m trying to sort this out before the end of the day. I’d like to resolve this today.,duplicate_charge
CONV-01650,My account suddenly won't let me log in. I haven't changed anything on my account.,account_access
CONV-01651,"Hello, Why are there duplicate transactions for one order? I haven't changed anything on my account.",duplicate_charge
CONV-01652,I wanted to check whether I want to return ORD-100835. How do I start? I haven't changed anything on my account. Thank you.,return_request
CONV-01653,"Could you help me? I expected this shipment already, but it hasn't turned up. I placed the order earlier today. Any guidance would be helpful.",delivery_delay
CONV-01654,I need some help. I placed ORD-100138 recently. What is happening with it? Thank you.,order_status
CONV-01655,I wanted to check whether The promised delivery window is over for ORD-100299.,delivery_delay
CONV-01656,I need some help. It looks like I was billed twice for ORD-101556. This is my first time dealing with this issue. Thank you.,duplicate_charge
CONV-01657,"Quick question: The item was returned, but I haven't received the refund. I placed the order earlier today. Thanks.",refund_status
CONV-01658,Please advise: My parcel is 1 days late. Can you investigate? I placed the order earlier today. Any guidance would be helpful.,delivery_delay
CONV-01659,I’m contacting support because Could you explain the return process for this purchase? This is my first time dealing with this issue. Can you check?,return_request
CONV-01660,Could you help me? Why is the coupon being rejected at checkout? I placed the order earlier today. Any guidance would be helpful.,promo_code
CONV-01661,"Hi, Could you tell me the current location or transit stage of my parcel? I’m trying to sort this out before the end of the day. I'd appreciate your help.",delivery_tracking
CONV-01662,I’m contacting support because Could you explain the return process for this purchase? This is my first time dealing with this issue.,return_request
CONV-01663,"Hi, I see two charges for the same purchase. I’m trying to sort this out before the end of the day. Thanks.",duplicate_charge
CONV-01664,I’m contacting support because I'd like to withdraw this purchase if it hasn't shipped. This is my first time dealing with this issue. Can you check?,order_cancellation
CONV-01665,One product from my order is missing. I haven't changed anything on my account.,missing_item
CONV-01666,I’m contacting support because I opened the package and found the product broken. Please let me know.,damaged_item
CONV-01667,Just checking — There is visible damage on the item I received. I noticed this while reviewing my recent activity. I'd appreciate your help.,damaged_item
CONV-01668,Please advise: What steps do I need to follow to return this product? I’m trying to sort this out before the end of the day. I’d like to resolve this today.,return_request
CONV-01669,"Hello, Could you help me end my recurring plan? Thank you.",subscription_cancel
CONV-01670,Just checking — Can I change the shipping address for ORD-103615? I placed the order earlier today. I'd appreciate your help.,address_change
CONV-01671,"Hi, Checkout keeps rejecting my payment. I noticed this while reviewing my recent activity. Any guidance would be helpful.",payment_failure
CONV-01672,I need some help. I don't want the subscription to continue after this billing period. Can you check?,subscription_cancel
CONV-01673,I want to cancel my subscription. This is my first time dealing with this issue. Can you check?,subscription_cancel
CONV-01674,Could you help me? Why is the coupon being rejected at checkout? I placed the order earlier today. Thanks.,promo_code
CONV-01675,I’m contacting support because I can't sign in to my account. This is my first time dealing with this issue. Thank you.,account_access
CONV-01676,"Hello, Why are there duplicate transactions for one order? Please let me know.",duplicate_charge
CONV-01677,"I wanted to check whether The item was returned, but I haven't received the refund. I haven't changed anything on my account.",refund_status
CONV-01678,I wanted to check whether I keep getting rejected when I try to sign in. Can you check?,account_access
CONV-01679,I wanted to check whether The item arrived damaged. What should I do?,damaged_item
CONV-01680,I wanted to check whether I want to track the package that was just dispatched. I haven't changed anything on my account. Please let me know.,delivery_tracking
CONV-01681,I need some help. There are changes in my profile that I didn't make. Please let me know.,account_security
CONV-01682,I need some help. I placed ORD-100108 recently. What is happening with it? Can you check?,order_status
CONV-01683,"Hello, Does this product come with the accessories shown? Can you check?",product_information
CONV-01684,"Hello, I'm locked out of my account and need access. Thank you.",account_access
CONV-01685,Just checking — What exactly is included with this item? I’m trying to sort this out before the end of the day. I'd appreciate your help.,product_information
CONV-01686,I need some help. I placed ORD-100058 recently. What is happening with it? I haven't changed anything on my account. Thank you.,order_status
CONV-01687,I wanted to check whether Do you have an update on ORD-100076? I want to know where it stands. I haven't changed anything on my account. Can you check?,order_status
CONV-01688,"Hi, Could you explain the return process for this purchase? I’m trying to sort this out before the end of the day. Any guidance would be helpful.",return_request
CONV-01689,"Could you help me? I expected this shipment already, but it hasn't turned up. I noticed this while reviewing my recent activity. I'd appreciate your help.",delivery_delay
CONV-01690,I need some help. Where is ORD-104905 right now? I haven't changed anything on my account.,delivery_tracking
CONV-01691,I wanted to check whether I want to return ORD-100785. How do I start? This is my first time dealing with this issue.,return_request
CONV-01692,"Hello, The product has a crack that wasn't shown in the listing. This is my first time dealing with this issue.",damaged_item
CONV-01693,"Hi, Something different was packed instead of what I purchased. I’m trying to sort this out before the end of the day. Thanks.",wrong_item
CONV-01694,Could you help me? Something about my account activity looks suspicious. I’m trying to sort this out before the end of the day. I’d like to resolve this today.,account_security
CONV-01695,Just checking — Can I change the shipping address for ORD-103605? I’m trying to sort this out before the end of the day. Any guidance would be helpful.,address_change
CONV-01696,Just checking — Can you explain the latest recurring charge? I placed the order earlier today. Thanks.,subscription_billing
CONV-01697,Quick question: Please stop ORD-101902 before it is dispatched. I’m trying to sort this out before the end of the day. I’d like to resolve this today.,order_cancellation
CONV-01698,Could you help me? The same purchase appears twice on my card statement. I placed the order earlier today. I'd appreciate your help.,duplicate_charge
CONV-01699,Quick question: Do you have an update on ORD-100121? I want to know where it stands. I’m trying to sort this out before the end of the day. I’d like to resolve this today.,order_status
CONV-01700,Just checking — Can you help me cancel my recent order? I noticed this while reviewing my recent activity. Thanks.,order_cancellation
CONV-01701,I’m contacting support because Something different was packed instead of what I purchased. This is my first time dealing with this issue. Please let me know.,wrong_item
CONV-01702,I wanted to check whether I need to redirect this package to another address. I haven't changed anything on my account. Please let me know.,address_change
CONV-01703,Quick question: I want to return ORD-100910. How do I start? I’m trying to sort this out before the end of the day. I'd appreciate your help.,return_request
CONV-01704,"Hello, Would you mind checking the latest status of ORD-100124? I haven't changed anything on my account. Can you check?",order_status
CONV-01705,I’m contacting support because My multi-item order is incomplete. This is my first time dealing with this issue. Please let me know.,missing_item
CONV-01706,I need some help. It looks like I was billed twice for ORD-101586. This is my first time dealing with this issue.,duplicate_charge
CONV-01707,I’m contacting support because Checkout keeps rejecting my payment. This is my first time dealing with this issue. Thank you.,payment_failure
CONV-01708,I’m contacting support because I think someone may have accessed my account. I haven't changed anything on my account. Thank you.,account_security
CONV-01709,Quick question: I noticed a login I don't recognize. I’m trying to sort this out before the end of the day. I’d like to resolve this today.,account_security
CONV-01710,My subscription payment was higher than I expected. This is my first time dealing with this issue. Can you check?,subscription_billing
CONV-01711,"I wanted to check whether The item was returned, but I haven't received the refund. Please let me know.",refund_status
CONV-01712,"Hello, I received a security alert for an unfamiliar sign-in. This is my first time dealing with this issue.",account_security
CONV-01713,Something about my account activity looks suspicious. This is my first time dealing with this issue. Please let me know.,account_security
CONV-01714,I need some help. There are changes in my profile that I didn't make. Can you check?,account_security
CONV-01715,Please advise: The product has a crack that wasn't shown in the listing. I placed the order earlier today. Thanks.,damaged_item
CONV-01716,Please advise: My parcel is 1 days late. Can you investigate? I placed the order earlier today. Thanks.,delivery_delay
CONV-01717,Just checking — There is visible damage on the item I received. I noticed this while reviewing my recent activity. Any guidance would be helpful.,damaged_item
CONV-01718,Could you help me? Why is the coupon being rejected at checkout? I placed the order earlier today. I'd appreciate your help.,promo_code
CONV-01719,I wanted to check whether I want to return ORD-100925. How do I start? I haven't changed anything on my account. Can you check?,return_request
CONV-01720,I’m contacting support because Why was my subscription charged this month? I haven't changed anything on my account. Can you check?,subscription_billing
CONV-01721,Quick question: The item arrived damaged. What should I do? I placed the order earlier today. I’d like to resolve this today.,damaged_item
CONV-01722,Just checking — Where is ORD-104770 right now? I’m trying to sort this out before the end of the day. I’d like to resolve this today.,delivery_tracking
CONV-01723,"I wanted to check whether I have tried several times, but the transaction won't go through. Can you check?",payment_failure
CONV-01724,"Hi, I think someone may have accessed my account. I placed the order earlier today. Any guidance would be helpful.",account_security
CONV-01725,I need some help. There is visible damage on the item I received. I haven't changed anything on my account.,damaged_item
CONV-01726,Quick question: I think I was charged more than once for a single checkout. I noticed this while reviewing my recent activity. Any guidance would be helpful.,duplicate_charge
CONV-01727,Could you help me? Could you tell me the current status of my refund? I’m trying to sort this out before the end of the day. Thanks.,refund_status
CONV-01728,"Hello, I don't recognize the amount billed for my membership. This is my first time dealing with this issue.",subscription_billing
CONV-01729,Could you help me? One product from my order is missing. I noticed this while reviewing my recent activity. Any guidance would be helpful.,missing_item
CONV-01730,Please advise: My discount code isn't working. I noticed this while reviewing my recent activity. Thanks.,promo_code
CONV-01731,I need some help. The login page won't let me access my account. I haven't changed anything on my account. Please let me know.,account_access
CONV-01732,I want to cancel my subscription.,subscription_cancel
CONV-01733,Quick question: The promised delivery window is over for ORD-100324. I’m trying to sort this out before the end of the day. I’d like to resolve this today.,delivery_delay
CONV-01734,I’m contacting support because How can I prevent the plan from renewing? This is my first time dealing with this issue. Can you check?,subscription_cancel
CONV-01735,"Hello, I entered the wrong delivery address. Can it be corrected? This is my first time dealing with this issue. Please let me know.",address_change
CONV-01736,"Hi, I opened the package and found the product broken. I placed the order earlier today. Any guidance would be helpful.",damaged_item
CONV-01737,Please advise: I received a security alert for an unfamiliar sign-in. I placed the order earlier today. Any guidance would be helpful.,account_security
CONV-01738,Please advise: I forgot my password. How can I reset it? I placed the order earlier today. Thanks.,password_reset
CONV-01739,Just checking — Why does the payment fail whenever I try to complete the order? I noticed this while reviewing my recent activity. Any guidance would be helpful.,payment_failure
CONV-01740,"Hello, Why are there duplicate transactions for one order? This is my first time dealing with this issue. Can you check?",duplicate_charge
CONV-01741,"Hello, I'm still waiting for the money from my return. Can you check? This is my first time dealing with this issue. Thank you.",refund_status
CONV-01742,Quick question: I have a question about the charge on my recurring plan. I’m trying to sort this out before the end of the day. Any guidance would be helpful.,subscription_billing
CONV-01743,"Hi, Where can I request a password reset? I’m trying to sort this out before the end of the day. I’d like to resolve this today.",password_reset
CONV-01744,"Hello, I entered the wrong delivery address. Can it be corrected? This is my first time dealing with this issue. Thank you.",address_change
CONV-01745,I’m contacting support because Checkout keeps rejecting my payment. This is my first time dealing with this issue. Can you check?,payment_failure
CONV-01746,Just checking — Has the refund for ORD-101225 been issued yet? I placed the order earlier today. I'd appreciate your help.,refund_status
CONV-01747,Quick question: I need to create a new password because I can't remember mine. I placed the order earlier today. Any guidance would be helpful.,password_reset
CONV-01748,I was sent the wrong model. This is my first time dealing with this issue.,wrong_item
CONV-01749,Just checking — I don't want the subscription to continue after this billing period. I’m trying to sort this out before the end of the day. Any guidance would be helpful.,subscription_cancel
CONV-01750,"Hello, I'm still waiting for the money from my return. Can you check? This is my first time dealing with this issue. Can you check?",refund_status
CONV-01751,Quick question: Please stop my recurring membership. I’m trying to sort this out before the end of the day. Any guidance would be helpful.,subscription_cancel
CONV-01752,Could you explain the available options for this product? Thank you.,product_information
CONV-01753,"Hi, ORD-100420 was due on Wednesday, but it still hasn't arrived. I’m trying to sort this out before the end of the day. I’d like to resolve this today.",delivery_delay
CONV-01754,Just checking — There are changes in my profile that I didn't make. I noticed this while reviewing my recent activity. Thanks.,account_security
CONV-01755,I wanted to check whether Do you have an update on ORD-100006? I want to know where it stands. Please let me know.,order_status
CONV-01756,Just checking — I changed my mind and would like to send the item back. I placed the order earlier today. Any guidance would be helpful.,return_request
CONV-01757,Just checking — It looks like I was billed twice for ORD-101691. I placed the order earlier today. I’d like to resolve this today.,duplicate_charge
CONV-01758,I wanted to check whether The promised delivery window is over for ORD-100439. This is my first time dealing with this issue. Can you check?,delivery_delay
CONV-01759,I need some help. Why does the payment fail whenever I try to complete the order? I haven't changed anything on my account. Thank you.,payment_failure
CONV-01760,I’m contacting support because Roughly how long will delivery take? This is my first time dealing with this issue.,delivery_estimate
CONV-01761,I’m contacting support because I'd like to withdraw this purchase if it hasn't shipped. Thank you.,order_cancellation
CONV-01762,I wanted to check whether Can you tell me more about this product's features? This is my first time dealing with this issue. Can you check?,product_information
CONV-01763,"Hello, I received a security alert for an unfamiliar sign-in. I haven't changed anything on my account.",account_security
CONV-01764,Quick question: The delivered item doesn't match my order. I noticed this while reviewing my recent activity. I’d like to resolve this today.,wrong_item
CONV-01765,Please advise: Does this product come with the accessories shown? I’m trying to sort this out before the end of the day. Any guidance would be helpful.,product_information
CONV-01766,I’m contacting support because Why was my subscription charged this month? I haven't changed anything on my account.,subscription_billing
CONV-01767,I need some help. Part of ORD-102518 was not included in the delivery. This is my first time dealing with this issue.,missing_item
CONV-01768,I’m contacting support because Something different was packed instead of what I purchased. Can you check?,wrong_item
CONV-01769,Please advise: I don't recognize the amount billed for my membership. I noticed this while reviewing my recent activity. I'd appreciate your help.,subscription_billing
CONV-01770,I’m contacting support because I'd like to withdraw this purchase if it hasn't shipped. I haven't changed anything on my account.,order_cancellation
CONV-01771,I wanted to check whether I have a question about the charge on my recurring plan. Can you check?,subscription_billing
CONV-01772,I’m contacting support because Could you tell me the current location or transit stage of my parcel? Can you check?,delivery_tracking
CONV-01773,One product from my order is missing. I haven't changed anything on my account. Thank you.,missing_item
CONV-01774,"Hello, Would you mind checking the latest status of ORD-100194? This is my first time dealing with this issue. Thank you.",order_status
CONV-01775,Please advise: I can't finish the purchase because the payment isn't accepted. I noticed this while reviewing my recent activity. Any guidance would be helpful.,payment_failure
CONV-01776,I’m contacting support because I need the specifications before I decide whether to buy it. This is my first time dealing with this issue. Thank you.,product_information
CONV-01777,Please advise: I'm still waiting for the money from my return. Can you check? I noticed this while reviewing my recent activity. Thanks.,refund_status
CONV-01778,Quick question: The delivered item doesn't match my order. I placed the order earlier today. Any guidance would be helpful.,wrong_item
CONV-01779,Please advise: Why are there duplicate transactions for one order? I’m trying to sort this out before the end of the day. Thanks.,duplicate_charge
CONV-01780,One product from my order is missing. I haven't changed anything on my account. Please let me know.,missing_item
CONV-01781,I wanted to check whether I need to create a new password because I can't remember mine. I haven't changed anything on my account. Please let me know.,password_reset
CONV-01782,Could you help me? One product from my order is missing. I noticed this while reviewing my recent activity. Any guidance would be helpful.,missing_item
CONV-01783,I need some help. Can you explain the latest recurring charge? Thank you.,subscription_billing
CONV-01784,Please advise: I'm locked out of my account and need access. I noticed this while reviewing my recent activity. I’d like to resolve this today.,account_access
CONV-01785,Could you help me? I was sent the wrong model. I’m trying to sort this out before the end of the day. Any guidance would be helpful.,wrong_item
CONV-01786,I need some help. Has the refund for ORD-101130 been issued yet? Please let me know.,refund_status
CONV-01787,"I wanted to check whether I have tried several times, but the transaction won't go through. This is my first time dealing with this issue. Please let me know.",payment_failure
CONV-01788,Just checking — The delivery date for ORD-100276 has passed and I'm still waiting. I’m trying to sort this out before the end of the day. I’d like to resolve this today.,delivery_delay
CONV-01789,I need some help. There is visible damage on the item I received. I haven't changed anything on my account. Please let me know.,damaged_item
CONV-01790,"Hello, My package contains a different product.",wrong_item
CONV-01791,Quick question: The promotional code says it is invalid. I’m trying to sort this out before the end of the day. Thanks.,promo_code
CONV-01792,"Hi, Checkout keeps rejecting my payment. I placed the order earlier today. Thanks.",payment_failure
CONV-01793,"Hi, My multi-item order is incomplete. I’m trying to sort this out before the end of the day. Thanks.",missing_item
CONV-01794,I’m contacting support because Can you see what stage ORD-100222 is at right now? Please let me know.,order_status
CONV-01795,I’m contacting support because I opened the package and found the product broken. I haven't changed anything on my account. Can you check?,damaged_item
CONV-01796,Just checking — Can you help me cancel my recent order? I placed the order earlier today. Thanks.,order_cancellation
CONV-01797,"Hi, Roughly how long will delivery take? I placed the order earlier today. Thanks.",delivery_estimate
CONV-01798,"Hello, I'm still waiting for the money from my return. Can you check? I haven't changed anything on my account.",refund_status
CONV-01799,I’m contacting support because How do I change the address attached to my order? Please let me know.,address_change
CONV-01800,Please advise: The product has a crack that wasn't shown in the listing. I placed the order earlier today. I'd appreciate your help.,damaged_item
CONV-01801,Please advise: I can't finish the purchase because the payment isn't accepted. I’m trying to sort this out before the end of the day. Thanks.,payment_failure
CONV-01802,I was sent the wrong model. Please let me know.,wrong_item
CONV-01803,"Could you help me? I expected this shipment already, but it hasn't turned up. I placed the order earlier today. Thanks.",delivery_delay
CONV-01804,"Hi, Could you tell me the current location or transit stage of my parcel? I’m trying to sort this out before the end of the day. I’d like to resolve this today.",delivery_tracking
CONV-01805,I’m contacting support because When should the refund appear in my account? I haven't changed anything on my account. Can you check?,refund_status
CONV-01806,"Hello, My parcel is 2 days late. Can you investigate? Please let me know.",delivery_delay
CONV-01807,"I’m contacting support because ORD-100295 was due on Thursday, but it still hasn't arrived. This is my first time dealing with this issue. Can you check?",delivery_delay
CONV-01808,"Hello, My package contains a different product. Please let me know.",wrong_item
CONV-01809,Just checking — The delivery date for ORD-100386 has passed and I'm still waiting. I noticed this while reviewing my recent activity. Thanks.,delivery_delay
CONV-01810,Please advise: I received a security alert for an unfamiliar sign-in. I noticed this while reviewing my recent activity. I'd appreciate your help.,account_security
CONV-01811,Could you help me? My subscription payment was higher than I expected. I noticed this while reviewing my recent activity. I'd appreciate your help.,subscription_billing
CONV-01812,"Hi, I opened the package and found the product broken. I’m trying to sort this out before the end of the day. Thanks.",damaged_item
CONV-01813,"Hello, I received the package, but one of the products is absent. This is my first time dealing with this issue. Can you check?",missing_item
CONV-01814,"Hello, My discount code isn't working. This is my first time dealing with this issue. Can you check?",promo_code
CONV-01815,Just checking — Can I change the shipping address for ORD-103515? I’m trying to sort this out before the end of the day. I’d like to resolve this today.,address_change
CONV-01816,I need some help. Can you help me cancel my recent order? I haven't changed anything on my account. Thank you.,order_cancellation
CONV-01817,Just checking — The discount isn't being applied even though I entered the code. I noticed this while reviewing my recent activity. I'd appreciate your help.,promo_code
CONV-01818,Could you help me? The same purchase appears twice on my card statement. I noticed this while reviewing my recent activity. I’d like to resolve this today.,duplicate_charge
CONV-01819,Quick question: The item arrived damaged. What should I do? I’m trying to sort this out before the end of the day. Thanks.,damaged_item
CONV-01820,Could you help me? My payment is being declined at checkout. I’m trying to sort this out before the end of the day. I’d like to resolve this today.,payment_failure
CONV-01821,I wanted to check whether Can you give me an ETA for this shipment? Thank you.,delivery_estimate
CONV-01822,Just checking — The item I received isn't the one I ordered. I placed the order earlier today. I’d like to resolve this today.,wrong_item
CONV-01823,"Please advise: I received the package, but one of the products is absent. I’m trying to sort this out before the end of the day. I'd appreciate your help.",missing_item
CONV-01824,Please advise: Would you mind checking the latest status of ORD-100209? I placed the order earlier today. I’d like to resolve this today.,order_status
CONV-01825,"Hi, Could you tell me the current location or transit stage of my parcel? I’m trying to sort this out before the end of the day. Thanks.",delivery_tracking
CONV-01826,"Hello, I can't finish the purchase because the payment isn't accepted. I haven't changed anything on my account. Thank you.",payment_failure
CONV-01827,I wanted to check whether The promised delivery window is over for ORD-100449. Please let me know.,delivery_delay
CONV-01828,Just checking — Can you explain the latest recurring charge? I noticed this while reviewing my recent activity. Any guidance would be helpful.,subscription_billing
CONV-01829,"Please advise: I received the package, but one of the products is absent. I placed the order earlier today. Any guidance would be helpful.",missing_item
CONV-01830,Please advise: Can you cancel ORD-101820 for me? I noticed this while reviewing my recent activity. Thanks.,order_cancellation
CONV-01831,Please advise: What steps do I need to follow to return this product? I’m trying to sort this out before the end of the day. I'd appreciate your help.,return_request
CONV-01832,I’m contacting support because I'd like to withdraw this purchase if it hasn't shipped. Can you check?,order_cancellation
CONV-01833,Please advise: Can you show me the latest tracking update for my shipment? I placed the order earlier today. I’d like to resolve this today.,delivery_tracking
CONV-01834,I need some help. I’m planning around the delivery. When is it expected? This is my first time dealing with this issue.,delivery_estimate
CONV-01835,I was sent the wrong model. I haven't changed anything on my account. Can you check?,wrong_item
CONV-01836,"Hi, How can I prevent the plan from renewing? I noticed this while reviewing my recent activity. Thanks.",subscription_cancel
CONV-01837,"Hello, Can you cancel ORD-101995 for me? I haven't changed anything on my account. Please let me know.",order_cancellation
CONV-01838,Please advise: Can you cancel ORD-101760 for me? I noticed this while reviewing my recent activity. Any guidance would be helpful.,order_cancellation
CONV-01839,"Hi, Something different was packed instead of what I purchased. I placed the order earlier today. Thanks.",wrong_item
CONV-01840,"Quick question: The box arrived, but cable wasn't inside. I noticed this while reviewing my recent activity. Thanks.",missing_item
CONV-01841,"Hi, My multi-item order is incomplete. I placed the order earlier today. Any guidance would be helpful.",missing_item
CONV-01842,I need some help. The delivery date for ORD-100411 has passed and I'm still waiting. I haven't changed anything on my account.,delivery_delay
CONV-01843,Just checking — Can you help me cancel my recent order? I placed the order earlier today. I’d like to resolve this today.,order_cancellation
CONV-01844,Just checking — I don't want the subscription to continue after this billing period. I noticed this while reviewing my recent activity. I'd appreciate your help.,subscription_cancel
CONV-01845,I’m contacting support because I opened the package and found the product broken. I haven't changed anything on my account. Thank you.,damaged_item
CONV-01846,I’m contacting support because Something different was packed instead of what I purchased.,wrong_item
CONV-01847,I need some help. I don't want the subscription to continue after this billing period. Please let me know.,subscription_cancel
CONV-01848,Why is the coupon being rejected at checkout? This is my first time dealing with this issue. Can you check?,promo_code
CONV-01849,"Hi, Could you tell me the current location or transit stage of my parcel? I placed the order earlier today. I'd appreciate your help.",order_status
CONV-01850,Please update the destination before the order ships. This is my first time dealing with this issue. Can you check?,address_change
CONV-01851,"Hi, How can I prevent the plan from renewing? I noticed this while reviewing my recent activity. Thanks.",subscription_cancel
CONV-01852,I need some help. Where is ORD-104765 right now? This is my first time dealing with this issue. Can you check?,delivery_tracking
CONV-01853,I wanted to check whether I need to redirect this package to another address. This is my first time dealing with this issue. Can you check?,address_change
CONV-01854,I’m contacting support because Why was my subscription charged this month? I haven't changed anything on my account. Please let me know.,subscription_billing
CONV-01855,I need some help. There are changes in my profile that I didn't make. Thank you.,account_security
CONV-01856,I want to cancel my subscription.,subscription_cancel
CONV-01857,"Hi, ORD-100430 was due on Monday, but it still hasn't arrived. I placed the order earlier today. Any guidance would be helpful.",delivery_delay
CONV-01858,Just checking — The discount isn't being applied even though I entered the code. I’m trying to sort this out before the end of the day. I’d like to resolve this today.,promo_code
CONV-01859,"Hello, My package contains a different product. This is my first time dealing with this issue. Please let me know.",wrong_item
CONV-01860,"Quick question: I have tried several times, but the transaction won't go through. I noticed this while reviewing my recent activity. Thanks.",payment_failure
CONV-01861,Quick question: Please stop ORD-101992 before it is dispatched. I’m trying to sort this out before the end of the day. Any guidance would be helpful.,order_cancellation
CONV-01862,I need some help. The login page won't let me access my account. Thank you.,account_access
CONV-01863,"Hello, I'm still waiting for the money from my return. Can you check? I haven't changed anything on my account. Can you check?",refund_status
CONV-01864,I wanted to check whether I need to redirect this package to another address. This is my first time dealing with this issue. Please let me know.,address_change
CONV-01865,"Quick question: I have tried several times, but the transaction won't go through. I placed the order earlier today. I'd appreciate your help.",payment_failure
CONV-01866,I need some help. Can I change the shipping address for ORD-103740? I haven't changed anything on my account. Thank you.,address_change
CONV-01867,Quick question: The item arrived damaged. What should I do? I’m trying to sort this out before the end of the day. I'd appreciate your help.,damaged_item
CONV-01868,I’m contacting support because Can you see what stage ORD-100102 is at right now? Please let me know.,order_status
CONV-01869,Why is the coupon being rejected at checkout? I haven't changed anything on my account.,promo_code
CONV-01870,Please advise: I'm locked out of my account and need access. I noticed this while reviewing my recent activity. Thanks.,account_access
CONV-01871,I need some help. Why does the payment fail whenever I try to complete the order? This is my first time dealing with this issue.,payment_failure
CONV-01872,I need some help. The login page won't let me access my account.,account_access
CONV-01873,I’m contacting support because Where can I request a password reset? Please let me know.,password_reset
CONV-01874,Please update the destination before the order ships. Can you check?,address_change
CONV-01875,"Hi, Where can I request a password reset? I placed the order earlier today. Thanks.",password_reset
CONV-01876,"Hi, Where should I enter my promo code? I placed the order earlier today. Any guidance would be helpful.",promo_code
CONV-01877,Something about my account activity looks suspicious. Can you check?,account_security
CONV-01878,I wanted to check whether I want to track the package that was just dispatched. This is my first time dealing with this issue.,delivery_tracking
CONV-01879,Quick question: I need to redirect this package to another address. I placed the order earlier today. Thanks.,address_change
CONV-01880,Could you help me? The same purchase appears twice on my card statement. I placed the order earlier today. I’d like to resolve this today.,duplicate_charge
CONV-01881,Quick question: Can you tell me more about this product's features? I placed the order earlier today. Any guidance would be helpful.,product_information
CONV-01882,I’m checking on ORD-100000. Could you tell me its current status?,order_status
CONV-01883,I’m contacting support because I see two charges for the same purchase. This is my first time dealing with this issue. Thank you.,duplicate_charge
CONV-01884,Quick question: The promotional code says it is invalid. I placed the order earlier today. Any guidance would be helpful.,promo_code
CONV-01885,I need some help. Can you explain the latest recurring charge? I haven't changed anything on my account. Can you check?,subscription_billing
CONV-01886,"Quick question: I have tried several times, but the transaction won't go through. I placed the order earlier today. I'd appreciate your help.",payment_failure
CONV-01887,Just checking — Can you explain the latest recurring charge? I placed the order earlier today. I’d like to resolve this today.,subscription_billing
CONV-01888,Could you explain the available options for this product? This is my first time dealing with this issue.,product_information
CONV-01889,Quick question: I need to redirect this package to another address. I noticed this while reviewing my recent activity. Any guidance would be helpful.,address_change
CONV-01890,Quick question: The item arrived damaged. What should I do? I placed the order earlier today. I’d like to resolve this today.,damaged_item
CONV-01891,"Hello, The product has a crack that wasn't shown in the listing. Thank you.",damaged_item
CONV-01892,Just checking — The delivery date for ORD-100396 has passed and I'm still waiting. I’m trying to sort this out before the end of the day. I’d like to resolve this today.,delivery_delay
CONV-01893,"Hello, Can you show me the latest tracking update for my shipment? I haven't changed anything on my account. Can you check?",delivery_tracking
CONV-01894,I’m contacting support because When should the refund appear in my account? Can you check?,refund_status
CONV-01895,"Hello, I forgot my password. How can I reset it? This is my first time dealing with this issue. Can you check?",password_reset
CONV-01896,Please advise: The product has a crack that wasn't shown in the listing. I’m trying to sort this out before the end of the day. I’d like to resolve this today.,damaged_item
CONV-01897,Please advise: What steps do I need to follow to return this product? I placed the order earlier today. I’d like to resolve this today.,return_request
CONV-01898,Quick question: Please stop ORD-101812 before it is dispatched. I’m trying to sort this out before the end of the day. Thanks.,order_cancellation
CONV-01899,I’m contacting support because My multi-item order is incomplete. Thank you.,missing_item
CONV-01900,"Hello, Why are there duplicate transactions for one order? I haven't changed anything on my account. Please let me know.",duplicate_charge
CONV-01901,Please advise: I don't recognize the amount billed for my membership. I’m trying to sort this out before the end of the day. Thanks.,subscription_billing
CONV-01902,"Hi, Could you explain the return process for this purchase? I noticed this while reviewing my recent activity. Thanks.",return_request
CONV-01903,"Hello, Why are there duplicate transactions for one order? Thank you.",duplicate_charge
CONV-01904,I need some help. What exactly is included with this item? I haven't changed anything on my account. Thank you.,product_information
CONV-01905,Please advise: Can you cancel ORD-101800 for me? I’m trying to sort this out before the end of the day. Any guidance would be helpful.,order_cancellation
CONV-01906,I wanted to check whether The promotional code says it is invalid. This is my first time dealing with this issue. Can you check?,promo_code
CONV-01907,I need some help. The delivery date for ORD-100381 has passed and I'm still waiting. I haven't changed anything on my account. Thank you.,delivery_delay
CONV-01908,Quick question: I keep getting rejected when I try to sign in. I placed the order earlier today. I’d like to resolve this today.,account_access
CONV-01909,I wanted to check whether The promotional code says it is invalid. This is my first time dealing with this issue.,promo_code
CONV-01910,I’m contacting support because I need the specifications before I decide whether to buy it. Can you check?,product_information
CONV-01911,Quick question: I need to redirect this package to another address. I’m trying to sort this out before the end of the day. I'd appreciate your help.,address_change
CONV-01912,"Hello, My package contains a different product. I haven't changed anything on my account. Can you check?",wrong_item
CONV-01913,Please advise: Can you cancel ORD-101780 for me? I placed the order earlier today. Thanks.,order_cancellation
CONV-01914,"I wanted to check whether The box arrived, but case wasn't inside.",missing_item
CONV-01915,I was sent the wrong model. I haven't changed anything on my account. Thank you.,wrong_item
CONV-01916,I wanted to check whether The delivered item doesn't match my order. This is my first time dealing with this issue. Thank you.,wrong_item
CONV-01917,Could you help me? Please help me arrange a return. I noticed this while reviewing my recent activity. Thanks.,return_request
CONV-01918,I wanted to check whether I need to redirect this package to another address. I haven't changed anything on my account. Can you check?,address_change
CONV-01919,I need some help. I can't recall my password and need to change it. This is my first time dealing with this issue.,password_reset
CONV-01920,I need some help. I’m planning around the delivery. When is it expected? I haven't changed anything on my account. Can you check?,delivery_estimate
CONV-01921,"Hi, When should the refund appear in my account? I placed the order earlier today. Any guidance would be helpful.",refund_status
CONV-01922,"Quick question: The item was returned, but I haven't received the refund. I placed the order earlier today. I’d like to resolve this today.",refund_status
CONV-01923,Could you help me? I want to cancel my subscription. I’m trying to sort this out before the end of the day. Any guidance would be helpful.,subscription_cancel
CONV-01924,Could you help me? My subscription payment was higher than I expected. I placed the order earlier today. I'd appreciate your help.,subscription_billing
CONV-01925,I need some help. I placed ORD-100048 recently. What is happening with it?,order_status
CONV-01926,I was sent the wrong model. Can you check?,wrong_item
CONV-01927,"Hello, When should ORD-100700 arrive? Please let me know.",delivery_tracking
CONV-01928,I wanted to check whether Can you give me an ETA for this shipment? Please let me know.,delivery_estimate
CONV-01929,I need some help. I don't want the subscription to continue after this billing period.,subscription_cancel
CONV-01930,I need some help. The discount isn't being applied even though I entered the code. I haven't changed anything on my account. Please let me know.,promo_code
CONV-01931,I’m contacting support because I think someone may have accessed my account.,account_security
CONV-01932,I’m contacting support because Roughly how long will delivery take? Please let me know.,delivery_estimate
CONV-01933,My payment is being declined at checkout. This is my first time dealing with this issue.,payment_failure
CONV-01934,"Hi, Why was my subscription charged this month? I placed the order earlier today. Any guidance would be helpful.",subscription_billing
CONV-01935,I’m contacting support because Something different was packed instead of what I purchased. I haven't changed anything on my account. Thank you.,wrong_item
CONV-01936,Could you help me? Something about my account activity looks suspicious. I noticed this while reviewing my recent activity. Thanks.,account_security
CONV-01937,"Hi, Could you explain the return process for this purchase? I placed the order earlier today. I’d like to resolve this today.",return_request
CONV-01938,Just checking — I changed my mind and would like to send the item back. I placed the order earlier today. Thanks.,return_request
CONV-01939,I wanted to check whether I think I was charged more than once for a single checkout. Thank you.,duplicate_charge
CONV-01940,I’m contacting support because Can you see what stage ORD-100092 is at right now? This is my first time dealing with this issue. Can you check?,order_status
CONV-01941,"Hi, Could you tell me the current location or transit stage of my parcel? I’m trying to sort this out before the end of the day. Thanks.",delivery_tracking
CONV-01942,Could you help me? Can you send me through the password recovery process? I placed the order earlier today. I’d like to resolve this today.,password_reset
CONV-01943,Could you help me? I was sent the wrong model. I placed the order earlier today. I'd appreciate your help.,wrong_item
CONV-01944,"Please advise: I received the package, but one of the products is absent. I placed the order earlier today. Thanks.",missing_item
CONV-01945,Could you help me? My payment is being declined at checkout. I’m trying to sort this out before the end of the day. Any guidance would be helpful.,payment_failure
CONV-01946,I’m contacting support because I can't sign in to my account. This is my first time dealing with this issue. Please let me know.,account_access
CONV-01947,Just checking — There is visible damage on the item I received. I’m trying to sort this out before the end of the day. I’d like to resolve this today.,damaged_item
CONV-01948,Just checking — I’m planning around the delivery. When is it expected? I placed the order earlier today. Any guidance would be helpful.,delivery_estimate
CONV-01949,I’m contacting support because Could you tell me the current location or transit stage of my parcel? This is my first time dealing with this issue. Please let me know.,delivery_tracking
CONV-01950,"Hello, My package contains a different product. This is my first time dealing with this issue. Can you check?",wrong_item
CONV-01951,I need some help. There is visible damage on the item I received. Thank you.,damaged_item
CONV-01952,Could you help me? I no longer want this order. Is cancellation still possible? I placed the order earlier today. Any guidance would be helpful.,order_cancellation
CONV-01953,"Hi, I see two charges for the same purchase. I placed the order earlier today. Thanks.",duplicate_charge
CONV-01954,I’m contacting support because I need the specifications before I decide whether to buy it. Can you check?,product_information
CONV-01955,I’m contacting support because Where should I enter my promo code? I haven't changed anything on my account. Thank you.,promo_code
CONV-01956,I’m contacting support because I think someone may have accessed my account. Can you check?,account_security
CONV-01957,I need some help. Has the refund for ORD-101110 been issued yet? I haven't changed anything on my account. Thank you.,refund_status
CONV-01958,I need some help. There are changes in my profile that I didn't make. This is my first time dealing with this issue. Thank you.,account_security
CONV-01959,"Hello, I don't recognize the amount billed for my membership. I haven't changed anything on my account.",subscription_billing
CONV-01960,Why is the coupon being rejected at checkout? Can you check?,promo_code
CONV-01961,Please advise: I don't recognize the amount billed for my membership. I noticed this while reviewing my recent activity. I'd appreciate your help.,subscription_billing
CONV-01962,Just checking — The delivery date for ORD-100346 has passed and I'm still waiting. I placed the order earlier today. Thanks.,delivery_delay
CONV-01963,Just checking — Has the refund for ORD-101185 been issued yet? I’m trying to sort this out before the end of the day. I'd appreciate your help.,refund_status
CONV-01964,I need some help. Can you explain the latest recurring charge? This is my first time dealing with this issue. Please let me know.,subscription_billing
CONV-01965,"Hi, I see two charges for the same purchase. I noticed this while reviewing my recent activity. I’d like to resolve this today.",duplicate_charge
CONV-01966,Could you help me? Could you explain the available options for this product? I’m trying to sort this out before the end of the day. Thanks.,product_information
CONV-01967,I’m contacting support because Roughly how long will delivery take? I haven't changed anything on my account. Can you check?,delivery_estimate
CONV-01968,Just checking — Can you help me cancel my recent order? I noticed this while reviewing my recent activity. Thanks.,order_cancellation
CONV-01969,Could you help me? I’m checking on ORD-100075. Could you tell me its current status? I noticed this while reviewing my recent activity. Any guidance would be helpful.,order_status
CONV-01970,"Hello, I can't finish the purchase because the payment isn't accepted. Please let me know.",payment_failure
CONV-01971,Please update the destination before the order ships. Please let me know.,address_change
CONV-01972,Please advise: My discount code isn't working. I’m trying to sort this out before the end of the day. Any guidance would be helpful.,promo_code
CONV-01973,I need some help. The login page won't let me access my account. This is my first time dealing with this issue. Please let me know.,account_access
CONV-01974,Could you help me? Has the courier scanned ORD-104952 yet? I noticed this while reviewing my recent activity. Thanks.,delivery_tracking
CONV-01975,Could you help me? I no longer want this order. Is cancellation still possible? I placed the order earlier today. I’d like to resolve this today.,order_cancellation
CONV-01976,Quick question: Do you have an update on ORD-100131? I want to know where it stands. I placed the order earlier today. Any guidance would be helpful.,order_status
CONV-01977,I need some help. I placed ORD-100178 recently. What is happening with it? I haven't changed anything on my account. Thank you.,order_status
CONV-01978,I wanted to check whether I keep getting rejected when I try to sign in. Thank you.,account_access
CONV-01979,Could you help me? Why is the coupon being rejected at checkout? I’m trying to sort this out before the end of the day. Thanks.,promo_code
CONV-01980,I wanted to check whether I have a question about the charge on my recurring plan. I haven't changed anything on my account. Thank you.,subscription_billing
CONV-01981,I’m contacting support because My multi-item order is incomplete. Can you check?,missing_item
CONV-01982,Quick question: Please stop ORD-101842 before it is dispatched. I’m trying to sort this out before the end of the day. I'd appreciate your help.,order_cancellation
CONV-01983,"Hello, The product has a crack that wasn't shown in the listing. Thank you.",damaged_item
CONV-01984,"Hello, Could you help me end my recurring plan? I haven't changed anything on my account.",subscription_cancel
CONV-01985,I wanted to check whether The delivered item doesn't match my order. Thank you.,wrong_item
CONV-01986,I need some help. I’m planning around the delivery. When is it expected? Please let me know.,delivery_estimate
CONV-01987,"Hi, My multi-item order is incomplete. I noticed this while reviewing my recent activity. I'd appreciate your help.",missing_item
CONV-01988,Could you help me? I’m checking on ORD-100025. Could you tell me its current status? I’m trying to sort this out before the end of the day. I’d like to resolve this today.,order_status
CONV-01989,I’m contacting support because Roughly how long will delivery take? Can you check?,delivery_estimate
CONV-01990,Has the courier scanned ORD-104977 yet? I haven't changed anything on my account.,delivery_tracking
CONV-01991,I need some help. There are changes in my profile that I didn't make. Please let me know.,account_security
CONV-01992,Just checking — I don't want the subscription to continue after this billing period. I’m trying to sort this out before the end of the day. Thanks.,subscription_cancel
CONV-01993,Just checking — I placed ORD-100173 recently. What is happening with it? I placed the order earlier today. I'd appreciate your help.,order_status
CONV-01994,Just checking — It looks like I was billed twice for ORD-101611. I noticed this while reviewing my recent activity. I’d like to resolve this today.,duplicate_charge
CONV-01995,"Hello, My parcel is 2 days late. Can you investigate? Thank you.",delivery_delay
CONV-01996,I need some help. The delivery date for ORD-100331 has passed and I'm still waiting. This is my first time dealing with this issue.,delivery_delay
CONV-01997,"Hello, I forgot my password. How can I reset it? I haven't changed anything on my account.",password_reset
CONV-01998,Please advise: I can't finish the purchase because the payment isn't accepted. I’m trying to sort this out before the end of the day. Thanks.,payment_failure
CONV-01999,Please advise: My parcel is 3 days late. Can you investigate? I’m trying to sort this out before the end of the day. Any guidance would be helpful.,delivery_delay
CONV-02000,Just checking — I can't recall my password and need to change it. I placed the order earlier today. I'd appreciate your help.,password_reset
CONV-02001,I’m contacting support because I need the specifications before I decide whether to buy it. I haven't changed anything on my account. Thank you.,product_information
CONV-02002,"I wanted to check whether The item was returned, but I haven't received the refund. Can you check?",order_cancellation
CONV-02003,I wanted to check whether The promised delivery window is over for ORD-100479. Can you check?,delivery_delay
CONV-02004,Quick question: Can you give me an ETA for this shipment? I noticed this while reviewing my recent activity. I’d like to resolve this today.,delivery_estimate
CONV-02005,I need some help. I don't want the subscription to continue after this billing period. Thank you.,subscription_cancel
CONV-02006,"Hi, Could you explain the return process for this purchase? I’m trying to sort this out before the end of the day. Thanks.",return_request
CONV-02007,Please advise: Could you help me end my recurring plan? I’m trying to sort this out before the end of the day. Any guidance would be helpful.,subscription_cancel
CONV-02008,"Hello, I'm locked out of my account and need access.",account_access
CONV-02009,"Hi, I'd like to withdraw this purchase if it hasn't shipped. I noticed this while reviewing my recent activity. Any guidance would be helpful.",order_cancellation
CONV-02010,Just checking — Why does the payment fail whenever I try to complete the order? I noticed this while reviewing my recent activity. I'd appreciate your help.,payment_failure
CONV-02011,I’m contacting support because When should the refund appear in my account? I haven't changed anything on my account. Can you check?,refund_status
CONV-02012,Just checking — The login page won't let me access my account. I placed the order earlier today. Thanks.,account_access
CONV-02013,Quick question: Please stop ORD-101952 before it is dispatched. I noticed this while reviewing my recent activity. Any guidance would be helpful.,order_cancellation
CONV-02014,Just checking — Where is ORD-104830 right now? I’m trying to sort this out before the end of the day. I'd appreciate your help.,delivery_tracking
CONV-02015,I wanted to check whether Can you tell me more about this product's features? Please let me know.,product_information
CONV-02016,Quick question: Please stop ORD-101892 before it is dispatched. I noticed this while reviewing my recent activity. Thanks.,order_cancellation
CONV-02017,"Hello, I can't finish the purchase because the payment isn't accepted. This is my first time dealing with this issue. Can you check?",payment_failure
CONV-02018,"Hi, I can't sign in to my account. I’m trying to sort this out before the end of the day. I'd appreciate your help.",account_access
CONV-02019,Could you help me? Could you explain the available options for this product? I noticed this while reviewing my recent activity. I’d like to resolve this today.,product_information
CONV-02020,"Hello, When should ORD-100660 arrive? This is my first time dealing with this issue. Please let me know.",delivery_estimate
CONV-02021,Just checking — What exactly is included with this item? I placed the order earlier today. Any guidance would be helpful.,product_information
CONV-02022,Could you help me? My subscription payment was higher than I expected. I noticed this while reviewing my recent activity. I’d like to resolve this today.,subscription_billing
CONV-02023,Quick question: I keep getting rejected when I try to sign in. I placed the order earlier today. Thanks.,account_access
CONV-02024,Has the courier scanned ORD-104937 yet?,delivery_tracking
CONV-02025,I’m contacting support because How can I prevent the plan from renewing? This is my first time dealing with this issue. Please let me know.,subscription_cancel
CONV-02026,"Hello, I received the package, but one of the products is absent. Can you check?",missing_item
CONV-02027,Just checking — What exactly is included with this item? I’m trying to sort this out before the end of the day. Any guidance would be helpful.,product_information
CONV-02028,"Hello, My parcel is 6 days late. Can you investigate? I haven't changed anything on my account.",delivery_delay
CONV-02029,Quick question: The promotional code says it is invalid. I’m trying to sort this out before the end of the day. Thanks.,promo_code
CONV-02030,I’m contacting support because Could you tell me the current location or transit stage of my parcel? I haven't changed anything on my account. Please let me know.,delivery_tracking
CONV-02031,Just checking — There are changes in my profile that I didn't make. I’m trying to sort this out before the end of the day. I'd appreciate your help.,account_security
CONV-02032,Just checking — Can I change the shipping address for ORD-103595? I noticed this while reviewing my recent activity. I’d like to resolve this today.,address_change
CONV-02033,Could you help me? Why is the coupon being rejected at checkout? I’m trying to sort this out before the end of the day. I’d like to resolve this today.,promo_code
CONV-02034,Please update the destination before the order ships. I haven't changed anything on my account.,address_change
CONV-02035,"Hi, I think someone may have accessed my account. I placed the order earlier today. Thanks.",account_access
CONV-02036,Just checking — Why does the payment fail whenever I try to complete the order? I placed the order earlier today. Thanks.,payment_failure
CONV-02037,I wanted to check whether Can you tell me more about this product's features? This is my first time dealing with this issue. Thank you.,product_information
CONV-02038,I’m contacting support because How can I prevent the plan from renewing? This is my first time dealing with this issue.,subscription_cancel
CONV-02039,I need some help. Part of ORD-102678 was not included in the delivery.,missing_item
CONV-02040,Just checking — It looks like I was billed twice for ORD-101621. I’m trying to sort this out before the end of the day. Any guidance would be helpful.,duplicate_charge
CONV-02041,Could you help me? My subscription payment was higher than I expected. I noticed this while reviewing my recent activity. Thanks.,subscription_billing
CONV-02042,"Hello, I'm locked out of my account and need access.",account_access
CONV-02043,Could you help me? I no longer want this order. Is cancellation still possible? I’m trying to sort this out before the end of the day. Any guidance would be helpful.,order_cancellation
CONV-02044,Please advise: Could you help me end my recurring plan? I noticed this while reviewing my recent activity. Thanks.,subscription_cancel
CONV-02045,I need some help. I can't recall my password and need to change it. This is my first time dealing with this issue. Thank you.,password_reset
CONV-02046,"Hi, Where should I enter my promo code? I noticed this while reviewing my recent activity. Any guidance would be helpful.",promo_code
CONV-02047,"Hi, Can you see what stage ORD-100067 is at right now? I’m trying to sort this out before the end of the day. Any guidance would be helpful.",order_status
CONV-02048,I need some help. There is visible damage on the item I received. I haven't changed anything on my account. Thank you.,damaged_item
CONV-02049,One product from my order is missing. I haven't changed anything on my account. Please let me know.,missing_item
CONV-02050,"Hi, How can I prevent the plan from renewing? I placed the order earlier today. I’d like to resolve this today.",subscription_cancel
CONV-02051,Could you help me? I want to cancel my subscription. I’m trying to sort this out before the end of the day. I’d like to resolve this today.,subscription_cancel
CONV-02052,Quick question: I want to return ORD-100820. How do I start? I’m trying to sort this out before the end of the day. Any guidance would be helpful.,return_request
CONV-02053,"Hello, I'm still waiting for the money from my return. Can you check? Please let me know.",refund_status
CONV-02054,I need some help. The login page won't let me access my account. This is my first time dealing with this issue. Please let me know.,account_access
CONV-02055,I wanted to check whether I need to create a new password because I can't remember mine.,password_reset
CONV-02056,Just checking — Part of ORD-102743 was not included in the delivery. I placed the order earlier today. I’d like to resolve this today.,missing_item
CONV-02057,I wanted to check whether The promotional code says it is invalid. I haven't changed anything on my account. Please let me know.,promo_code
CONV-02058,I need some help. The discount isn't being applied even though I entered the code. This is my first time dealing with this issue. Thank you.,promo_code
CONV-02059,Something about my account activity looks suspicious. This is my first time dealing with this issue. Please let me know.,password_reset
CONV-02060,"Quick question: The item was returned, but I haven't received the refund. I’m trying to sort this out before the end of the day. Any guidance would be helpful.",refund_status
CONV-02061,"Hello, My parcel is 4 days late. Can you investigate? This is my first time dealing with this issue. Thank you.",delivery_delay
CONV-02062,Just checking — The login page won't let me access my account. I’m trying to sort this out before the end of the day. I’d like to resolve this today.,account_access
CONV-02063,Why is the coupon being rejected at checkout? I haven't changed anything on my account. Thank you.,promo_code
CONV-02064,I wanted to check whether I keep getting rejected when I try to sign in. I haven't changed anything on my account. Please let me know.,account_access
CONV-02065,Just checking — Why does the payment fail whenever I try to complete the order? I placed the order earlier today. Thanks.,payment_failure
CONV-02066,Quick question: I think I was charged more than once for a single checkout. I noticed this while reviewing my recent activity. I’d like to resolve this today.,duplicate_charge
CONV-02067,Please help me arrange a return. I haven't changed anything on my account. Thank you.,return_request
CONV-02068,Just checking — Why does the payment fail whenever I try to complete the order? I’m trying to sort this out before the end of the day. Any guidance would be helpful.,payment_failure
CONV-02069,Just checking — Can I change the shipping address for ORD-103555? I placed the order earlier today. I’d like to resolve this today.,address_change
CONV-02070,I’m contacting support because Can you see what stage ORD-100082 is at right now? I haven't changed anything on my account. Thank you.,order_status
CONV-02071,Just checking — What exactly is included with this item? I’m trying to sort this out before the end of the day. I'd appreciate your help.,product_information
CONV-02072,Quick question: The delivered item doesn't match my order. I’m trying to sort this out before the end of the day. Thanks.,wrong_item
CONV-02073,"Hi, How do I change the address attached to my order? I noticed this while reviewing my recent activity. I’d like to resolve this today.",address_change
CONV-02074,I wanted to check whether Please stop my recurring membership. I haven't changed anything on my account.,subscription_cancel
CONV-02075,Quick question: The delivered item doesn't match my order. I placed the order earlier today. I'd appreciate your help.,wrong_item
CONV-02076,"I expected this shipment already, but it hasn't turned up. I haven't changed anything on my account. Can you check?",delivery_delay
CONV-02077,I need some help. The discount isn't being applied even though I entered the code.,promo_code
CONV-02078,Just checking — Can you help me cancel my recent order? I noticed this while reviewing my recent activity. Any guidance would be helpful.,order_cancellation
CONV-02079,"Hello, Does this product come with the accessories shown? This is my first time dealing with this issue. Can you check?",product_information
CONV-02080,Just checking — There are changes in my profile that I didn't make. I placed the order earlier today. I’d like to resolve this today.,account_security
CONV-02081,I wanted to check whether I need to create a new password because I can't remember mine. Thank you.,password_reset
CONV-02082,"Hi, I see two charges for the same purchase. I placed the order earlier today. Any guidance would be helpful.",duplicate_charge
CONV-02083,I wanted to check whether I noticed a login I don't recognize. This is my first time dealing with this issue. Can you check?,account_security
CONV-02084,Please help me arrange a return. This is my first time dealing with this issue. Please let me know.,return_request
CONV-02085,"Hello, When should ORD-100500 arrive? I haven't changed anything on my account. Please let me know.",delivery_estimate
CONV-02086,Quick question: Do you have an update on ORD-100141? I want to know where it stands. I noticed this while reviewing my recent activity. I'd appreciate your help.,order_status
CONV-02087,I’m contacting support because Checkout keeps rejecting my payment. This is my first time dealing with this issue. Thank you.,payment_failure
CONV-02088,Could you help me? Please update the destination before the order ships. I noticed this while reviewing my recent activity. Thanks.,address_change
CONV-02089,"My delivery arrived, but the item inside is damaged. I haven't changed anything on my account.",damaged_item
CONV-02090,"I wanted to check whether The item was returned, but I haven't received the refund. This is my first time dealing with this issue. Please let me know.",refund_status
CONV-02091,"Hello, I'm locked out of my account and need access. I haven't changed anything on my account. Please let me know.",account_access
CONV-02092,I wanted to check whether Please stop ORD-101787 before it is dispatched. Please let me know.,order_cancellation
CONV-02093,Could you help me? Something about my account activity looks suspicious. I placed the order earlier today. I'd appreciate your help.,account_security
CONV-02094,"Hello, When should ORD-100550 arrive?",delivery_estimate
CONV-02095,Please advise: Can you show me the latest tracking update for my shipment? I placed the order earlier today. I’d like to resolve this today.,delivery_tracking
CONV-02096,"Could you help me? My delivery arrived, but the item inside is damaged. I placed the order earlier today. Any guidance would be helpful.",damaged_item
CONV-02097,Please advise: What steps do I need to follow to return this product? I noticed this while reviewing my recent activity. Any guidance would be helpful.,return_request
CONV-02098,One product from my order is missing. Thank you.,missing_item
CONV-02099,I wanted to check whether Can you give me an ETA for this shipment? Please let me know.,delivery_estimate
CONV-02100,I need some help. Can you help me cancel my recent order?,order_cancellation
CONV-02101,"Hello, I'm locked out of my account and need access. Can you check?",account_access
CONV-02102,"Hi, Where should I enter my promo code? I’m trying to sort this out before the end of the day. Thanks.",promo_code
CONV-02103,I wanted to check whether Please stop my recurring membership. I haven't changed anything on my account. Thank you.,subscription_cancel
CONV-02104,"Hello, Why are there duplicate transactions for one order?",duplicate_charge
CONV-02105,Just checking — I’m planning around the delivery. When is it expected? I placed the order earlier today. I’d like to resolve this today.,delivery_estimate
CONV-02106,Could you help me? Has the courier scanned ORD-104832 yet? I noticed this while reviewing my recent activity. Thanks.,delivery_tracking
CONV-02107,I need some help. I changed my mind and would like to send the item back. I haven't changed anything on my account. Please let me know.,return_request
CONV-02108,Please advise: I don't recognize the amount billed for my membership. I placed the order earlier today. I'd appreciate your help.,subscription_billing
CONV-02109,"Hi, My multi-item order is incomplete. I’m trying to sort this out before the end of the day. Any guidance would be helpful.",missing_item
CONV-02110,Could you help me? The same purchase appears twice on my card statement. I noticed this while reviewing my recent activity. I’d like to resolve this today.,duplicate_charge
CONV-02111,Please advise: My discount code isn't working. I placed the order earlier today. Any guidance would be helpful.,promo_code
CONV-02112,Could you help me? I was sent the wrong model. I placed the order earlier today. Any guidance would be helpful.,wrong_item
CONV-02113,Could you help me? I’m checking on ORD-100155. Could you tell me its current status? I placed the order earlier today. Any guidance would be helpful.,order_status
CONV-02114,I was sent the wrong model. Can you check?,wrong_item
CONV-02115,"Hi, I need the specifications before I decide whether to buy it. I noticed this while reviewing my recent activity. Any guidance would be helpful.",product_information
CONV-02116,"Hi, When should the refund appear in my account? I’m trying to sort this out before the end of the day. I'd appreciate your help.",refund_status
CONV-02117,Could you help me? One product from my order is missing. I’m trying to sort this out before the end of the day. I’d like to resolve this today.,missing_item
CONV-02118,I’m contacting support because Why was my subscription charged this month? This is my first time dealing with this issue.,subscription_billing
CONV-02119,"Could you help me? I expected this shipment already, but it hasn't turned up. I’m trying to sort this out before the end of the day. I'd appreciate your help.",delivery_delay
CONV-02120,Quick question: I want to return ORD-100930. How do I start? I noticed this while reviewing my recent activity. I’d like to resolve this today.,return_request
CONV-02121,Could you help me? One product from my order is missing. I’m trying to sort this out before the end of the day. I’d like to resolve this today.,missing_item
CONV-02122,My subscription payment was higher than I expected. Can you check?,subscription_billing
CONV-02123,I’m contacting support because I think someone may have accessed my account. Can you check?,account_security
CONV-02124,"Hi, I need the specifications before I decide whether to buy it. I’m trying to sort this out before the end of the day. Thanks.",product_information
CONV-02125,I’m contacting support because I think someone may have accessed my account. I haven't changed anything on my account. Can you check?,account_security
CONV-02126,Just checking — I changed my mind and would like to send the item back. I noticed this while reviewing my recent activity. I'd appreciate your help.,return_request
CONV-02127,"Hello, Could you help me end my recurring plan? I haven't changed anything on my account. Please let me know.",subscription_cancel
CONV-02128,I need some help. What exactly is included with this item?,product_information
CONV-02129,The same purchase appears twice on my card statement.,duplicate_charge
CONV-02130,"Hello, Does this product come with the accessories shown? I haven't changed anything on my account. Please let me know.",product_information
CONV-02131,"Hello, I forgot my password. How can I reset it? This is my first time dealing with this issue. Can you check?",password_reset
CONV-02132,"Hi, I need the specifications before I decide whether to buy it. I placed the order earlier today. Any guidance would be helpful.",order_status
CONV-02133,"Hello, Does this product come with the accessories shown? Thank you.",product_information
CONV-02134,I wanted to check whether I want to return ORD-100985. How do I start? I haven't changed anything on my account.,order_cancellation
CONV-02135,Please advise: I received a security alert for an unfamiliar sign-in. I’m trying to sort this out before the end of the day. Thanks.,account_security
CONV-02136,"Hello, I'm locked out of my account and need access. I haven't changed anything on my account. Thank you.",account_access
CONV-02137,I need some help. Can you explain the latest recurring charge? I haven't changed anything on my account.,subscription_billing
CONV-02138,Has the courier scanned ORD-104777 yet? This is my first time dealing with this issue.,delivery_tracking
CONV-02139,I’m contacting support because Could you explain the return process for this purchase? Can you check?,return_request
CONV-02140,Could you help me? I was sent the wrong model. I placed the order earlier today. I’d like to resolve this today.,wrong_item
CONV-02141,"Hi, How can I prevent the plan from renewing? I noticed this while reviewing my recent activity. Any guidance would be helpful.",subscription_cancel
CONV-02142,I wanted to check whether I need to redirect this package to another address. I haven't changed anything on my account. Thank you.,address_change
CONV-02143,Please advise: I'm locked out of my account and need access. I’m trying to sort this out before the end of the day. I'd appreciate your help.,account_access
CONV-02144,Could you help me? Please update the destination before the order ships. I’m trying to sort this out before the end of the day. I'd appreciate your help.,address_change
CONV-02145,I want to cancel my subscription. This is my first time dealing with this issue.,subscription_cancel
CONV-02146,I’m contacting support because Checkout keeps rejecting my payment. I haven't changed anything on my account. Thank you.,payment_failure
CONV-02147,My payment is being declined at checkout. This is my first time dealing with this issue. Can you check?,payment_failure
CONV-02148,Quick question: The promised delivery window is over for ORD-100264. I’m trying to sort this out before the end of the day. I'd appreciate your help.,delivery_delay
CONV-02149,"Hi, Why was my subscription charged this month? I’m trying to sort this out before the end of the day. Thanks.",duplicate_charge
CONV-02150,Please help me arrange a return. This is my first time dealing with this issue.,return_request
CONV-02151,"Hello, Can you show me the latest tracking update for my shipment? Please let me know.",delivery_tracking
CONV-02152,I’m contacting support because My multi-item order is incomplete. This is my first time dealing with this issue. Please let me know.,missing_item
CONV-02153,I wanted to check whether Do you have an update on ORD-100246? I want to know where it stands. Please let me know.,order_status
CONV-02154,"Hi, How do I change the address attached to my order? I noticed this while reviewing my recent activity. Any guidance would be helpful.",address_change
CONV-02155,"Hi, I'd like to withdraw this purchase if it hasn't shipped. I’m trying to sort this out before the end of the day. I’d like to resolve this today.",order_cancellation
CONV-02156,I need some help. Where is ORD-104865 right now?,delivery_tracking
CONV-02157,"Hi, I can't sign in to my account. I’m trying to sort this out before the end of the day. I’d like to resolve this today.",account_access
CONV-02158,"Hello, What steps do I need to follow to return this product? This is my first time dealing with this issue. Thank you.",return_request
CONV-02159,"Hi, I can't sign in to my account. I placed the order earlier today. Thanks.",account_access
CONV-02160,"Could you help me? I expected this shipment already, but it hasn't turned up. I placed the order earlier today. I’d like to resolve this today.",delivery_delay
CONV-02161,Just checking — I’m planning around the delivery. When is it expected? I placed the order earlier today. Thanks.,delivery_estimate
CONV-02162,"Hello, My discount code isn't working. I haven't changed anything on my account.",product_information
CONV-02163,Please advise: Can you cancel ORD-101910 for me? I noticed this while reviewing my recent activity. I’d like to resolve this today.,order_cancellation
CONV-02164,I’m contacting support because I can't sign in to my account. This is my first time dealing with this issue.,account_access
CONV-02165,Could you tell me the current status of my refund? I haven't changed anything on my account. Can you check?,refund_status
CONV-02166,Has the courier scanned ORD-104817 yet?,delivery_tracking
CONV-02167,I wanted to check whether I noticed a login I don't recognize.,account_security
CONV-02168,Just checking — Can you explain the latest recurring charge? I noticed this while reviewing my recent activity. I’d like to resolve this today.,subscription_billing
CONV-02169,Could you help me? Could you explain the available options for this product? I’m trying to sort this out before the end of the day. Thanks.,product_information
CONV-02170,I need some help. There is visible damage on the item I received. This is my first time dealing with this issue. Can you check?,damaged_item
CONV-02171,Quick question: Can you tell me more about this product's features? I noticed this while reviewing my recent activity. I'd appreciate your help.,product_information
CONV-02172,"Hello, Can you cancel ORD-101915 for me? This is my first time dealing with this issue. Please let me know.",order_cancellation
CONV-02173,I wanted to check whether Can you give me an ETA for this shipment? This is my first time dealing with this issue. Please let me know.,delivery_estimate
CONV-02174,Please advise: My package contains a different product. I noticed this while reviewing my recent activity. Any guidance would be helpful.,wrong_item
CONV-02175,"Hi, Why was my subscription charged this month? I noticed this while reviewing my recent activity. I'd appreciate your help.",subscription_billing
CONV-02176,"Hi, I'd like to withdraw this purchase if it hasn't shipped. I noticed this while reviewing my recent activity. I'd appreciate your help.",order_cancellation
CONV-02177,Quick question: I think I was charged more than once for a single checkout. I placed the order earlier today. Thanks.,duplicate_charge
CONV-02178,"Hi, My multi-item order is incomplete. I’m trying to sort this out before the end of the day. I’d like to resolve this today.",missing_item
CONV-02179,"Could you help me? I expected this shipment already, but it hasn't turned up. I’m trying to sort this out before the end of the day. Thanks.",delivery_delay
CONV-02180,I need some help. I changed my mind and would like to send the item back. I haven't changed anything on my account. Please let me know.,return_request
CONV-02181,Why is the coupon being rejected at checkout? This is my first time dealing with this issue.,promo_code
CONV-02182,"Quick question: The item was returned, but I haven't received the refund. I’m trying to sort this out before the end of the day. I'd appreciate your help.",refund_status
CONV-02183,Could you help me? Could you tell me the current status of my refund? I noticed this while reviewing my recent activity. Any guidance would be helpful.,refund_status
CONV-02184,I wanted to check whether Please stop ORD-101967 before it is dispatched. Thank you.,order_cancellation
CONV-02185,I’m contacting support because Roughly how long will delivery take? This is my first time dealing with this issue.,delivery_estimate
CONV-02186,I want to cancel my subscription. This is my first time dealing with this issue. Can you check?,subscription_cancel
CONV-02187,Quick question: The promised delivery window is over for ORD-100484. I placed the order earlier today. I’d like to resolve this today.,delivery_delay
CONV-02188,Could you help me? My payment is being declined at checkout. I placed the order earlier today. I’d like to resolve this today.,payment_failure
CONV-02189,Could you help me? Something about my account activity looks suspicious. I noticed this while reviewing my recent activity. I'd appreciate your help.,account_security
CONV-02190,"Hi, Can you see what stage ORD-100007 is at right now? I’m trying to sort this out before the end of the day. Thanks.",order_status
CONV-02191,Something about my account activity looks suspicious. I haven't changed anything on my account.,account_security
CONV-02192,Just checking — I can't recall my password and need to change it. I noticed this while reviewing my recent activity. I’d like to resolve this today.,password_reset
CONV-02193,Could you help me? My payment is being declined at checkout. I noticed this while reviewing my recent activity. Any guidance would be helpful.,payment_failure
CONV-02194,Could you help me? I want to cancel my subscription. I placed the order earlier today. Thanks.,subscription_cancel
CONV-02195,Just checking — Can you help me cancel my recent order? I noticed this while reviewing my recent activity. I’d like to resolve this today.,order_cancellation
CONV-02196,"Hello, What steps do I need to follow to return this product? This is my first time dealing with this issue. Can you check?",return_request
CONV-02197,Please advise: I'm still waiting for the money from my return. Can you check? I’m trying to sort this out before the end of the day. Thanks.,refund_status
CONV-02198,Could you help me? My account suddenly won't let me log in. I noticed this while reviewing my recent activity. I’d like to resolve this today.,account_access
CONV-02199,I wanted to check whether I noticed a login I don't recognize. Can you check?,account_security
CONV-02200,I no longer want this order. Is cancellation still possible? Thank you.,order_cancellation
CONV-02201,I’m contacting support because Checkout keeps rejecting my payment. I haven't changed anything on my account. Please let me know.,payment_failure
CONV-02202,I’m contacting support because I'd like to withdraw this purchase if it hasn't shipped. This is my first time dealing with this issue. Thank you.,order_cancellation
CONV-02203,Please advise: I forgot my password. How can I reset it? I noticed this while reviewing my recent activity. I'd appreciate your help.,password_reset
CONV-02204,Just checking — The delivery date for ORD-100446 has passed and I'm still waiting. I noticed this while reviewing my recent activity. Any guidance would be helpful.,delivery_delay
CONV-02205,Quick question: I want to return ORD-100880. How do I start? I’m trying to sort this out before the end of the day. Thanks.,return_request
CONV-02206,I need some help. The discount isn't being applied even though I entered the code.,promo_code
CONV-02207,I’m contacting support because Could you explain the return process for this purchase? I haven't changed anything on my account. Can you check?,return_request
CONV-02208,Quick question: I think I was charged more than once for a single checkout. I noticed this while reviewing my recent activity. Any guidance would be helpful.,duplicate_charge
CONV-02209,Please advise: I received a security alert for an unfamiliar sign-in. I placed the order earlier today. I'd appreciate your help.,account_security
CONV-02210,"Hello, Can you show me the latest tracking update for my shipment? I haven't changed anything on my account.",delivery_tracking
CONV-02211,"Hello, What steps do I need to follow to return this product? I haven't changed anything on my account. Thank you.",return_request
CONV-02212,Quick question: I keep getting rejected when I try to sign in. I noticed this while reviewing my recent activity. Thanks.,account_access
CONV-02213,Please advise: I'm still waiting for the money from my return. Can you check? I noticed this while reviewing my recent activity. Thanks.,refund_status
CONV-02214,I wanted to check whether I want to track the package that was just dispatched. This is my first time dealing with this issue. Please let me know.,delivery_tracking
CONV-02215,Could you help me? What is the estimated delivery date for my package? I placed the order earlier today. I'd appreciate your help.,delivery_estimate
CONV-02216,"Hello, I don't recognize the amount billed for my membership. Please let me know.",subscription_billing
CONV-02217,Why is the coupon being rejected at checkout? I haven't changed anything on my account. Thank you.,promo_code
CONV-02218,My subscription payment was higher than I expected. I haven't changed anything on my account. Thank you.,subscription_billing
CONV-02219,Please advise: Why are there duplicate transactions for one order? I placed the order earlier today. I'd appreciate your help.,duplicate_charge
CONV-02220,"Hello, When should ORD-100610 arrive? Can you check?",delivery_estimate
CONV-02221,"Hello, When should ORD-100570 arrive? This is my first time dealing with this issue. Can you check?",delivery_estimate
CONV-02222,"Quick question: The box arrived, but headphones wasn't inside. I placed the order earlier today. I’d like to resolve this today.",missing_item
CONV-02223,I wanted to check whether I need to redirect this package to another address. Can you check?,address_change
CONV-02224,"I expected this shipment already, but it hasn't turned up. This is my first time dealing with this issue. Can you check?",delivery_delay
CONV-02225,"Hello, I forgot my password. How can I reset it? Can you check?",password_reset
CONV-02226,Just checking — I can't recall my password and need to change it. I’m trying to sort this out before the end of the day. Thanks.,password_reset
CONV-02227,Quick question: The promised delivery window is over for ORD-100434. I noticed this while reviewing my recent activity. Thanks.,delivery_delay
CONV-02228,I’m contacting support because I'd like to withdraw this purchase if it hasn't shipped. This is my first time dealing with this issue. Thank you.,order_cancellation
CONV-02229,Please advise: Could you help me end my recurring plan? I noticed this while reviewing my recent activity. Thanks.,subscription_cancel
CONV-02230,Please advise: Can you show me the latest tracking update for my shipment? I’m trying to sort this out before the end of the day. Thanks.,delivery_tracking
CONV-02231,"Could you help me? My delivery arrived, but the item inside is damaged. I’m trying to sort this out before the end of the day. I'd appreciate your help.",damaged_item
CONV-02232,Please advise: Why are there duplicate transactions for one order? I’m trying to sort this out before the end of the day. Thanks.,duplicate_charge
CONV-02233,Could you help me? I was sent the wrong model. I placed the order earlier today. I’d like to resolve this today.,missing_item
CONV-02234,Please advise: My package contains a different product. I noticed this while reviewing my recent activity. Thanks.,wrong_item
CONV-02235,Please advise: Why are there duplicate transactions for one order? I placed the order earlier today. Any guidance would be helpful.,duplicate_charge
CONV-02236,I wanted to check whether I want to return ORD-100965. How do I start? This is my first time dealing with this issue. Can you check?,return_request
CONV-02237,Could you help me? Why is the coupon being rejected at checkout? I’m trying to sort this out before the end of the day. Any guidance would be helpful.,promo_code
CONV-02238,I’m contacting support because Roughly how long will delivery take? This is my first time dealing with this issue. Thank you.,delivery_estimate
CONV-02239,I wanted to check whether Do you have an update on ORD-100176? I want to know where it stands. This is my first time dealing with this issue.,order_status
CONV-02240,Just checking — There are changes in my profile that I didn't make. I noticed this while reviewing my recent activity. Any guidance would be helpful.,account_security
CONV-02241,Just checking — Part of ORD-102543 was not included in the delivery. I noticed this while reviewing my recent activity. I’d like to resolve this today.,missing_item
CONV-02242,I need some help. Where is ORD-104935 right now? I haven't changed anything on my account. Please let me know.,delivery_tracking
CONV-02243,I wanted to check whether Can you give me an ETA for this shipment? I haven't changed anything on my account. Please let me know.,delivery_estimate
CONV-02244,I’m contacting support because Something different was packed instead of what I purchased. I haven't changed anything on my account.,wrong_item
CONV-02245,I wanted to check whether I need to redirect this package to another address. Thank you.,address_change
CONV-02246,I’m contacting support because Something different was packed instead of what I purchased. This is my first time dealing with this issue.,wrong_item
CONV-02247,"Hi, How do I change the address attached to my order? I placed the order earlier today. Thanks.",address_change
CONV-02248,Could you explain the available options for this product? Can you check?,product_information
CONV-02249,"Hello, The product has a crack that wasn't shown in the listing. This is my first time dealing with this issue.",damaged_item
CONV-02250,I wanted to check whether Can you tell me more about this product's features? I haven't changed anything on my account. Thank you.,product_information
CONV-02251,I’m contacting support because I can't sign in to my account. Thank you.,account_access
CONV-02252,"I expected this shipment already, but it hasn't turned up. Can you check?",delivery_delay
CONV-02253,Just checking — I changed my mind and would like to send the item back. I noticed this while reviewing my recent activity. Any guidance would be helpful.,return_request
CONV-02254,Please advise: Can you cancel ORD-101880 for me? I noticed this while reviewing my recent activity. Any guidance would be helpful.,order_cancellation
CONV-02255,"Hi, ORD-100370 was due on Monday, but it still hasn't arrived. I placed the order earlier today. Thanks.",delivery_delay
CONV-02256,Quick question: The delivered item doesn't match my order. I placed the order earlier today. Thanks.,wrong_item
CONV-02257,I’m contacting support because Where should I enter my promo code? This is my first time dealing with this issue.,promo_code
CONV-02258,Just checking — Has the refund for ORD-101105 been issued yet? I placed the order earlier today. I'd appreciate your help.,refund_status
CONV-02259,"Hello, I received a security alert for an unfamiliar sign-in. Please let me know.",account_security
CONV-02260,Quick question: Please stop my recurring membership. I’m trying to sort this out before the end of the day. I'd appreciate your help.,subscription_cancel
CONV-02261,"Quick question: I have tried several times, but the transaction won't go through. I noticed this while reviewing my recent activity. I’d like to resolve this today.",payment_failure
CONV-02262,"Could you help me? My delivery arrived, but the item inside is damaged. I’m trying to sort this out before the end of the day. I'd appreciate your help.",damaged_item
CONV-02263,Could you explain the available options for this product? I haven't changed anything on my account. Can you check?,product_information
CONV-02264,I’m contacting support because Something different was packed instead of what I purchased. Can you check?,wrong_item
CONV-02265,Quick question: Can you tell me more about this product's features? I’m trying to sort this out before the end of the day. Any guidance would be helpful.,product_information
CONV-02266,I need some help. Can I change the shipping address for ORD-103710? I haven't changed anything on my account. Can you check?,address_change
CONV-02267,Quick question: I want to track the package that was just dispatched. I’m trying to sort this out before the end of the day. Thanks.,delivery_tracking
CONV-02268,Please advise: I'm still waiting for the money from my return. Can you check? I placed the order earlier today. Thanks.,refund_status
CONV-02269,"Hello, My discount code isn't working. I haven't changed anything on my account. Thank you.",promo_code
CONV-02270,"Hello, I received the package, but one of the products is absent. I haven't changed anything on my account.",missing_item
CONV-02271,"Hi, Checkout keeps rejecting my payment. I placed the order earlier today. Thanks.",payment_failure
CONV-02272,"Hello, My package contains a different product. I haven't changed anything on my account. Thank you.",wrong_item
CONV-02273,"Quick question: The box arrived, but notebook wasn't inside. I noticed this while reviewing my recent activity. I'd appreciate your help.",missing_item
CONV-02274,"Hi, Why was my subscription charged this month? I’m trying to sort this out before the end of the day. Any guidance would be helpful.",subscription_billing
CONV-02275,Please advise: I can't finish the purchase because the payment isn't accepted. I placed the order earlier today. I’d like to resolve this today.,subscription_billing
CONV-02276,Could you help me? Please help me arrange a return. I’m trying to sort this out before the end of the day. I’d like to resolve this today.,return_request
CONV-02277,Something about my account activity looks suspicious. I haven't changed anything on my account. Can you check?,account_security
CONV-02278,Please advise: My discount code isn't working. I’m trying to sort this out before the end of the day. I’d like to resolve this today.,promo_code
CONV-02279,"I wanted to check whether I have tried several times, but the transaction won't go through. This is my first time dealing with this issue. Can you check?",payment_failure
CONV-02280,Quick question: The delivered item doesn't match my order. I placed the order earlier today. I’d like to resolve this today.,wrong_item
CONV-02281,Quick question: I want to return ORD-100840. How do I start? I noticed this while reviewing my recent activity. Thanks.,return_request
CONV-02282,"Hello, Does this product come with the accessories shown? This is my first time dealing with this issue. Thank you.",product_information
CONV-02283,Could you help me? What is the estimated delivery date for my package? I’m trying to sort this out before the end of the day. Thanks.,delivery_estimate
CONV-02284,"Hello, Would you mind checking the latest status of ORD-100204? Can you check?",order_status
CONV-02285,Just checking — It looks like I was billed twice for ORD-101641. I noticed this while reviewing my recent activity. Thanks.,duplicate_charge
CONV-02286,"My delivery arrived, but the item inside is damaged. Please let me know.",damaged_item
CONV-02287,I wanted to check whether I want to return ORD-100905. How do I start? This is my first time dealing with this issue.,return_request
CONV-02288,Could you help me? What is the estimated delivery date for my package? I noticed this while reviewing my recent activity. I’d like to resolve this today.,delivery_estimate
CONV-02289,Could you help me? Something about my account activity looks suspicious. I placed the order earlier today. I'd appreciate your help.,account_security
CONV-02290,Just checking — Can you help me cancel my recent order? I’m trying to sort this out before the end of the day. I’d like to resolve this today.,order_cancellation
CONV-02291,I’m contacting support because Can you see what stage ORD-100162 is at right now? Thank you.,order_status
CONV-02292,I wanted to check whether I need to create a new password because I can't remember mine. I haven't changed anything on my account.,password_reset
CONV-02293,Please update the destination before the order ships. This is my first time dealing with this issue. Thank you.,address_change
CONV-02294,Quick question: Can you tell me more about this product's features? I’m trying to sort this out before the end of the day. I'd appreciate your help.,product_information
CONV-02295,Quick question: Can you give me an ETA for this shipment? I’m trying to sort this out before the end of the day. Any guidance would be helpful.,delivery_estimate
CONV-02296,My subscription payment was higher than I expected. I haven't changed anything on my account. Can you check?,subscription_billing
CONV-02297,"I wanted to check whether I have tried several times, but the transaction won't go through. This is my first time dealing with this issue.",payment_failure
CONV-02298,Quick question: Can you give me an ETA for this shipment? I noticed this while reviewing my recent activity. I'd appreciate your help.,delivery_estimate
CONV-02299,Could you help me? Something about my account activity looks suspicious. I placed the order earlier today. Thanks.,account_security
CONV-02300,I’m contacting support because I need the specifications before I decide whether to buy it. I haven't changed anything on my account. Can you check?,product_information
CONV-02301,Could you help me? My subscription payment was higher than I expected. I noticed this while reviewing my recent activity. Thanks.,subscription_billing
CONV-02302,I was sent the wrong model. This is my first time dealing with this issue.,wrong_item
CONV-02303,Could you help me? My subscription payment was higher than I expected. I placed the order earlier today. Any guidance would be helpful.,subscription_billing
CONV-02304,I want to cancel my subscription. This is my first time dealing with this issue. Please let me know.,subscription_cancel
CONV-02305,"Hi, Why was my subscription charged this month? I’m trying to sort this out before the end of the day. I’d like to resolve this today.",subscription_billing
CONV-02306,I no longer want this order. Is cancellation still possible? This is my first time dealing with this issue.,order_cancellation
CONV-02307,"Hello, When should ORD-100640 arrive? Thank you.",delivery_estimate
CONV-02308,"Hi, How can I prevent the plan from renewing? I placed the order earlier today. I’d like to resolve this today.",subscription_cancel
CONV-02309,Quick question: Can you give me an ETA for this shipment? I noticed this while reviewing my recent activity. Thanks.,delivery_estimate
CONV-02310,Quick question: The promotional code says it is invalid. I’m trying to sort this out before the end of the day. Any guidance would be helpful.,promo_code
CONV-02311,Could you help me? I want to cancel my subscription. I’m trying to sort this out before the end of the day. I’d like to resolve this today.,subscription_cancel
CONV-02312,Just checking — The login page won't let me access my account. I noticed this while reviewing my recent activity. I’d like to resolve this today.,account_access
CONV-02313,I’m contacting support because I opened the package and found the product broken. I haven't changed anything on my account.,damaged_item
CONV-02314,"Hi, I need the specifications before I decide whether to buy it. I noticed this while reviewing my recent activity. I'd appreciate your help.",product_information
CONV-02315,Please advise: I forgot my password. How can I reset it? I noticed this while reviewing my recent activity. Thanks.,password_reset
CONV-02316,I’m contacting support because How do I change the address attached to my order? I haven't changed anything on my account.,address_change
CONV-02317,I need some help. The login page won't let me access my account. This is my first time dealing with this issue.,account_access
CONV-02318,I’m contacting support because Could you explain the return process for this purchase?,return_request
CONV-02319,What is the estimated delivery date for my package? This is my first time dealing with this issue. Can you check?,delivery_estimate
CONV-02320,"Hello, I entered the wrong delivery address. Can it be corrected? This is my first time dealing with this issue.",address_change
CONV-02321,Please advise: Can you cancel ORD-101900 for me? I placed the order earlier today. Thanks.,order_cancellation
CONV-02322,"Hello, The product has a crack that wasn't shown in the listing. This is my first time dealing with this issue. Can you check?",damaged_item
CONV-02323,"Hello, My package contains a different product. Thank you.",wrong_item
CONV-02324,"Hello, Can you cancel ORD-101885 for me? This is my first time dealing with this issue.",order_cancellation
CONV-02325,"Hello, Why are there duplicate transactions for one order? I haven't changed anything on my account.",duplicate_charge
CONV-02326,"Hi, How do I change the address attached to my order? I’m trying to sort this out before the end of the day. Any guidance would be helpful.",address_change
CONV-02327,I’m contacting support because Could you tell me the current location or transit stage of my parcel? I haven't changed anything on my account.,delivery_tracking
CONV-02328,Just checking — There is visible damage on the item I received. I placed the order earlier today. I’d like to resolve this today.,damaged_item
CONV-02329,I wanted to check whether The promotional code says it is invalid. Thank you.,promo_code
CONV-02330,Just checking — I don't want the subscription to continue after this billing period. I placed the order earlier today. Thanks.,subscription_cancel
CONV-02331,Just checking — The discount isn't being applied even though I entered the code. I placed the order earlier today. Any guidance would be helpful.,promo_code
CONV-02332,Has the courier scanned ORD-104967 yet? Please let me know.,delivery_tracking
CONV-02333,"Hi, Could you explain the return process for this purchase? I placed the order earlier today. Any guidance would be helpful.",return_request
CONV-02334,Could you help me? What is the estimated delivery date for my package? I noticed this while reviewing my recent activity. Any guidance would be helpful.,delivery_estimate
CONV-02335,"My delivery arrived, but the item inside is damaged. This is my first time dealing with this issue.",damaged_item
CONV-02336,I want to cancel my subscription. I haven't changed anything on my account. Can you check?,subscription_cancel
CONV-02337,"Hello, My package contains a different product. Please let me know.",wrong_item
CONV-02338,I wanted to check whether The promotional code says it is invalid. I haven't changed anything on my account.,promo_code
CONV-02339,"Hello, Why are there duplicate transactions for one order? I haven't changed anything on my account. Can you check?",duplicate_charge
CONV-02340,Could you help me? Why is the coupon being rejected at checkout? I placed the order earlier today. Thanks.,promo_code
CONV-02341,Just checking — Part of ORD-102533 was not included in the delivery. I placed the order earlier today. Thanks.,missing_item
CONV-02342,Could you help me? One product from my order is missing. I placed the order earlier today. Thanks.,missing_item
CONV-02343,I need some help. Has the refund for ORD-101070 been issued yet? Thank you.,refund_status
CONV-02344,"Hello, Can you cancel ORD-101775 for me? Thank you.",order_cancellation
CONV-02345,Quick question: I want to track the package that was just dispatched. I noticed this while reviewing my recent activity. Thanks.,delivery_tracking
CONV-02346,I need some help. Why does the payment fail whenever I try to complete the order? I haven't changed anything on my account. Can you check?,payment_failure
CONV-02347,"Hello, I forgot my password. How can I reset it? This is my first time dealing with this issue. Please let me know.",password_reset
CONV-02348,I wanted to check whether I want to track the package that was just dispatched. This is my first time dealing with this issue.,delivery_tracking
CONV-02349,Could you help me? I no longer want this order. Is cancellation still possible? I’m trying to sort this out before the end of the day. Thanks.,order_cancellation
CONV-02350,"Hello, I don't recognize the amount billed for my membership. I haven't changed anything on my account. Thank you.",subscription_billing
CONV-02351,"Hi, When should the refund appear in my account? I noticed this while reviewing my recent activity. Thanks.",refund_status
CONV-02352,Could you help me? My subscription payment was higher than I expected. I noticed this while reviewing my recent activity. I'd appreciate your help.,subscription_billing
CONV-02353,"Quick question: I have tried several times, but the transaction won't go through. I placed the order earlier today. Thanks.",payment_failure
CONV-02354,"I’m contacting support because ORD-100475 was due on Thursday, but it still hasn't arrived. This is my first time dealing with this issue.",delivery_delay
CONV-02355,Why is the coupon being rejected at checkout? I haven't changed anything on my account. Can you check?,promo_code
CONV-02356,Just checking — It looks like I was billed twice for ORD-101651. I’m trying to sort this out before the end of the day. I’d like to resolve this today.,duplicate_charge
CONV-02357,Just checking — I don't want the subscription to continue after this billing period. I placed the order earlier today. I’d like to resolve this today.,subscription_cancel
CONV-02358,I wanted to check whether The promotional code says it is invalid. This is my first time dealing with this issue.,promo_code
CONV-02359,One product from my order is missing. I haven't changed anything on my account. Can you check?,missing_item
CONV-02360,Please advise: My package contains a different product. I’m trying to sort this out before the end of the day. I’d like to resolve this today.,wrong_item
CONV-02361,Just checking — Part of ORD-102583 was not included in the delivery. I’m trying to sort this out before the end of the day. I’d like to resolve this today.,missing_item
CONV-02362,I need some help. Why does the payment fail whenever I try to complete the order? I haven't changed anything on my account. Please let me know.,payment_failure
CONV-02363,Just checking — I’m planning around the delivery. When is it expected? I noticed this while reviewing my recent activity. I'd appreciate your help.,delivery_estimate
CONV-02364,I wanted to check whether I need to redirect this package to another address. This is my first time dealing with this issue.,address_change
CONV-02365,Just checking — The item I received isn't the one I ordered. I’m trying to sort this out before the end of the day. I'd appreciate your help.,wrong_item
CONV-02366,I need some help. I changed my mind and would like to send the item back. Thank you.,return_request
CONV-02367,I need some help. Has the refund for ORD-101140 been issued yet? I haven't changed anything on my account.,refund_status
CONV-02368,I need some help. I changed my mind and would like to send the item back. I haven't changed anything on my account. Can you check?,return_request
CONV-02369,I’m contacting support because Checkout keeps rejecting my payment. I haven't changed anything on my account. Thank you.,payment_failure
CONV-02370,Could you help me? What is the estimated delivery date for my package? I noticed this while reviewing my recent activity. Thanks.,delivery_estimate
CONV-02371,"Hi, When should the refund appear in my account? I placed the order earlier today. Thanks.",refund_status
CONV-02372,Could you tell me the current status of my refund? This is my first time dealing with this issue.,refund_status
CONV-02373,I wanted to check whether I have a question about the charge on my recurring plan.,subscription_billing
CONV-02374,Could you help me? One product from my order is missing. I’m trying to sort this out before the end of the day. I'd appreciate your help.,missing_item
CONV-02375,Quick question: The delivered item doesn't match my order. I placed the order earlier today. Thanks.,wrong_item
CONV-02376,Just checking — Where is ORD-104750 right now? I placed the order earlier today. I'd appreciate your help.,delivery_tracking
CONV-02377,Please advise: Would you mind checking the latest status of ORD-100059? I placed the order earlier today. Any guidance would be helpful.,order_status
CONV-02378,My account suddenly won't let me log in. This is my first time dealing with this issue. Thank you.,account_access
CONV-02379,"Hi, I'd like to withdraw this purchase if it hasn't shipped. I’m trying to sort this out before the end of the day. I'd appreciate your help.",order_cancellation
CONV-02380,"I wanted to check whether The box arrived, but adapter wasn't inside. Thank you.",missing_item
CONV-02381,Please advise: Can you show me the latest tracking update for my shipment? I placed the order earlier today. Thanks.,delivery_tracking
CONV-02382,"I wanted to check whether The item was returned, but I haven't received the refund. This is my first time dealing with this issue. Thank you.",refund_status
CONV-02383,Just checking — I can't recall my password and need to change it. I noticed this while reviewing my recent activity. I'd appreciate your help.,password_reset
CONV-02384,Quick question: I need to create a new password because I can't remember mine. I’m trying to sort this out before the end of the day. Any guidance would be helpful.,password_reset
CONV-02385,Quick question: The delivered item doesn't match my order. I’m trying to sort this out before the end of the day. I'd appreciate your help.,wrong_item
CONV-02386,Quick question: I want to return ORD-100940. How do I start? I’m trying to sort this out before the end of the day. Any guidance would be helpful.,return_request
CONV-02387,I need some help. Has the refund for ORD-101080 been issued yet? I haven't changed anything on my account. Can you check?,refund_status
CONV-02388,"Hi, Can you see what stage ORD-100187 is at right now? I’m trying to sort this out before the end of the day. Any guidance would be helpful.",order_status
CONV-02389,"Hello, I received the package, but one of the products is absent. I haven't changed anything on my account. Can you check?",missing_item
CONV-02390,Quick question: The item arrived damaged. What should I do? I placed the order earlier today. I'd appreciate your help.,damaged_item
CONV-02391,"Could you help me? My delivery arrived, but the item inside is damaged. I’m trying to sort this out before the end of the day. I’d like to resolve this today.",damaged_item
CONV-02392,Just checking — Where is ORD-104890 right now? I’m trying to sort this out before the end of the day. I’d like to resolve this today.,delivery_tracking
CONV-02393,Please advise: The product has a crack that wasn't shown in the listing. I noticed this while reviewing my recent activity. Thanks.,damaged_item
CONV-02394,"Hi, How do I change the address attached to my order? I’m trying to sort this out before the end of the day. I’d like to resolve this today.",address_change
CONV-02395,My subscription payment was higher than I expected. This is my first time dealing with this issue.,subscription_billing
CONV-02396,"Hello, I entered the wrong delivery address. Can it be corrected? This is my first time dealing with this issue. Can you check?",address_change
CONV-02397,I wanted to check whether Do you have an update on ORD-100226? I want to know where it stands. I haven't changed anything on my account. Thank you.,order_status
CONV-02398,Has the courier scanned ORD-104847 yet? Please let me know.,delivery_tracking
CONV-02399,I need some help. Can you help me cancel my recent order? I haven't changed anything on my account. Can you check?,order_cancellation
CONV-02400,Please advise: I forgot my password. How can I reset it? I’m trying to sort this out before the end of the day. Any guidance would be helpful.,password_reset
CONV-02401,I need some help. The discount isn't being applied even though I entered the code. Please let me know.,promo_code
CONV-02402,Please advise: I can't finish the purchase because the payment isn't accepted. I placed the order earlier today. I'd appreciate your help.,payment_failure
CONV-02403,"Could you help me? My delivery arrived, but the item inside is damaged. I noticed this while reviewing my recent activity. Any guidance would be helpful.",damaged_item
CONV-02404,Quick question: Can you give me an ETA for this shipment? I noticed this while reviewing my recent activity. Any guidance would be helpful.,delivery_estimate
CONV-02405,I’m contacting support because When should the refund appear in my account?,refund_status
CONV-02406,I’m contacting support because I think someone may have accessed my account. This is my first time dealing with this issue. Thank you.,account_security
CONV-02407,"Hi, Why was my subscription charged this month? I placed the order earlier today. Thanks.",subscription_billing
CONV-02408,"Hi, I'd like to withdraw this purchase if it hasn't shipped. I noticed this while reviewing my recent activity. I'd appreciate your help.",order_cancellation
CONV-02409,Could you help me? My account suddenly won't let me log in. I’m trying to sort this out before the end of the day. I’d like to resolve this today.,account_access
CONV-02410,Could you help me? Could you tell me the current status of my refund? I noticed this while reviewing my recent activity. I’d like to resolve this today.,refund_status
CONV-02411,Could you help me? Why is the coupon being rejected at checkout? I noticed this while reviewing my recent activity. I'd appreciate your help.,promo_code
CONV-02412,Please advise: My package contains a different product. I noticed this while reviewing my recent activity. I'd appreciate your help.,wrong_item
CONV-02413,"I expected this shipment already, but it hasn't turned up. This is my first time dealing with this issue. Please let me know.",delivery_delay
CONV-02414,"Hello, My package contains a different product. I haven't changed anything on my account. Please let me know.",wrong_item
CONV-02415,"Quick question: I have tried several times, but the transaction won't go through. I placed the order earlier today. I’d like to resolve this today.",payment_failure
CONV-02416,"Hello, I'm still waiting for the money from my return. Can you check? This is my first time dealing with this issue.",refund_status
CONV-02417,"Could you help me? My delivery arrived, but the item inside is damaged. I’m trying to sort this out before the end of the day. Thanks.",damaged_item
CONV-02418,Could you help me? My subscription payment was higher than I expected. I noticed this while reviewing my recent activity. Any guidance would be helpful.,subscription_billing
CONV-02419,Just checking — Can you help me cancel my recent order? I noticed this while reviewing my recent activity. I'd appreciate your help.,order_cancellation
CONV-02420,I wanted to check whether I need to create a new password because I can't remember mine. I haven't changed anything on my account. Can you check?,password_reset
CONV-02421,My account suddenly won't let me log in. I haven't changed anything on my account. Can you check?,account_access
CONV-02422,I need some help. Part of ORD-102698 was not included in the delivery. This is my first time dealing with this issue. Can you check?,missing_item
CONV-02423,Quick question: I need to create a new password because I can't remember mine. I noticed this while reviewing my recent activity. Any guidance would be helpful.,password_reset
CONV-02424,Please advise: My discount code isn't working. I placed the order earlier today. Any guidance would be helpful.,promo_code
CONV-02425,I’m contacting support because I think someone may have accessed my account.,account_security
CONV-02426,I need some help. It looks like I was billed twice for ORD-101506.,duplicate_charge
CONV-02427,I’m contacting support because I'd like to withdraw this purchase if it hasn't shipped. I haven't changed anything on my account. Please let me know.,order_cancellation
CONV-02428,"Could you help me? I expected this shipment already, but it hasn't turned up. I placed the order earlier today. I'd appreciate your help.",delivery_delay
CONV-02429,My subscription payment was higher than I expected. I haven't changed anything on my account.,subscription_billing
CONV-02430,I need some help. Part of ORD-102528 was not included in the delivery. Thank you.,missing_item
CONV-02431,I’m contacting support because Could you tell me the current location or transit stage of my parcel? This is my first time dealing with this issue.,delivery_tracking
CONV-02432,I wanted to check whether I keep getting rejected when I try to sign in. I haven't changed anything on my account. Can you check?,account_access
CONV-02433,I need some help. The delivery date for ORD-100361 has passed and I'm still waiting. This is my first time dealing with this issue. Please let me know.,delivery_delay
CONV-02434,Please advise: The product has a crack that wasn't shown in the listing. I’m trying to sort this out before the end of the day. Thanks.,damaged_item
CONV-02435,I’m contacting support because When should the refund appear in my account? I haven't changed anything on my account. Thank you.,refund_status
CONV-02436,Could you help me? I want to cancel my subscription. I’m trying to sort this out before the end of the day. Any guidance would be helpful.,subscription_cancel
CONV-02437,Quick question: The item arrived damaged. What should I do? I noticed this while reviewing my recent activity. Any guidance would be helpful.,damaged_item
CONV-02438,Please advise: Can you cancel ORD-101830 for me? I’m trying to sort this out before the end of the day. I’d like to resolve this today.,order_cancellation
CONV-02439,"Quick question: The item was returned, but I haven't received the refund. I’m trying to sort this out before the end of the day. I’d like to resolve this today.",refund_status
CONV-02440,I’m contacting support because Can you see what stage ORD-100022 is at right now? I haven't changed anything on my account. Please let me know.,order_status
CONV-02441,I’m contacting support because I opened the package and found the product broken. I haven't changed anything on my account. Thank you.,damaged_item
CONV-02442,Could you help me? The same purchase appears twice on my card statement. I noticed this while reviewing my recent activity. Any guidance would be helpful.,duplicate_charge
CONV-02443,"Hi, My multi-item order is incomplete. I placed the order earlier today. I'd appreciate your help.",missing_item
CONV-02444,"Hello, I forgot my password. How can I reset it? Please let me know.",password_reset
CONV-02445,Quick question: The promotional code says it is invalid. I placed the order earlier today. Any guidance would be helpful.,promo_code
CONV-02446,I need some help. Can you explain the latest recurring charge? This is my first time dealing with this issue. Can you check?,subscription_billing
CONV-02447,I need some help. The item I received isn't the one I ordered. Thank you.,wrong_item
CONV-02448,"Hi, ORD-100460 was due on Monday, but it still hasn't arrived. I placed the order earlier today. I’d like to resolve this today.",delivery_delay
CONV-02449,Could you help me? Could you tell me the current status of my refund? I noticed this while reviewing my recent activity. Thanks.,refund_status
CONV-02450,"Hi, Can you see what stage ORD-100087 is at right now? I noticed this while reviewing my recent activity. Thanks.",order_status
CONV-02451,Could you help me? My payment is being declined at checkout. I’m trying to sort this out before the end of the day. Thanks.,payment_failure
CONV-02452,"Hi, My multi-item order is incomplete. I placed the order earlier today. I’d like to resolve this today.",missing_item
CONV-02453,Please advise: My parcel is 3 days late. Can you investigate? I’m trying to sort this out before the end of the day. Thanks.,delivery_delay
CONV-02454,Please advise: My parcel is 3 days late. Can you investigate? I’m trying to sort this out before the end of the day. Any guidance would be helpful.,delivery_delay
CONV-02455,I’m contacting support because Can you see what stage ORD-100212 is at right now? This is my first time dealing with this issue. Can you check?,order_status
CONV-02456,I’m contacting support because Something different was packed instead of what I purchased.,wrong_item
CONV-02457,Just checking — Why does the payment fail whenever I try to complete the order? I placed the order earlier today. I’d like to resolve this today.,payment_failure
CONV-02458,"Hello, Would you mind checking the latest status of ORD-100234? Thank you.",order_status
CONV-02459,"Hi, I can't sign in to my account. I noticed this while reviewing my recent activity. I’d like to resolve this today.",account_access
CONV-02460,Quick question: Can you give me an ETA for this shipment? I placed the order earlier today. Thanks.,delivery_estimate
CONV-02461,Please advise: My discount code isn't working. I noticed this while reviewing my recent activity. I’d like to resolve this today.,promo_code
CONV-02462,Just checking — The item I received isn't the one I ordered. I noticed this while reviewing my recent activity. Thanks.,wrong_item
CONV-02463,Just checking — Can you explain the latest recurring charge? I noticed this while reviewing my recent activity. Thanks.,subscription_billing
CONV-02464,I wanted to check whether The delivered item doesn't match my order.,wrong_item
CONV-02465,I wanted to check whether Can you give me an ETA for this shipment? I haven't changed anything on my account.,delivery_estimate
CONV-02466,I wanted to check whether I want to track the package that was just dispatched. This is my first time dealing with this issue. Thank you.,delivery_tracking
CONV-02467,I need some help. The item I received isn't the one I ordered. This is my first time dealing with this issue. Thank you.,wrong_item
CONV-02468,I’m contacting support because I need the specifications before I decide whether to buy it. Please let me know.,product_information
CONV-02469,"Hi, Where can I request a password reset? I’m trying to sort this out before the end of the day. I'd appreciate your help.",password_reset
CONV-02470,Just checking — Part of ORD-102503 was not included in the delivery. I placed the order earlier today. I’d like to resolve this today.,missing_item
CONV-02471,Could you help me? My subscription payment was higher than I expected. I noticed this while reviewing my recent activity. Any guidance would be helpful.,subscription_billing
CONV-02472,Please help me arrange a return. This is my first time dealing with this issue. Thank you.,return_request
CONV-02473,Quick question: I have a question about the charge on my recurring plan. I noticed this while reviewing my recent activity. Any guidance would be helpful.,subscription_billing
CONV-02474,"Hi, I think someone may have accessed my account. I’m trying to sort this out before the end of the day. Any guidance would be helpful.",account_security
CONV-02475,Could you help me? Why is the coupon being rejected at checkout? I noticed this while reviewing my recent activity. Thanks.,promo_code
CONV-02476,Can you send me through the password recovery process? I haven't changed anything on my account.,password_reset
CONV-02477,I need some help. Where is ORD-104835 right now? Thank you.,delivery_tracking
CONV-02478,Please advise: When should ORD-100685 arrive? I noticed this while reviewing my recent activity. Thanks.,delivery_estimate
CONV-02479,Just checking — I can't recall my password and need to change it. I’m trying to sort this out before the end of the day. I'd appreciate your help.,password_reset
CONV-02480,Quick question: Please stop my recurring membership. I placed the order earlier today. I’d like to resolve this today.,subscription_cancel
CONV-02481,Could you help me? Something about my account activity looks suspicious. I noticed this while reviewing my recent activity. Any guidance would be helpful.,account_security
CONV-02482,"Hi, I opened the package and found the product broken. I’m trying to sort this out before the end of the day. Any guidance would be helpful.",damaged_item
CONV-02483,"Hi, How do I change the address attached to my order? I’m trying to sort this out before the end of the day. Thanks.",address_change
CONV-02484,Please advise: Can you cancel ORD-101850 for me? I noticed this while reviewing my recent activity. I'd appreciate your help.,order_cancellation
CONV-02485,"Hello, My parcel is 4 days late. Can you investigate? This is my first time dealing with this issue. Can you check?",delivery_delay
CONV-02486,The same purchase appears twice on my card statement. This is my first time dealing with this issue. Please let me know.,duplicate_charge
CONV-02487,I wanted to check whether The item arrived damaged. What should I do? Please let me know.,damaged_item
CONV-02488,Could you help me? Something about my account activity looks suspicious. I’m trying to sort this out before the end of the day. I’d like to resolve this today.,account_security
CONV-02489,Just checking — The item I received isn't the one I ordered. I’m trying to sort this out before the end of the day. I'd appreciate your help.,wrong_item
CONV-02490,Just checking — I changed my mind and would like to send the item back. I placed the order earlier today. I'd appreciate your help.,return_request
CONV-02491,Could you help me? What is the estimated delivery date for my package? I’m trying to sort this out before the end of the day. Any guidance would be helpful.,delivery_estimate
CONV-02492,I wanted to check whether Can you give me an ETA for this shipment? This is my first time dealing with this issue. Can you check?,delivery_estimate
CONV-02493,"Hello, I'm locked out of my account and need access. I haven't changed anything on my account. Can you check?",account_access
CONV-02494,Could you help me? Could you explain the available options for this product? I noticed this while reviewing my recent activity. I'd appreciate your help.,product_information
CONV-02495,Quick question: The delivered item doesn't match my order. I’m trying to sort this out before the end of the day. Any guidance would be helpful.,wrong_item
CONV-02496,Just checking — There is visible damage on the item I received. I’m trying to sort this out before the end of the day. Thanks.,damaged_item
CONV-02497,I need some help. There are changes in my profile that I didn't make. I haven't changed anything on my account. Please let me know.,account_security
CONV-02498,Please update the destination before the order ships. This is my first time dealing with this issue. Please let me know.,address_change
CONV-02499,Please advise: I don't recognize the amount billed for my membership. I placed the order earlier today. Thanks.,subscription_billing
CONV-02500,Please advise: I'm locked out of my account and need access. I’m trying to sort this out before the end of the day. I'd appreciate your help.,account_access
CONV-02501,Just checking — It looks like I was billed twice for ORD-101511. I placed the order earlier today. I'd appreciate your help.,duplicate_charge
CONV-02502,Quick question: Please stop ORD-101882 before it is dispatched. I placed the order earlier today. I'd appreciate your help.,order_cancellation
CONV-02503,Could you help me? What is the estimated delivery date for my package? I placed the order earlier today. I'd appreciate your help.,delivery_estimate
CONV-02504,Just checking — Where is ORD-104930 right now? I placed the order earlier today. I’d like to resolve this today.,delivery_tracking
CONV-02505,Just checking — I can't recall my password and need to change it. I placed the order earlier today. I'd appreciate your help.,password_reset
CONV-02506,I wanted to check whether The promised delivery window is over for ORD-100369. I haven't changed anything on my account. Please let me know.,delivery_delay
CONV-02507,Has the courier scanned ORD-104997 yet? Can you check?,delivery_tracking
CONV-02508,I need some help. I placed ORD-100118 recently. What is happening with it? I haven't changed anything on my account. Please let me know.,order_status
CONV-02509,Quick question: I noticed a login I don't recognize. I noticed this while reviewing my recent activity. I’d like to resolve this today.,account_security
CONV-02510,I need some help. I can't recall my password and need to change it. I haven't changed anything on my account. Please let me know.,password_reset
CONV-02511,I’m contacting support because I opened the package and found the product broken. I haven't changed anything on my account.,damaged_item
CONV-02512,Please update the destination before the order ships. I haven't changed anything on my account. Can you check?,address_change
CONV-02513,Could you help me? The same purchase appears twice on my card statement. I placed the order earlier today. Any guidance would be helpful.,duplicate_charge
CONV-02514,Could you help me? Can you send me through the password recovery process? I’m trying to sort this out before the end of the day. Any guidance would be helpful.,password_reset
CONV-02515,Just checking — I changed my mind and would like to send the item back. I placed the order earlier today. I’d like to resolve this today.,return_request
CONV-02516,One product from my order is missing.,missing_item
CONV-02517,I wanted to check whether Please stop my recurring membership. Thank you.,subscription_cancel
CONV-02518,My account suddenly won't let me log in. This is my first time dealing with this issue. Please let me know.,account_access
CONV-02519,I’m contacting support because Where should I enter my promo code? I haven't changed anything on my account. Can you check?,promo_code
CONV-02520,I wanted to check whether I need to create a new password because I can't remember mine. This is my first time dealing with this issue. Can you check?,password_reset
CONV-02521,I need some help. The item I received isn't the one I ordered. Can you check?,wrong_item
CONV-02522,Could you explain the available options for this product? I haven't changed anything on my account.,order_status
CONV-02523,I need some help. Can you explain the latest recurring charge? I haven't changed anything on my account. Can you check?,subscription_billing
CONV-02524,Quick question: The item arrived damaged. What should I do? I noticed this while reviewing my recent activity. I’d like to resolve this today.,damaged_item
CONV-02525,"Hi, How do I change the address attached to my order? I placed the order earlier today. Any guidance would be helpful.",address_change
CONV-02526,Just checking — There is visible damage on the item I received. I placed the order earlier today. I'd appreciate your help.,damaged_item
CONV-02527,Quick question: The promotional code says it is invalid. I placed the order earlier today. Thanks.,promo_code
CONV-02528,Just checking — I changed my mind and would like to send the item back. I’m trying to sort this out before the end of the day. Any guidance would be helpful.,return_request
CONV-02529,Please advise: I can't finish the purchase because the payment isn't accepted. I placed the order earlier today. I'd appreciate your help.,payment_failure
CONV-02530,Please advise: Does this product come with the accessories shown? I’m trying to sort this out before the end of the day. I'd appreciate your help.,product_information
CONV-02531,"Hi, Could you tell me the current location or transit stage of my parcel? I’m trying to sort this out before the end of the day. I’d like to resolve this today.",delivery_tracking
CONV-02532,Please advise: I can't finish the purchase because the payment isn't accepted. I noticed this while reviewing my recent activity. Thanks.,payment_failure
CONV-02533,I’m contacting support because When should the refund appear in my account? This is my first time dealing with this issue. Please let me know.,refund_status
CONV-02534,"Please advise: I received the package, but one of the products is absent. I noticed this while reviewing my recent activity. I'd appreciate your help.",missing_item
CONV-02535,"I’m contacting support because ORD-100435 was due on Saturday, but it still hasn't arrived. I haven't changed anything on my account.",delivery_delay
CONV-02536,I wanted to check whether I think I was charged more than once for a single checkout.,duplicate_charge
CONV-02537,"I’m contacting support because ORD-100365 was due on Tuesday, but it still hasn't arrived. Thank you.",delivery_delay
CONV-02538,"Please advise: I received the package, but one of the products is absent. I’m trying to sort this out before the end of the day. Any guidance would be helpful.",missing_item
CONV-02539,Quick question: Do you have an update on ORD-100231? I want to know where it stands. I noticed this while reviewing my recent activity. Thanks.,order_status
CONV-02540,I wanted to check whether The promotional code says it is invalid.,promo_code
CONV-02541,Just checking — Can you explain the latest recurring charge? I’m trying to sort this out before the end of the day. I’d like to resolve this today.,subscription_billing
CONV-02542,I need some help. The discount isn't being applied even though I entered the code. Can you check?,promo_code
CONV-02543,"Hello, My parcel is 2 days late. Can you investigate? Can you check?",delivery_delay
CONV-02544,I wanted to check whether The item arrived damaged. What should I do? I haven't changed anything on my account. Thank you.,damaged_item
CONV-02545,I wanted to check whether Do you have an update on ORD-100086? I want to know where it stands. This is my first time dealing with this issue. Please let me know.,order_status
CONV-02546,Could you help me? Please help me arrange a return. I’m trying to sort this out before the end of the day. Any guidance would be helpful.,return_request
CONV-02547,Please advise: I'm still waiting for the money from my return. Can you check? I noticed this while reviewing my recent activity. Any guidance would be helpful.,refund_status
CONV-02548,I’m contacting support because I can't sign in to my account. I haven't changed anything on my account. Please let me know.,account_access
CONV-02549,Quick question: I have a question about the charge on my recurring plan. I noticed this while reviewing my recent activity. I'd appreciate your help.,subscription_billing
CONV-02550,Could you help me? Why is the coupon being rejected at checkout? I noticed this while reviewing my recent activity. I’d like to resolve this today.,promo_code
CONV-02551,I need some help. I don't want the subscription to continue after this billing period. This is my first time dealing with this issue.,subscription_cancel
CONV-02552,I need some help. Part of ORD-102658 was not included in the delivery. I haven't changed anything on my account. Can you check?,missing_item
CONV-02553,I wanted to check whether I want to return ORD-100855. How do I start? Please let me know.,return_request
CONV-02554,I need some help. I placed ORD-100078 recently. What is happening with it? Please let me know.,order_status
CONV-02555,Just checking — There is visible damage on the item I received. I placed the order earlier today. Thanks.,damaged_item
CONV-02556,I wanted to check whether Can you tell me more about this product's features? I haven't changed anything on my account. Can you check?,product_information
CONV-02557,"Hello, I entered the wrong delivery address. Can it be corrected? I haven't changed anything on my account. Please let me know.",address_change
CONV-02558,Just checking — Can you explain the latest recurring charge? I noticed this while reviewing my recent activity. Thanks.,subscription_billing
CONV-02559,Please advise: I received a security alert for an unfamiliar sign-in. I’m trying to sort this out before the end of the day. Any guidance would be helpful.,account_security
CONV-02560,I’m contacting support because Something different was packed instead of what I purchased. This is my first time dealing with this issue. Can you check?,wrong_item
CONV-02561,I need some help. Part of ORD-102598 was not included in the delivery. I haven't changed anything on my account.,missing_item
CONV-02562,Quick question: I have a question about the charge on my recurring plan. I placed the order earlier today. Thanks.,subscription_billing
CONV-02563,Could you help me? I want to cancel my subscription. I noticed this while reviewing my recent activity. I’d like to resolve this today.,subscription_cancel
CONV-02564,Please advise: I received a security alert for an unfamiliar sign-in. I noticed this while reviewing my recent activity. I'd appreciate your help.,account_security
CONV-02565,I’m contacting support because I opened the package and found the product broken.,damaged_item
CONV-02566,Quick question: The promised delivery window is over for ORD-100424. I placed the order earlier today. I'd appreciate your help.,delivery_delay
CONV-02567,Please advise: My parcel is 5 days late. Can you investigate? I noticed this while reviewing my recent activity. I'd appreciate your help.,delivery_delay
CONV-02568,I’m contacting support because I need the specifications before I decide whether to buy it. I haven't changed anything on my account.,product_information
CONV-02569,Quick question: I need to redirect this package to another address. I placed the order earlier today. Any guidance would be helpful.,address_change
CONV-02570,"Hello, Would you mind checking the latest status of ORD-100104? This is my first time dealing with this issue.",order_status
CONV-02571,Please advise: Could you help me end my recurring plan? I’m trying to sort this out before the end of the day. I'd appreciate your help.,subscription_cancel
CONV-02572,Quick question: The promotional code says it is invalid. I’m trying to sort this out before the end of the day. I’d like to resolve this today.,promo_code
CONV-02573,"Hi, I'd like to withdraw this purchase if it hasn't shipped. I placed the order earlier today. Thanks.",order_cancellation
CONV-02574,"Hello, I can't finish the purchase because the payment isn't accepted. Can you check?",payment_failure
CONV-02575,I need some help. There are changes in my profile that I didn't make. Thank you.,account_security
CONV-02576,My account suddenly won't let me log in. Thank you.,account_access
CONV-02577,"I wanted to check whether The box arrived, but shirt wasn't inside. I haven't changed anything on my account. Can you check?",missing_item
CONV-02578,I’m contacting support because Could you tell me the current location or transit stage of my parcel? This is my first time dealing with this issue. Can you check?,delivery_tracking
CONV-02579,Please advise: Why are there duplicate transactions for one order? I noticed this while reviewing my recent activity. I’d like to resolve this today.,duplicate_charge
CONV-02580,"Hi, How do I change the address attached to my order? I’m trying to sort this out before the end of the day. I’d like to resolve this today.",address_change
CONV-02581,Just checking — It looks like I was billed twice for ORD-101731. I noticed this while reviewing my recent activity. I’d like to resolve this today.,duplicate_charge
CONV-02582,"Hi, Could you tell me the current location or transit stage of my parcel? I’m trying to sort this out before the end of the day. Any guidance would be helpful.",delivery_tracking
CONV-02583,I wanted to check whether I have a question about the charge on my recurring plan. I haven't changed anything on my account.,subscription_billing
CONV-02584,Please advise: I entered the wrong delivery address. Can it be corrected? I placed the order earlier today. Thanks.,address_change
CONV-02585,I no longer want this order. Is cancellation still possible? I haven't changed anything on my account. Thank you.,order_cancellation
CONV-02586,I need some help. The item I received isn't the one I ordered.,wrong_item
CONV-02587,Please advise: Can you cancel ORD-101940 for me? I noticed this while reviewing my recent activity. Thanks.,order_cancellation
CONV-02588,I wanted to check whether Can you give me an ETA for this shipment? This is my first time dealing with this issue.,delivery_estimate
CONV-02589,Could you help me? I was sent the wrong model. I noticed this while reviewing my recent activity. Thanks.,wrong_item
CONV-02590,"Hello, My discount code isn't working. Can you check?",promo_code
CONV-02591,Just checking — The delivery date for ORD-100496 has passed and I'm still waiting. I placed the order earlier today. I'd appreciate your help.,delivery_delay
CONV-02592,Quick question: The promised delivery window is over for ORD-100464. I noticed this while reviewing my recent activity. I'd appreciate your help.,delivery_delay
CONV-02593,Just checking — Can you explain the latest recurring charge? I’m trying to sort this out before the end of the day. Thanks.,subscription_billing
CONV-02594,I’m contacting support because Where should I enter my promo code? Thank you.,promo_code
CONV-02595,I’m contacting support because Can you see what stage ORD-100172 is at right now? I haven't changed anything on my account. Can you check?,order_status
CONV-02596,I wanted to check whether I want to track the package that was just dispatched. Please let me know.,delivery_tracking
CONV-02597,Please advise: Can you show me the latest tracking update for my shipment? I noticed this while reviewing my recent activity. Any guidance would be helpful.,delivery_tracking
CONV-02598,One product from my order is missing. Please let me know.,missing_item
CONV-02599,Just checking — There are changes in my profile that I didn't make. I placed the order earlier today. Thanks.,account_security
CONV-02600,I wanted to check whether Can you tell me more about this product's features? Thank you.,product_information
CONV-02601,Just checking — The item I received isn't the one I ordered. I’m trying to sort this out before the end of the day. I’d like to resolve this today.,wrong_item
CONV-02602,I need some help. There is visible damage on the item I received. This is my first time dealing with this issue.,damaged_item
CONV-02603,Quick question: I want to return ORD-100900. How do I start? I noticed this while reviewing my recent activity. Any guidance would be helpful.,return_request
CONV-02604,"Quick question: I have tried several times, but the transaction won't go through. I placed the order earlier today. Thanks.",payment_failure
CONV-02605,Quick question: I need to redirect this package to another address. I placed the order earlier today. Any guidance would be helpful.,address_change
CONV-02606,Could you help me? What is the estimated delivery date for my package? I placed the order earlier today. Thanks.,delivery_estimate
CONV-02607,I wanted to check whether The delivered item doesn't match my order. I haven't changed anything on my account. Thank you.,wrong_item
CONV-02608,Could you help me? I was sent the wrong model. I’m trying to sort this out before the end of the day. I’d like to resolve this today.,wrong_item
CONV-02609,I’m contacting support because My multi-item order is incomplete. I haven't changed anything on my account.,missing_item
CONV-02610,My subscription payment was higher than I expected. This is my first time dealing with this issue. Please let me know.,subscription_billing
CONV-02611,"Hello, I'm still waiting for the money from my return. Can you check? I haven't changed anything on my account. Thank you.",refund_status
CONV-02612,Just checking — I’m planning around the delivery. When is it expected? I’m trying to sort this out before the end of the day. Thanks.,delivery_estimate
CONV-02613,One product from my order is missing. This is my first time dealing with this issue. Please let me know.,missing_item
CONV-02614,Please advise: I'm locked out of my account and need access. I placed the order earlier today. I’d like to resolve this today.,account_access
CONV-02615,"Hello, I received a security alert for an unfamiliar sign-in. This is my first time dealing with this issue. Thank you.",account_security
CONV-02616,Quick question: I think I was charged more than once for a single checkout. I’m trying to sort this out before the end of the day. Any guidance would be helpful.,duplicate_charge
CONV-02617,Please advise: Does this product come with the accessories shown? I noticed this while reviewing my recent activity. I'd appreciate your help.,product_information
CONV-02618,I need some help. There is visible damage on the item I received. This is my first time dealing with this issue. Thank you.,damaged_item
CONV-02619,"I wanted to check whether The box arrived, but case wasn't inside. This is my first time dealing with this issue.",missing_item
CONV-02620,"Hi, How can I prevent the plan from renewing? I’m trying to sort this out before the end of the day. Thanks.",subscription_cancel
CONV-02621,"My delivery arrived, but the item inside is damaged. Can you check?",damaged_item
CONV-02622,I need some help. I changed my mind and would like to send the item back. This is my first time dealing with this issue. Please let me know.,return_request
CONV-02623,Could you help me? Has the courier scanned ORD-104872 yet? I’m trying to sort this out before the end of the day. Thanks.,delivery_tracking
CONV-02624,I wanted to check whether I need to redirect this package to another address. This is my first time dealing with this issue.,address_change
CONV-02625,I need some help. The delivery date for ORD-100421 has passed and I'm still waiting. This is my first time dealing with this issue. Thank you.,delivery_delay
CONV-02626,Just checking — I placed ORD-100123 recently. What is happening with it? I noticed this while reviewing my recent activity. Any guidance would be helpful.,order_status
CONV-02627,"Hello, I don't recognize the amount billed for my membership. This is my first time dealing with this issue. Thank you.",subscription_billing
CONV-02628,I need some help. Part of ORD-102628 was not included in the delivery. I haven't changed anything on my account. Please let me know.,missing_item
CONV-02629,Please help me arrange a return. Thank you.,return_request
CONV-02630,I need some help. Why does the payment fail whenever I try to complete the order? I haven't changed anything on my account. Can you check?,payment_failure
CONV-02631,"Hi, Checkout keeps rejecting my payment. I’m trying to sort this out before the end of the day. Thanks.",payment_failure
CONV-02632,"Hello, The product has a crack that wasn't shown in the listing. This is my first time dealing with this issue. Can you check?",damaged_item
CONV-02633,"Hi, I see two charges for the same purchase. I noticed this while reviewing my recent activity. I'd appreciate your help.",duplicate_charge
CONV-02634,The same purchase appears twice on my card statement. Can you check?,duplicate_charge
CONV-02635,"Hello, Can you cancel ORD-101795 for me? This is my first time dealing with this issue. Please let me know.",order_cancellation
CONV-02636,I need some help. Where is ORD-104815 right now? I haven't changed anything on my account. Please let me know.,delivery_tracking
CONV-02637,I wanted to check whether The promised delivery window is over for ORD-100399. I haven't changed anything on my account. Can you check?,delivery_delay
CONV-02638,Just checking — The item I received isn't the one I ordered. I noticed this while reviewing my recent activity. Any guidance would be helpful.,wrong_item
CONV-02639,Just checking — I changed my mind and would like to send the item back. I noticed this while reviewing my recent activity. I’d like to resolve this today.,return_request
CONV-02640,I wanted to check whether I want to track the package that was just dispatched. Can you check?,delivery_tracking
CONV-02641,"Hello, I'm locked out of my account and need access. I haven't changed anything on my account.",account_access
CONV-02642,"Hi, Checkout keeps rejecting my payment. I’m trying to sort this out before the end of the day. I’d like to resolve this today.",payment_failure
CONV-02643,I’m contacting support because My multi-item order is incomplete. I haven't changed anything on my account.,missing_item
CONV-02644,I wanted to check whether Can you tell me more about this product's features? This is my first time dealing with this issue.,product_information
CONV-02645,I wanted to check whether The item arrived damaged. What should I do? This is my first time dealing with this issue. Thank you.,damaged_item
CONV-02646,Just checking — I changed my mind and would like to send the item back. I’m trying to sort this out before the end of the day. I'd appreciate your help.,return_request
CONV-02647,Just checking — The delivery date for ORD-100456 has passed and I'm still waiting. I’m trying to sort this out before the end of the day. I'd appreciate your help.,delivery_estimate
CONV-02648,Quick question: I have a question about the charge on my recurring plan. I’m trying to sort this out before the end of the day. Thanks.,subscription_billing
CONV-02649,"Hi, When should the refund appear in my account? I noticed this while reviewing my recent activity. Any guidance would be helpful.",refund_status
CONV-02650,Please advise: Can you cancel ORD-101950 for me? I’m trying to sort this out before the end of the day. I’d like to resolve this today.,order_cancellation
CONV-02651,Just checking — The discount isn't being applied even though I entered the code. I placed the order earlier today. Thanks.,promo_code
CONV-02652,Just checking — I’m planning around the delivery. When is it expected? I’m trying to sort this out before the end of the day. Any guidance would be helpful.,delivery_estimate
CONV-02653,I’m contacting support because Something different was packed instead of what I purchased. This is my first time dealing with this issue. Thank you.,wrong_item
CONV-02654,Could you help me? What is the estimated delivery date for my package? I’m trying to sort this out before the end of the day. Any guidance would be helpful.,delivery_estimate
CONV-02655,Could you help me? I was sent the wrong model. I’m trying to sort this out before the end of the day. I'd appreciate your help.,wrong_item
CONV-02656,I’m contacting support because I'd like to withdraw this purchase if it hasn't shipped. I haven't changed anything on my account. Can you check?,order_cancellation
CONV-02657,I need some help. Part of ORD-102748 was not included in the delivery. I haven't changed anything on my account. Please let me know.,missing_item
CONV-02658,I’m contacting support because Where should I enter my promo code? I haven't changed anything on my account. Please let me know.,promo_code
CONV-02659,I wanted to check whether I noticed a login I don't recognize. I haven't changed anything on my account. Can you check?,account_security
CONV-02660,"Hi, I think someone may have accessed my account. I’m trying to sort this out before the end of the day. I’d like to resolve this today.",account_security
CONV-02661,Please advise: Can you show me the latest tracking update for my shipment? I noticed this while reviewing my recent activity. I'd appreciate your help.,delivery_tracking
CONV-02662,Quick question: I noticed a login I don't recognize. I placed the order earlier today. Any guidance would be helpful.,account_security
CONV-02663,Just checking — Can you help me cancel my recent order? I’m trying to sort this out before the end of the day. Thanks.,order_cancellation
CONV-02664,I wanted to check whether The promised delivery window is over for ORD-100389. Thank you.,delivery_delay
CONV-02665,"Hi, Something different was packed instead of what I purchased. I’m trying to sort this out before the end of the day. Any guidance would be helpful.",wrong_item
CONV-02666,Just checking — I don't want the subscription to continue after this billing period. I placed the order earlier today. I’d like to resolve this today.,subscription_cancel
CONV-02667,Quick question: Please stop my recurring membership. I’m trying to sort this out before the end of the day. Any guidance would be helpful.,subscription_cancel
CONV-02668,I wanted to check whether I want to return ORD-100845. How do I start? This is my first time dealing with this issue. Can you check?,return_request
CONV-02669,I wanted to check whether Can you give me an ETA for this shipment? I haven't changed anything on my account.,delivery_estimate
CONV-02670,Quick question: Do you have an update on ORD-100091? I want to know where it stands. I’m trying to sort this out before the end of the day. Any guidance would be helpful.,order_status
CONV-02671,"Hello, Could you help me end my recurring plan? I haven't changed anything on my account. Can you check?",subscription_cancel
CONV-02672,I need some help. Can you help me cancel my recent order? Please let me know.,order_cancellation
CONV-02673,Please advise: I'm locked out of my account and need access. I noticed this while reviewing my recent activity. Any guidance would be helpful.,account_access
CONV-02674,"Hello, I don't recognize the amount billed for my membership. Thank you.",subscription_billing
CONV-02675,Please advise: I'm locked out of my account and need access. I noticed this while reviewing my recent activity. I'd appreciate your help.,account_access
CONV-02676,"Please advise: I received the package, but one of the products is absent. I’m trying to sort this out before the end of the day. Any guidance would be helpful.",missing_item
CONV-02677,I need some help. It looks like I was billed twice for ORD-101676. This is my first time dealing with this issue. Thank you.,duplicate_charge
CONV-02678,"I wanted to check whether The item was returned, but I haven't received the refund. This is my first time dealing with this issue. Can you check?",refund_status
CONV-02679,Please advise: Can you cancel ORD-101960 for me? I placed the order earlier today. Any guidance would be helpful.,order_cancellation
CONV-02680,One product from my order is missing. This is my first time dealing with this issue. Can you check?,missing_item
CONV-02681,"Hi, How can I prevent the plan from renewing? I placed the order earlier today. Any guidance would be helpful.",subscription_cancel
CONV-02682,"Hi, Can you see what stage ORD-100237 is at right now? I noticed this while reviewing my recent activity. I'd appreciate your help.",order_status
CONV-02683,Quick question: I need to create a new password because I can't remember mine. I’m trying to sort this out before the end of the day. I'd appreciate your help.,password_reset
CONV-02684,Please advise: I received a security alert for an unfamiliar sign-in. I noticed this while reviewing my recent activity. I’d like to resolve this today.,account_security
CONV-02685,"Quick question: The item was returned, but I haven't received the refund. I noticed this while reviewing my recent activity. I’d like to resolve this today.",refund_status
CONV-02686,"Hello, Can you cancel ORD-101805 for me?",order_cancellation
CONV-02687,I wanted to check whether The promotional code says it is invalid. This is my first time dealing with this issue. Thank you.,promo_code
CONV-02688,Just checking — I placed ORD-100163 recently. What is happening with it? I’m trying to sort this out before the end of the day. Any guidance would be helpful.,order_status
CONV-02689,Just checking — There are changes in my profile that I didn't make. I’m trying to sort this out before the end of the day. I'd appreciate your help.,account_security
CONV-02690,Could you help me? Could you explain the available options for this product? I placed the order earlier today. Thanks.,product_information
CONV-02691,I wanted to check whether Can you tell me more about this product's features? I haven't changed anything on my account.,product_information
CONV-02692,"Hello, I received a security alert for an unfamiliar sign-in. I haven't changed anything on my account. Please let me know.",account_security
CONV-02693,Just checking — I can't recall my password and need to change it. I’m trying to sort this out before the end of the day. Any guidance would be helpful.,password_reset
CONV-02694,I’m contacting support because How do I change the address attached to my order?,address_change
CONV-02695,"Hello, Could you help me end my recurring plan? Please let me know.",subscription_cancel
CONV-02696,I no longer want this order. Is cancellation still possible? Please let me know.,order_cancellation
CONV-02697,"Hi, How do I change the address attached to my order? I noticed this while reviewing my recent activity. Thanks.",address_change
CONV-02698,Quick question: I have a question about the charge on my recurring plan. I noticed this while reviewing my recent activity. I’d like to resolve this today.,subscription_billing
CONV-02699,Just checking — Why does the payment fail whenever I try to complete the order? I placed the order earlier today. I'd appreciate your help.,payment_failure
CONV-02700,Quick question: I need to redirect this package to another address. I noticed this while reviewing my recent activity. Any guidance would be helpful.,address_change
CONV-02701,Could you help me? Can you send me through the password recovery process? I placed the order earlier today. Thanks.,password_reset
CONV-02702,"Hi, I think someone may have accessed my account. I’m trying to sort this out before the end of the day. I'd appreciate your help.",account_security
CONV-02703,Please advise: My discount code isn't working. I’m trying to sort this out before the end of the day. I’d like to resolve this today.,promo_code
CONV-02704,Could you help me? Could you explain the available options for this product? I placed the order earlier today. Any guidance would be helpful.,product_information
CONV-02705,"Hi, I can't sign in to my account. I placed the order earlier today. Any guidance would be helpful.",account_access
CONV-02706,"Hi, Checkout keeps rejecting my payment. I placed the order earlier today. I'd appreciate your help.",payment_failure
CONV-02707,"Hi, Roughly how long will delivery take? I’m trying to sort this out before the end of the day. Any guidance would be helpful.",delivery_estimate
CONV-02708,Quick question: Do you have an update on ORD-100041? I want to know where it stands. I placed the order earlier today. I’d like to resolve this today.,order_status
CONV-02709,"Hello, When should ORD-100560 arrive? I haven't changed anything on my account. Thank you.",delivery_estimate
CONV-02710,"Hello, I received a security alert for an unfamiliar sign-in. I haven't changed anything on my account. Thank you.",account_security
CONV-02711,I need some help. I can't recall my password and need to change it. I haven't changed anything on my account.,password_reset
CONV-02712,Just checking — I placed ORD-100243 recently. What is happening with it? I noticed this while reviewing my recent activity. Any guidance would be helpful.,order_status
CONV-02713,"Hello, I can't finish the purchase because the payment isn't accepted. Can you check?",payment_failure
CONV-02714,"Hi, I can't sign in to my account. I’m trying to sort this out before the end of the day. Any guidance would be helpful.",account_access
CONV-02715,Quick question: I need to create a new password because I can't remember mine. I’m trying to sort this out before the end of the day. Thanks.,password_reset
CONV-02716,"Hello, Could you help me end my recurring plan? I haven't changed anything on my account. Thank you.",subscription_cancel
CONV-02717,"Hi, Checkout keeps rejecting my payment. I’m trying to sort this out before the end of the day. Any guidance would be helpful.",payment_failure
CONV-02718,I need some help. The delivery date for ORD-100261 has passed and I'm still waiting. I haven't changed anything on my account. Thank you.,delivery_delay
CONV-02719,Quick question: I keep getting rejected when I try to sign in. I noticed this while reviewing my recent activity. Any guidance would be helpful.,password_reset
CONV-02720,Quick question: I think I was charged more than once for a single checkout. I noticed this while reviewing my recent activity. Thanks.,duplicate_charge
CONV-02721,"Hi, I see two charges for the same purchase. I noticed this while reviewing my recent activity. Any guidance would be helpful.",duplicate_charge
CONV-02722,Could you help me? Has the courier scanned ORD-104792 yet? I placed the order earlier today. Thanks.,delivery_tracking
CONV-02723,Could you help me? Please help me arrange a return. I noticed this while reviewing my recent activity. I’d like to resolve this today.,return_request
CONV-02724,Could you help me? I no longer want this order. Is cancellation still possible? I’m trying to sort this out before the end of the day. I'd appreciate your help.,order_cancellation
CONV-02725,Please advise: My package contains a different product. I noticed this while reviewing my recent activity. I'd appreciate your help.,wrong_item
CONV-02726,I wanted to check whether The item arrived damaged. What should I do? This is my first time dealing with this issue. Thank you.,damaged_item
CONV-02727,"Hi, ORD-100340 was due on Monday, but it still hasn't arrived. I placed the order earlier today. I’d like to resolve this today.",delivery_delay
CONV-02728,Could you help me? My account suddenly won't let me log in. I placed the order earlier today. Any guidance would be helpful.,account_access
CONV-02729,Just checking — It looks like I was billed twice for ORD-101601. I placed the order earlier today. Thanks.,duplicate_charge
CONV-02730,I want to cancel my subscription. This is my first time dealing with this issue. Please let me know.,subscription_cancel
CONV-02731,Could you explain the available options for this product? This is my first time dealing with this issue.,product_information
CONV-02732,"Hi, ORD-100480 was due on Wednesday, but it still hasn't arrived. I’m trying to sort this out before the end of the day. I'd appreciate your help.",delivery_delay
CONV-02733,I’m contacting support because I can't sign in to my account. I haven't changed anything on my account.,account_access
CONV-02734,I need some help. The discount isn't being applied even though I entered the code. This is my first time dealing with this issue. Please let me know.,promo_code
CONV-02735,I need some help. Can I change the shipping address for ORD-103540? This is my first time dealing with this issue. Thank you.,address_change
CONV-02736,"Hello, Does this product come with the accessories shown?",product_information
CONV-02737,Can you send me through the password recovery process? I haven't changed anything on my account. Thank you.,password_reset
CONV-02738,Could you help me? I want to cancel my subscription. I noticed this while reviewing my recent activity. I’d like to resolve this today.,subscription_cancel
CONV-02739,Could you help me? I no longer want this order. Is cancellation still possible? I noticed this while reviewing my recent activity. I’d like to resolve this today.,order_cancellation
CONV-02740,I’m contacting support because Where should I enter my promo code? This is my first time dealing with this issue. Please let me know.,promo_code
CONV-02741,I wanted to check whether The delivered item doesn't match my order. This is my first time dealing with this issue. Thank you.,wrong_item
CONV-02742,"Hello, I'm locked out of my account and need access. This is my first time dealing with this issue. Can you check?",account_access
CONV-02743,I want to cancel my subscription. This is my first time dealing with this issue. Thank you.,subscription_cancel
CONV-02744,I need some help. Can you explain the latest recurring charge?,subscription_billing
CONV-02745,Just checking — What exactly is included with this item? I noticed this while reviewing my recent activity. Thanks.,product_information
CONV-02746,"Hi, How do I change the address attached to my order? I noticed this while reviewing my recent activity. I'd appreciate your help.",address_change
CONV-02747,"I wanted to check whether I have tried several times, but the transaction won't go through. I haven't changed anything on my account.",payment_failure
CONV-02748,Quick question: I need to create a new password because I can't remember mine. I placed the order earlier today. I’d like to resolve this today.,password_reset
CONV-02749,"Hi, I need the specifications before I decide whether to buy it. I’m trying to sort this out before the end of the day. Thanks.",product_information
CONV-02750,I need some help. I can't recall my password and need to change it. I haven't changed anything on my account. Thank you.,password_reset
CONV-02751,Please advise: Does this product come with the accessories shown? I noticed this while reviewing my recent activity. Thanks.,product_information
CONV-02752,"Hello, My parcel is 2 days late. Can you investigate?",delivery_delay
CONV-02753,I wanted to check whether Please stop my recurring membership. This is my first time dealing with this issue. Can you check?,subscription_cancel
CONV-02754,Please advise: Does this product come with the accessories shown? I noticed this while reviewing my recent activity. I’d like to resolve this today.,product_information
CONV-02755,I’m contacting support because My multi-item order is incomplete. I haven't changed anything on my account. Can you check?,missing_item
CONV-02756,I wanted to check whether Can you tell me more about this product's features?,product_information
CONV-02757,I need some help. Why does the payment fail whenever I try to complete the order?,payment_failure
CONV-02758,What is the estimated delivery date for my package? I haven't changed anything on my account. Thank you.,delivery_estimate
CONV-02759,I need some help. There is visible damage on the item I received. I haven't changed anything on my account. Please let me know.,damaged_item
CONV-02760,I wanted to check whether Can you give me an ETA for this shipment? I haven't changed anything on my account. Thank you.,delivery_estimate
CONV-02761,Please advise: I'm locked out of my account and need access. I placed the order earlier today. Any guidance would be helpful.,account_access
CONV-02762,I wanted to check whether The delivered item doesn't match my order. Thank you.,wrong_item
CONV-02763,Could you help me? One product from my order is missing. I placed the order earlier today. Any guidance would be helpful.,missing_item
CONV-02764,"Hi, Why was my subscription charged this month? I placed the order earlier today. Thanks.",duplicate_charge
CONV-02765,Please update the destination before the order ships. I haven't changed anything on my account. Can you check?,address_change
CONV-02766,I need some help. There are changes in my profile that I didn't make. This is my first time dealing with this issue. Can you check?,account_security
CONV-02767,Can you send me through the password recovery process? Can you check?,password_reset
CONV-02768,"Hello, Could you help me end my recurring plan? I haven't changed anything on my account. Thank you.",subscription_cancel
CONV-02769,One product from my order is missing. This is my first time dealing with this issue. Please let me know.,missing_item
CONV-02770,My payment is being declined at checkout. Thank you.,payment_failure
CONV-02771,My account suddenly won't let me log in.,account_access
CONV-02772,Could you help me? I’m checking on ORD-100115. Could you tell me its current status? I’m trying to sort this out before the end of the day. Any guidance would be helpful.,order_status
CONV-02773,I no longer want this order. Is cancellation still possible? I haven't changed anything on my account.,order_cancellation
CONV-02774,Please advise: I can't finish the purchase because the payment isn't accepted. I placed the order earlier today. Thanks.,payment_failure
CONV-02775,"Hello, My package contains a different product. I haven't changed anything on my account. Please let me know.",wrong_item
CONV-02776,Could you tell me the current status of my refund? Can you check?,refund_status
CONV-02777,"Quick question: The box arrived, but cable wasn't inside. I’m trying to sort this out before the end of the day. Thanks.",missing_item
CONV-02778,I’m contacting support because Why was my subscription charged this month? Can you check?,subscription_billing
CONV-02779,Please advise: Does this product come with the accessories shown? I’m trying to sort this out before the end of the day. Thanks.,product_information
CONV-02780,"Quick question: The item was returned, but I haven't received the refund. I placed the order earlier today. I'd appreciate your help.",refund_status
CONV-02781,Just checking — I don't want the subscription to continue after this billing period. I placed the order earlier today. Any guidance would be helpful.,subscription_cancel
CONV-02782,"Hi, Can you see what stage ORD-100057 is at right now? I noticed this while reviewing my recent activity. I’d like to resolve this today.",order_status
CONV-02783,I wanted to check whether I have a question about the charge on my recurring plan. I haven't changed anything on my account.,subscription_billing
CONV-02784,"Hi, Where should I enter my promo code? I noticed this while reviewing my recent activity. I'd appreciate your help.",promo_code
CONV-02785,I need some help. Where is ORD-104945 right now? This is my first time dealing with this issue.,delivery_tracking
CONV-02786,"Hi, I see two charges for the same purchase. I’m trying to sort this out before the end of the day. I'd appreciate your help.",duplicate_charge
CONV-02787,I’m contacting support because I opened the package and found the product broken. This is my first time dealing with this issue. Can you check?,damaged_item
CONV-02788,Quick question: I need to redirect this package to another address. I noticed this while reviewing my recent activity. Thanks.,address_change
CONV-02789,I need some help. The item I received isn't the one I ordered.,wrong_item
CONV-02790,"Hello, I received the package, but one of the products is absent. Please let me know.",missing_item
CONV-02791,I’m contacting support because Where can I request a password reset? This is my first time dealing with this issue. Thank you.,password_reset
CONV-02792,I wanted to check whether I have a question about the charge on my recurring plan. Thank you.,subscription_billing
CONV-02793,Just checking — Can I change the shipping address for ORD-103655? I noticed this while reviewing my recent activity. I'd appreciate your help.,address_change
CONV-02794,Quick question: Can you give me an ETA for this shipment? I’m trying to sort this out before the end of the day. I'd appreciate your help.,delivery_estimate
CONV-02795,Please advise: My discount code isn't working. I’m trying to sort this out before the end of the day. I'd appreciate your help.,promo_code
CONV-02796,"Quick question: The item was returned, but I haven't received the refund. I placed the order earlier today. I’d like to resolve this today.",refund_status
CONV-02797,I’m contacting support because Could you tell me the current location or transit stage of my parcel? I haven't changed anything on my account. Please let me know.,delivery_tracking
CONV-02798,"Quick question: I have tried several times, but the transaction won't go through. I’m trying to sort this out before the end of the day. I’d like to resolve this today.",payment_failure
CONV-02799,I wanted to check whether I want to track the package that was just dispatched.,delivery_tracking
CONV-02800,I’m contacting support because Can you see what stage ORD-100072 is at right now?,order_status
CONV-02801,Quick question: Please stop ORD-101922 before it is dispatched. I noticed this while reviewing my recent activity. I'd appreciate your help.,order_cancellation
CONV-02802,"Hi, Where can I request a password reset? I placed the order earlier today. I’d like to resolve this today.",password_reset
CONV-02803,Just checking — Can you help me cancel my recent order? I’m trying to sort this out before the end of the day. Thanks.,order_cancellation
CONV-02804,"Hi, Roughly how long will delivery take? I’m trying to sort this out before the end of the day. I’d like to resolve this today.",delivery_estimate
CONV-02805,"Hi, Where should I enter my promo code? I noticed this while reviewing my recent activity. Any guidance would be helpful.",promo_code
CONV-02806,Just checking — Has the refund for ORD-101005 been issued yet? I’m trying to sort this out before the end of the day. I’d like to resolve this today.,refund_status
CONV-02807,I need some help. Part of ORD-102668 was not included in the delivery. This is my first time dealing with this issue. Please let me know.,missing_item
CONV-02808,I need some help. Has the refund for ORD-101190 been issued yet? Thank you.,refund_status
CONV-02809,"Hi, I need the specifications before I decide whether to buy it. I placed the order earlier today. I’d like to resolve this today.",product_information
CONV-02810,"Quick question: The box arrived, but mug wasn't inside. I’m trying to sort this out before the end of the day. Any guidance would be helpful.",missing_item
CONV-02811,Just checking — Has the refund for ORD-101125 been issued yet? I’m trying to sort this out before the end of the day. I’d like to resolve this today.,refund_status
CONV-02812,Please advise: I'm still waiting for the money from my return. Can you check? I noticed this while reviewing my recent activity. I'd appreciate your help.,refund_status
CONV-02813,I’m contacting support because I need the specifications before I decide whether to buy it. I haven't changed anything on my account.,product_information
CONV-02814,I’m contacting support because Why was my subscription charged this month? Thank you.,subscription_billing
CONV-02815,Just checking — There are changes in my profile that I didn't make. I placed the order earlier today. Any guidance would be helpful.,account_security
CONV-02816,Please advise: What steps do I need to follow to return this product? I placed the order earlier today. I'd appreciate your help.,return_request
CONV-02817,"Hi, I think someone may have accessed my account. I noticed this while reviewing my recent activity. Any guidance would be helpful.",account_security
CONV-02818,"Hello, I received the package, but one of the products is absent. Please let me know.",missing_item
CONV-02819,Please advise: Why are there duplicate transactions for one order? I placed the order earlier today. Thanks.,duplicate_charge
CONV-02820,Just checking — Where is ORD-104790 right now? I noticed this while reviewing my recent activity. I'd appreciate your help.,delivery_tracking
CONV-02821,Could you help me? I no longer want this order. Is cancellation still possible? I noticed this while reviewing my recent activity. I'd appreciate your help.,order_cancellation
CONV-02822,Just checking — There are changes in my profile that I didn't make. I placed the order earlier today. I'd appreciate your help.,account_security
CONV-02823,I’m contacting support because Could you tell me the current location or transit stage of my parcel? I haven't changed anything on my account. Can you check?,delivery_tracking
CONV-02824,"Hello, I entered the wrong delivery address. Can it be corrected? I haven't changed anything on my account. Please let me know.",address_change
CONV-02825,"Hi, ORD-100440 was due on Friday, but it still hasn't arrived. I noticed this while reviewing my recent activity. I'd appreciate your help.",delivery_delay
CONV-02826,"Hello, Can you show me the latest tracking update for my shipment? This is my first time dealing with this issue. Please let me know.",delivery_tracking
CONV-02827,I need some help. Has the refund for ORD-101100 been issued yet?,refund_status
CONV-02828,I’m contacting support because Why was my subscription charged this month? Thank you.,subscription_billing
CONV-02829,I’m contacting support because Where can I request a password reset? I haven't changed anything on my account. Please let me know.,password_reset
CONV-02830,Just checking — I’m planning around the delivery. When is it expected? I noticed this while reviewing my recent activity. Any guidance would be helpful.,delivery_estimate
CONV-02831,I need some help. It looks like I was billed twice for ORD-101546. I haven't changed anything on my account.,duplicate_charge
CONV-02832,Please advise: Can you show me the latest tracking update for my shipment? I placed the order earlier today. Any guidance would be helpful.,delivery_tracking
CONV-02833,I need some help. Can I change the shipping address for ORD-103560? I haven't changed anything on my account. Please let me know.,address_change
CONV-02834,Quick question: Please stop my recurring membership. I’m trying to sort this out before the end of the day. I’d like to resolve this today.,subscription_cancel
CONV-02835,Please advise: I entered the wrong delivery address. Can it be corrected? I placed the order earlier today. Any guidance would be helpful.,address_change
CONV-02836,"Hello, When should ORD-100630 arrive? This is my first time dealing with this issue.",delivery_estimate
CONV-02837,I wanted to check whether Can you give me an ETA for this shipment? This is my first time dealing with this issue. Thank you.,delivery_estimate
CONV-02838,"Hi, When should the refund appear in my account? I placed the order earlier today. I'd appreciate your help.",refund_status
CONV-02839,Please advise: My parcel is 5 days late. Can you investigate? I noticed this while reviewing my recent activity. Thanks.,delivery_delay
CONV-02840,I wanted to check whether I think I was charged more than once for a single checkout. Please let me know.,duplicate_charge
CONV-02841,I need some help. I can't recall my password and need to change it. This is my first time dealing with this issue. Please let me know.,password_reset
CONV-02842,Just checking — What exactly is included with this item? I’m trying to sort this out before the end of the day. I'd appreciate your help.,product_information
CONV-02843,I’m contacting support because Where can I request a password reset? This is my first time dealing with this issue. Thank you.,password_reset
CONV-02844,"Hi, Checkout keeps rejecting my payment. I noticed this while reviewing my recent activity. Thanks.",payment_failure
CONV-02845,"Hello, Could you help me end my recurring plan? This is my first time dealing with this issue. Can you check?",subscription_cancel
CONV-02846,Please advise: I entered the wrong delivery address. Can it be corrected? I placed the order earlier today. Any guidance would be helpful.,address_change
CONV-02847,I need some help. Part of ORD-102578 was not included in the delivery. This is my first time dealing with this issue. Can you check?,missing_item
CONV-02848,I wanted to check whether Please stop my recurring membership. Can you check?,subscription_billing
CONV-02849,Please advise: Would you mind checking the latest status of ORD-100049? I’m trying to sort this out before the end of the day. I’d like to resolve this today.,order_status
CONV-02850,I need some help. The discount isn't being applied even though I entered the code. I haven't changed anything on my account. Please let me know.,promo_code
CONV-02851,Could you help me? Something about my account activity looks suspicious. I noticed this while reviewing my recent activity. I’d like to resolve this today.,account_security
CONV-02852,Please advise: What steps do I need to follow to return this product? I noticed this while reviewing my recent activity. I’d like to resolve this today.,return_request
CONV-02853,Could you tell me the current status of my refund? This is my first time dealing with this issue. Can you check?,refund_status
CONV-02854,Just checking — I’m planning around the delivery. When is it expected? I’m trying to sort this out before the end of the day. I’d like to resolve this today.,delivery_estimate
CONV-02855,Could you help me? Please update the destination before the order ships. I placed the order earlier today. Any guidance would be helpful.,address_change
CONV-02856,"Quick question: The box arrived, but headphones wasn't inside. I’m trying to sort this out before the end of the day. I’d like to resolve this today.",missing_item
CONV-02857,I wanted to check whether I want to track the package that was just dispatched. This is my first time dealing with this issue.,delivery_tracking
CONV-02858,I’m contacting support because I see two charges for the same purchase. I haven't changed anything on my account. Thank you.,duplicate_charge
CONV-02859,I need some help. It looks like I was billed twice for ORD-101656. Please let me know.,duplicate_charge
CONV-02860,I need some help. The item I received isn't the one I ordered. I haven't changed anything on my account. Please let me know.,wrong_item
CONV-02861,I’m contacting support because How do I change the address attached to my order? I haven't changed anything on my account. Thank you.,address_change
CONV-02862,Quick question: I have a question about the charge on my recurring plan. I noticed this while reviewing my recent activity. I'd appreciate your help.,subscription_billing
CONV-02863,"Hi, Could you tell me the current location or transit stage of my parcel? I’m trying to sort this out before the end of the day. I'd appreciate your help.",delivery_tracking
CONV-02864,Something about my account activity looks suspicious. I haven't changed anything on my account. Please let me know.,account_security
CONV-02865,Could you help me? Why is the coupon being rejected at checkout? I placed the order earlier today. I’d like to resolve this today.,promo_code
CONV-02866,I wanted to check whether I noticed a login I don't recognize. Thank you.,account_security
CONV-02867,"Hello, Can you show me the latest tracking update for my shipment? Please let me know.",delivery_tracking
CONV-02868,I need some help. Can you explain the latest recurring charge? This is my first time dealing with this issue. Please let me know.,subscription_billing
CONV-02869,"I wanted to check whether The box arrived, but case wasn't inside.",missing_item
CONV-02870,My payment is being declined at checkout. I haven't changed anything on my account. Thank you.,payment_failure
CONV-02871,I want to cancel my subscription. I haven't changed anything on my account. Please let me know.,subscription_cancel
CONV-02872,"Hello, I can't finish the purchase because the payment isn't accepted.",payment_failure
CONV-02873,Just checking — Has the refund for ORD-101195 been issued yet? I placed the order earlier today. Thanks.,refund_status
CONV-02874,Just checking — Why does the payment fail whenever I try to complete the order? I noticed this while reviewing my recent activity. I’d like to resolve this today.,payment_failure
CONV-02875,Please advise: Could you help me end my recurring plan? I placed the order earlier today. Any guidance would be helpful.,subscription_cancel
CONV-02876,"Hi, I'd like to withdraw this purchase if it hasn't shipped. I placed the order earlier today. I’d like to resolve this today.",order_cancellation
CONV-02877,My payment is being declined at checkout. I haven't changed anything on my account. Can you check?,payment_failure
CONV-02878,I need some help. Where is ORD-104965 right now? I haven't changed anything on my account. Can you check?,delivery_tracking
CONV-02879,Could you help me? I’m checking on ORD-100035. Could you tell me its current status? I placed the order earlier today. Any guidance would be helpful.,order_status
CONV-02880,Please advise: I entered the wrong delivery address. Can it be corrected? I noticed this while reviewing my recent activity. Any guidance would be helpful.,address_change
CONV-02881,I need some help. The item I received isn't the one I ordered. This is my first time dealing with this issue. Please let me know.,wrong_item
CONV-02882,"Hello, Does this product come with the accessories shown? I haven't changed anything on my account.",product_information
CONV-02883,I’m contacting support because Something different was packed instead of what I purchased. I haven't changed anything on my account. Can you check?,wrong_item
CONV-02884,I’m contacting support because I opened the package and found the product broken. Please let me know.,damaged_item
CONV-02885,I’m contacting support because How can I prevent the plan from renewing? This is my first time dealing with this issue. Thank you.,subscription_cancel
CONV-02886,"Quick question: I have tried several times, but the transaction won't go through. I’m trying to sort this out before the end of the day. Thanks.",payment_failure
CONV-02887,I wanted to check whether The promised delivery window is over for ORD-100349. This is my first time dealing with this issue. Thank you.,delivery_delay
CONV-02888,Just checking — There is visible damage on the item I received. I noticed this while reviewing my recent activity. I’d like to resolve this today.,damaged_item
CONV-02889,"Quick question: The box arrived, but notebook wasn't inside. I’m trying to sort this out before the end of the day. I'd appreciate your help.",missing_item
CONV-02890,I wanted to check whether Can you tell me more about this product's features? Thank you.,product_information
CONV-02891,I’m contacting support because How can I prevent the plan from renewing? I haven't changed anything on my account. Thank you.,subscription_cancel
CONV-02892,Just checking — It looks like I was billed twice for ORD-101681. I’m trying to sort this out before the end of the day. Thanks.,duplicate_charge
CONV-02893,"Hi, Could you tell me the current location or transit stage of my parcel? I placed the order earlier today. I’d like to resolve this today.",delivery_tracking
CONV-02894,I need some help. Why does the payment fail whenever I try to complete the order? This is my first time dealing with this issue. Can you check?,payment_failure
CONV-02895,"Hi, Where can I request a password reset? I noticed this while reviewing my recent activity. Thanks.",password_reset
CONV-02896,Just checking — It looks like I was billed twice for ORD-101671. I noticed this while reviewing my recent activity. I'd appreciate your help.,duplicate_charge
CONV-02897,Quick question: Please stop my recurring membership. I placed the order earlier today. Thanks.,subscription_cancel
CONV-02898,"Hi, When should the refund appear in my account? I’m trying to sort this out before the end of the day. Thanks.",refund_status
CONV-02899,Could you help me? My account suddenly won't let me log in. I’m trying to sort this out before the end of the day. I'd appreciate your help.,account_access
CONV-02900,"Hello, Why are there duplicate transactions for one order? Thank you.",duplicate_charge
CONV-02901,Quick question: Please stop my recurring membership. I placed the order earlier today. Thanks.,subscription_cancel
CONV-02902,Please advise: My parcel is 3 days late. Can you investigate? I’m trying to sort this out before the end of the day. I’d like to resolve this today.,delivery_delay
CONV-02903,I need some help. Can I change the shipping address for ORD-103610?,address_change
CONV-02904,Could you help me? I no longer want this order. Is cancellation still possible? I noticed this while reviewing my recent activity. Thanks.,order_cancellation
CONV-02905,I’m contacting support because Checkout keeps rejecting my payment. Please let me know.,payment_failure
CONV-02906,"Hello, Can you cancel ORD-101825 for me? This is my first time dealing with this issue. Can you check?",order_cancellation
CONV-02907,"Hi, Could you explain the return process for this purchase? I noticed this while reviewing my recent activity. I’d like to resolve this today.",return_request
CONV-02908,I wanted to check whether The promised delivery window is over for ORD-100469. This is my first time dealing with this issue. Thank you.,delivery_delay
CONV-02909,I’m checking on ORD-100140. Could you tell me its current status? This is my first time dealing with this issue. Can you check?,order_status
CONV-02910,Please advise: What steps do I need to follow to return this product? I placed the order earlier today. Any guidance would be helpful.,return_request
CONV-02911,"I expected this shipment already, but it hasn't turned up.",delivery_delay
CONV-02912,I’m checking on ORD-100050. Could you tell me its current status? This is my first time dealing with this issue. Thank you.,order_status
CONV-02913,I need some help. I’m planning around the delivery. When is it expected? This is my first time dealing with this issue. Can you check?,delivery_estimate
CONV-02914,I’m contacting support because Could you tell me the current location or transit stage of my parcel?,delivery_tracking
CONV-02915,"Hi, I can't sign in to my account. I’m trying to sort this out before the end of the day. Thanks.",account_access
CONV-02916,Please advise: My package contains a different product. I’m trying to sort this out before the end of the day. Any guidance would be helpful.,wrong_item
CONV-02917,I wanted to check whether I want to track the package that was just dispatched. This is my first time dealing with this issue. Can you check?,delivery_tracking
CONV-02918,I need some help. The discount isn't being applied even though I entered the code. This is my first time dealing with this issue.,promo_code
CONV-02919,I’m contacting support because I need the specifications before I decide whether to buy it. Please let me know.,product_information
CONV-02920,Please advise: I forgot my password. How can I reset it? I noticed this while reviewing my recent activity. Any guidance would be helpful.,password_reset
CONV-02921,"I wanted to check whether The box arrived, but shirt wasn't inside. Can you check?",missing_item
CONV-02922,Just checking — The delivery date for ORD-100406 has passed and I'm still waiting. I placed the order earlier today. Any guidance would be helpful.,delivery_delay
CONV-02923,I’m contacting support because How do I change the address attached to my order? Thank you.,address_change
CONV-02924,I’m contacting support because When should the refund appear in my account?,refund_status
CONV-02925,I’m contacting support because How can I prevent the plan from renewing? I haven't changed anything on my account. Please let me know.,subscription_cancel
CONV-02926,Quick question: I want to return ORD-100890. How do I start? I placed the order earlier today. I’d like to resolve this today.,return_request
CONV-02927,"Hello, My package contains a different product. This is my first time dealing with this issue.",wrong_item
CONV-02928,Could you help me? One product from my order is missing. I placed the order earlier today. Any guidance would be helpful.,missing_item
CONV-02929,I wanted to check whether I want to track the package that was just dispatched. I haven't changed anything on my account.,delivery_tracking
CONV-02930,Just checking — The item I received isn't the one I ordered. I placed the order earlier today. Any guidance would be helpful.,wrong_item
CONV-02931,Could you help me? I want to cancel my subscription. I’m trying to sort this out before the end of the day. Thanks.,subscription_cancel
CONV-02932,I’m contacting support because Can you see what stage ORD-100042 is at right now? Thank you.,order_status
CONV-02933,"Hi, I can't sign in to my account. I noticed this while reviewing my recent activity. I'd appreciate your help.",account_access
CONV-02934,I want to cancel my subscription. This is my first time dealing with this issue.,subscription_cancel
CONV-02935,"I expected this shipment already, but it hasn't turned up. I haven't changed anything on my account. Can you check?",delivery_delay
CONV-02936,Please advise: Does this product come with the accessories shown? I’m trying to sort this out before the end of the day. Any guidance would be helpful.,product_information
CONV-02937,Could you help me? Please update the destination before the order ships. I placed the order earlier today. I’d like to resolve this today.,address_change
CONV-02938,I need some help. I’m planning around the delivery. When is it expected? Thank you.,delivery_estimate
CONV-02939,Could you help me? Could you tell me the current status of my refund? I placed the order earlier today. I'd appreciate your help.,refund_status
CONV-02940,"I wanted to check whether The box arrived, but charger wasn't inside. I haven't changed anything on my account. Please let me know.",missing_item
CONV-02941,I wanted to check whether Please stop ORD-101947 before it is dispatched. I haven't changed anything on my account. Please let me know.,order_cancellation
CONV-02942,"Quick question: The box arrived, but cable wasn't inside. I noticed this while reviewing my recent activity. Thanks.",missing_item
CONV-02943,I need some help. Why does the payment fail whenever I try to complete the order? This is my first time dealing with this issue. Thank you.,payment_failure
CONV-02944,"Hello, I received a security alert for an unfamiliar sign-in. I haven't changed anything on my account. Can you check?",account_security
CONV-02945,I need some help. Can I change the shipping address for ORD-103520? Please let me know.,address_change
CONV-02946,I need some help. There is visible damage on the item I received. I haven't changed anything on my account. Can you check?,damaged_item
CONV-02947,"Hello, I'm still waiting for the money from my return. Can you check? I haven't changed anything on my account. Please let me know.",refund_status
CONV-02948,I’m contacting support because Could you explain the return process for this purchase? I haven't changed anything on my account.,return_request
CONV-02949,I wanted to check whether I keep getting rejected when I try to sign in. This is my first time dealing with this issue.,account_access
CONV-02950,I need some help. I can't recall my password and need to change it. This is my first time dealing with this issue. Thank you.,password_reset
CONV-02951,"Could you help me? My delivery arrived, but the item inside is damaged. I’m trying to sort this out before the end of the day. I’d like to resolve this today.",damaged_item
CONV-02952,"Could you help me? My delivery arrived, but the item inside is damaged. I noticed this while reviewing my recent activity. I'd appreciate your help.",damaged_item
CONV-02953,"Hello, I received a security alert for an unfamiliar sign-in. Can you check?",account_security
CONV-02954,Quick question: The delivered item doesn't match my order. I’m trying to sort this out before the end of the day. Thanks.,wrong_item
CONV-02955,Just checking — I don't want the subscription to continue after this billing period. I noticed this while reviewing my recent activity. Any guidance would be helpful.,subscription_cancel
CONV-02956,Quick question: The promised delivery window is over for ORD-100304. I placed the order earlier today. I'd appreciate your help.,delivery_delay
CONV-02957,Could you help me? My payment is being declined at checkout. I placed the order earlier today. I’d like to resolve this today.,payment_failure
CONV-02958,"Quick question: I have tried several times, but the transaction won't go through. I’m trying to sort this out before the end of the day. I’d like to resolve this today.",payment_failure
CONV-02959,I’m contacting support because My multi-item order is incomplete. I haven't changed anything on my account. Please let me know.,missing_item
CONV-02960,I’m contacting support because I can't sign in to my account. Thank you.,account_access
CONV-02961,"Hi, Could you explain the return process for this purchase? I’m trying to sort this out before the end of the day. Any guidance would be helpful.",return_request
CONV-02962,"Hello, I don't recognize the amount billed for my membership. I haven't changed anything on my account. Please let me know.",subscription_billing
CONV-02963,Please advise: I entered the wrong delivery address. Can it be corrected? I noticed this while reviewing my recent activity. Thanks.,address_change
CONV-02964,Please advise: I'm locked out of my account and need access. I placed the order earlier today. Any guidance would be helpful.,account_access
CONV-02965,I wanted to check whether I think I was charged more than once for a single checkout. I haven't changed anything on my account. Please let me know.,duplicate_charge
CONV-02966,I’m contacting support because How can I prevent the plan from renewing?,subscription_cancel
CONV-02967,I’m contacting support because Could you explain the return process for this purchase? This is my first time dealing with this issue. Can you check?,return_request
CONV-02968,Please advise: Could you help me end my recurring plan? I’m trying to sort this out before the end of the day. Thanks.,subscription_cancel
CONV-02969,Please advise: I can't finish the purchase because the payment isn't accepted. I noticed this while reviewing my recent activity. Any guidance would be helpful.,payment_failure
CONV-02970,I wanted to check whether The promotional code says it is invalid. This is my first time dealing with this issue. Please let me know.,promo_code
CONV-02971,Quick question: I want to return ORD-100850. How do I start? I’m trying to sort this out before the end of the day. I’d like to resolve this today.,return_request
CONV-02972,I need some help. Has the refund for ORD-101000 been issued yet? This is my first time dealing with this issue. Can you check?,refund_status
CONV-02973,I need some help. There are changes in my profile that I didn't make. Thank you.,account_security
CONV-02974,I need some help. I placed ORD-100018 recently. What is happening with it? Thank you.,order_status
CONV-02975,Please advise: Why are there duplicate transactions for one order? I placed the order earlier today. Any guidance would be helpful.,duplicate_charge
CONV-02976,Please advise: Why are there duplicate transactions for one order? I placed the order earlier today. I’d like to resolve this today.,duplicate_charge
CONV-02977,"I expected this shipment already, but it hasn't turned up. This is my first time dealing with this issue. Thank you.",delivery_delay
CONV-02978,I’m contacting support because Checkout keeps rejecting my payment. This is my first time dealing with this issue. Can you check?,payment_failure
CONV-02979,Could you help me? Please update the destination before the order ships. I noticed this while reviewing my recent activity. I'd appreciate your help.,address_change
CONV-02980,I need some help. Where is ORD-104825 right now? This is my first time dealing with this issue.,delivery_tracking
CONV-02981,I’m contacting support because How do I change the address attached to my order? I haven't changed anything on my account. Can you check?,address_change
CONV-02982,I’m contacting support because I think someone may have accessed my account. This is my first time dealing with this issue. Thank you.,account_security
CONV-02983,Quick question: Can you give me an ETA for this shipment? I placed the order earlier today. I’d like to resolve this today.,delivery_estimate
CONV-02984,Please advise: I entered the wrong delivery address. Can it be corrected? I’m trying to sort this out before the end of the day. I’d like to resolve this today.,address_change
CONV-02985,The same purchase appears twice on my card statement. Please let me know.,duplicate_charge
CONV-02986,I wanted to check whether I have a question about the charge on my recurring plan. This is my first time dealing with this issue. Can you check?,subscription_billing
CONV-02987,Just checking — There are changes in my profile that I didn't make. I’m trying to sort this out before the end of the day. Any guidance would be helpful.,account_security
CONV-02988,"Hi, When should the refund appear in my account? I placed the order earlier today. I'd appreciate your help.",refund_status
CONV-02989,Quick question: The delivered item doesn't match my order. I placed the order earlier today. I'd appreciate your help.,wrong_item
CONV-02990,Could you tell me the current status of my refund? I haven't changed anything on my account.,refund_status
CONV-02991,I’m contacting support because Checkout keeps rejecting my payment.,payment_failure
CONV-02992,Please advise: Why are there duplicate transactions for one order? I noticed this while reviewing my recent activity. Any guidance would be helpful.,duplicate_charge
CONV-02993,I need some help. Can you help me cancel my recent order? This is my first time dealing with this issue. Thank you.,order_cancellation
CONV-02994,Could you help me? My payment is being declined at checkout. I’m trying to sort this out before the end of the day. Thanks.,payment_failure
CONV-02995,Please advise: I received a security alert for an unfamiliar sign-in. I’m trying to sort this out before the end of the day. Any guidance would be helpful.,account_security
CONV-02996,I wanted to check whether Please stop ORD-101987 before it is dispatched. This is my first time dealing with this issue. Please let me know.,order_cancellation
CONV-02997,I wanted to check whether I need to redirect this package to another address. This is my first time dealing with this issue. Please let me know.,address_change
CONV-02998,Quick question: The promised delivery window is over for ORD-100344. I noticed this while reviewing my recent activity. I'd appreciate your help.,delivery_delay
CONV-02999,Quick question: The promotional code says it is invalid. I placed the order earlier today. Thanks.,product_information
CONV-03000,"Hi, Could you explain the return process for this purchase? I placed the order earlier today. I’d like to resolve this today.",return_request
CONV-03001,Could you explain the available options for this product? This is my first time dealing with this issue. Thank you.,product_information
CONV-03002,I’m contacting support because How can I prevent the plan from renewing? Thank you.,subscription_cancel
CONV-03003,Please advise: Does this product come with the accessories shown? I placed the order earlier today. I'd appreciate your help.,product_information
CONV-03004,"Hello, I don't recognize the amount billed for my membership. I haven't changed anything on my account. Thank you.",subscription_billing
CONV-03005,Could you help me? Can you send me through the password recovery process? I’m trying to sort this out before the end of the day. Thanks.,password_reset
CONV-03006,I wanted to check whether Please stop my recurring membership. I haven't changed anything on my account. Can you check?,subscription_cancel
CONV-03007,Could you tell me the current status of my refund? Thank you.,refund_status
CONV-03008,Quick question: The delivered item doesn't match my order. I noticed this while reviewing my recent activity. Any guidance would be helpful.,wrong_item
CONV-03009,"I wanted to check whether The item was returned, but I haven't received the refund. This is my first time dealing with this issue. Thank you.",refund_status
CONV-03010,Could you help me? I’m checking on ORD-100085. Could you tell me its current status? I’m trying to sort this out before the end of the day. I'd appreciate your help.,order_status
CONV-03011,The same purchase appears twice on my card statement. Can you check?,duplicate_charge
CONV-03012,What is the estimated delivery date for my package? This is my first time dealing with this issue. Please let me know.,delivery_estimate
CONV-03013,"I wanted to check whether I have tried several times, but the transaction won't go through. Please let me know.",payment_failure
CONV-03014,"I wanted to check whether The box arrived, but charger wasn't inside. This is my first time dealing with this issue. Please let me know.",missing_item
CONV-03015,I need some help. I can't recall my password and need to change it.,password_reset
CONV-03016,I’m contacting support because When should the refund appear in my account? I haven't changed anything on my account. Thank you.,refund_status
CONV-03017,I need some help. I placed ORD-100128 recently. What is happening with it? This is my first time dealing with this issue.,order_status
CONV-03018,Please advise: I can't finish the purchase because the payment isn't accepted. I’m trying to sort this out before the end of the day. I'd appreciate your help.,payment_failure
CONV-03019,Quick question: I need to redirect this package to another address. I’m trying to sort this out before the end of the day. I'd appreciate your help.,address_change
CONV-03020,Just checking — Where is ORD-104970 right now? I noticed this while reviewing my recent activity. I’d like to resolve this today.,delivery_tracking
CONV-03021,I’m contacting support because Could you explain the return process for this purchase? Thank you.,return_request
CONV-03022,My account suddenly won't let me log in. This is my first time dealing with this issue.,account_access
CONV-03023,My subscription payment was higher than I expected. Please let me know.,subscription_billing
CONV-03024,"Hello, I can't finish the purchase because the payment isn't accepted. This is my first time dealing with this issue.",payment_failure
CONV-03025,"Hello, My parcel is 4 days late. Can you investigate? This is my first time dealing with this issue.",delivery_delay
CONV-03026,Just checking — It looks like I was billed twice for ORD-101661. I placed the order earlier today. Any guidance would be helpful.,duplicate_charge
CONV-03027,"Hello, My package contains a different product. I haven't changed anything on my account. Can you check?",wrong_item
CONV-03028,Please advise: Could you help me end my recurring plan? I’m trying to sort this out before the end of the day. I’d like to resolve this today.,subscription_cancel
CONV-03029,I’m contacting support because Checkout keeps rejecting my payment. This is my first time dealing with this issue. Please let me know.,payment_failure
CONV-03030,I’m contacting support because Where should I enter my promo code? Can you check?,promo_code
CONV-03031,"Hi, Something different was packed instead of what I purchased. I placed the order earlier today. Thanks.",wrong_item
CONV-03032,I’m contacting support because My multi-item order is incomplete. This is my first time dealing with this issue.,missing_item
CONV-03033,"Hello, I'm still waiting for the money from my return. Can you check? This is my first time dealing with this issue. Thank you.",refund_status
CONV-03034,"I wanted to check whether The item was returned, but I haven't received the refund. Can you check?",refund_status
CONV-03035,I wanted to check whether Do you have an update on ORD-100216? I want to know where it stands.,order_status
CONV-03036,Quick question: The promotional code says it is invalid. I’m trying to sort this out before the end of the day. I’d like to resolve this today.,promo_code
CONV-03037,I wanted to check whether I need to create a new password because I can't remember mine. This is my first time dealing with this issue. Thank you.,account_security
CONV-03038,"Hi, When should the refund appear in my account? I’m trying to sort this out before the end of the day. Any guidance would be helpful.",refund_status
CONV-03039,I’m contacting support because Something different was packed instead of what I purchased. Please let me know.,wrong_item
CONV-03040,One product from my order is missing. This is my first time dealing with this issue. Please let me know.,missing_item
CONV-03041,"I’m contacting support because ORD-100275 was due on Tuesday, but it still hasn't arrived.",delivery_delay
CONV-03042,I wanted to check whether The promised delivery window is over for ORD-100489. I haven't changed anything on my account. Please let me know.,delivery_delay
CONV-03043,Just checking — Has the refund for ORD-101035 been issued yet? I’m trying to sort this out before the end of the day. Thanks.,order_cancellation
CONV-03044,"Hi, When should the refund appear in my account? I noticed this while reviewing my recent activity. I’d like to resolve this today.",refund_status
CONV-03045,Quick question: Can you tell me more about this product's features? I’m trying to sort this out before the end of the day. Any guidance would be helpful.,product_information
CONV-03046,"I wanted to check whether The item was returned, but I haven't received the refund. I haven't changed anything on my account. Can you check?",return_request
CONV-03047,Could you help me? Could you explain the available options for this product? I noticed this while reviewing my recent activity. Any guidance would be helpful.,product_information
CONV-03048,I need some help. Can you explain the latest recurring charge? I haven't changed anything on my account. Thank you.,subscription_billing
CONV-03049,I wanted to check whether I need to create a new password because I can't remember mine. This is my first time dealing with this issue. Thank you.,password_reset
CONV-03050,I’m contacting support because My multi-item order is incomplete. I haven't changed anything on my account. Please let me know.,missing_item
CONV-03051,Quick question: I have a question about the charge on my recurring plan. I noticed this while reviewing my recent activity. I’d like to resolve this today.,subscription_billing
CONV-03052,"I wanted to check whether The item was returned, but I haven't received the refund. Please let me know.",refund_status
CONV-03053,I’m contacting support because I opened the package and found the product broken. This is my first time dealing with this issue. Please let me know.,damaged_item
CONV-03054,"Hello, Does this product come with the accessories shown? Can you check?",product_information
CONV-03055,I need some help. The delivery date for ORD-100281 has passed and I'm still waiting. Please let me know.,delivery_delay
CONV-03056,Just checking — Can I change the shipping address for ORD-103565? I noticed this while reviewing my recent activity. Any guidance would be helpful.,address_change
CONV-03057,"Quick question: I have tried several times, but the transaction won't go through. I’m trying to sort this out before the end of the day. I'd appreciate your help.",payment_failure
CONV-03058,Quick question: I want to track the package that was just dispatched. I placed the order earlier today. I’d like to resolve this today.,delivery_tracking
CONV-03059,Please advise: What steps do I need to follow to return this product? I placed the order earlier today. Thanks.,return_request
CONV-03060,Can you send me through the password recovery process? Thank you.,password_reset
CONV-03061,Could you help me? I want to cancel my subscription. I placed the order earlier today. Any guidance would be helpful.,subscription_cancel
CONV-03062,Can you send me through the password recovery process? I haven't changed anything on my account. Thank you.,password_reset
CONV-03063,"Hi, How do I change the address attached to my order? I placed the order earlier today. I'd appreciate your help.",address_change
CONV-03064,Just checking — I’m planning around the delivery. When is it expected? I noticed this while reviewing my recent activity. I'd appreciate your help.,delivery_estimate
CONV-03065,"Hi, I think someone may have accessed my account. I placed the order earlier today. Any guidance would be helpful.",account_security
CONV-03066,"Hello, Why are there duplicate transactions for one order? This is my first time dealing with this issue. Can you check?",duplicate_charge
CONV-03067,Could you help me? My payment is being declined at checkout. I noticed this while reviewing my recent activity. Thanks.,payment_failure
CONV-03068,I’m contacting support because Why was my subscription charged this month? I haven't changed anything on my account. Thank you.,subscription_billing
CONV-03069,I wanted to check whether Please stop ORD-101847 before it is dispatched. Thank you.,order_cancellation
CONV-03070,Quick question: I think I was charged more than once for a single checkout. I’m trying to sort this out before the end of the day. I’d like to resolve this today.,duplicate_charge
CONV-03071,"Hi, I see two charges for the same purchase. I placed the order earlier today. I'd appreciate your help.",duplicate_charge
CONV-03072,Could you help me? I was sent the wrong model. I noticed this while reviewing my recent activity. I'd appreciate your help.,wrong_item
CONV-03073,I need some help. There is visible damage on the item I received. Can you check?,damaged_item
CONV-03074,I wanted to check whether The item arrived damaged. What should I do? Can you check?,damaged_item
CONV-03075,Could you help me? Has the courier scanned ORD-104972 yet? I placed the order earlier today. Any guidance would be helpful.,delivery_tracking
CONV-03076,Could you help me? I no longer want this order. Is cancellation still possible? I’m trying to sort this out before the end of the day. Thanks.,order_cancellation
CONV-03077,I’m contacting support because Checkout keeps rejecting my payment. I haven't changed anything on my account. Can you check?,payment_failure
CONV-03078,Please advise: The product has a crack that wasn't shown in the listing. I’m trying to sort this out before the end of the day. Any guidance would be helpful.,damaged_item
CONV-03079,"Hello, My discount code isn't working. This is my first time dealing with this issue. Can you check?",promo_code
CONV-03080,Please advise: When should ORD-100575 arrive? I’m trying to sort this out before the end of the day. I’d like to resolve this today.,delivery_estimate
CONV-03081,Quick question: I have a question about the charge on my recurring plan. I’m trying to sort this out before the end of the day. I’d like to resolve this today.,subscription_billing
CONV-03082,I need some help. The discount isn't being applied even though I entered the code. I haven't changed anything on my account. Can you check?,promo_code
CONV-03083,Could you help me? Why is the coupon being rejected at checkout? I’m trying to sort this out before the end of the day. I’d like to resolve this today.,promo_code
CONV-03084,I need some help. It looks like I was billed twice for ORD-101706. This is my first time dealing with this issue.,duplicate_charge
CONV-03085,Please update the destination before the order ships. Can you check?,address_change
CONV-03086,Quick question: I noticed a login I don't recognize. I noticed this while reviewing my recent activity. Thanks.,account_security
CONV-03087,Could you help me? My payment is being declined at checkout. I’m trying to sort this out before the end of the day. I’d like to resolve this today.,payment_failure
CONV-03088,I’m contacting support because Could you explain the return process for this purchase? Can you check?,return_request
CONV-03089,"Hi, Why was my subscription charged this month? I noticed this while reviewing my recent activity. I’d like to resolve this today.",subscription_billing
CONV-03090,I no longer want this order. Is cancellation still possible? This is my first time dealing with this issue. Can you check?,order_cancellation
CONV-03091,The same purchase appears twice on my card statement. This is my first time dealing with this issue. Thank you.,duplicate_charge
CONV-03092,I’m contacting support because I'd like to withdraw this purchase if it hasn't shipped. This is my first time dealing with this issue. Can you check?,order_cancellation
CONV-03093,"Please advise: I received the package, but one of the products is absent. I noticed this while reviewing my recent activity. I’d like to resolve this today.",missing_item
CONV-03094,I wanted to check whether The promised delivery window is over for ORD-100269. Thank you.,delivery_delay
CONV-03095,Just checking — I’m planning around the delivery. When is it expected? I’m trying to sort this out before the end of the day. Thanks.,delivery_estimate
CONV-03096,Could you help me? Can you send me through the password recovery process? I noticed this while reviewing my recent activity. I'd appreciate your help.,password_reset
CONV-03097,"Hi, Something different was packed instead of what I purchased. I noticed this while reviewing my recent activity. Any guidance would be helpful.",wrong_item
CONV-03098,Just checking — The login page won't let me access my account. I’m trying to sort this out before the end of the day. I'd appreciate your help.,account_access
CONV-03099,"Hi, ORD-100300 was due on Wednesday, but it still hasn't arrived. I’m trying to sort this out before the end of the day. I’d like to resolve this today.",delivery_delay
CONV-03100,I wanted to check whether The promised delivery window is over for ORD-100459. I haven't changed anything on my account.,delivery_delay
CONV-03101,I’m contacting support because Checkout keeps rejecting my payment.,payment_failure
CONV-03102,"Hi, Checkout keeps rejecting my payment. I’m trying to sort this out before the end of the day. I’d like to resolve this today.",payment_failure
CONV-03103,I’m contacting support because I opened the package and found the product broken. This is my first time dealing with this issue. Please let me know.,damaged_item
CONV-03104,My subscription payment was higher than I expected. This is my first time dealing with this issue. Can you check?,subscription_billing
CONV-03105,Please advise: Could you help me end my recurring plan? I placed the order earlier today. Thanks.,subscription_cancel
CONV-03106,Please advise: The product has a crack that wasn't shown in the listing. I noticed this while reviewing my recent activity. I’d like to resolve this today.,damaged_item
CONV-03107,"Hi, Can you see what stage ORD-100027 is at right now? I noticed this while reviewing my recent activity. Any guidance would be helpful.",order_status
CONV-03108,"Hello, Could you help me end my recurring plan? This is my first time dealing with this issue. Thank you.",subscription_cancel
CONV-03109,I need some help. What exactly is included with this item? I haven't changed anything on my account. Can you check?,product_information
CONV-03110,I need some help. I changed my mind and would like to send the item back. Can you check?,return_request
CONV-03111,Quick question: Please stop my recurring membership. I’m trying to sort this out before the end of the day. I'd appreciate your help.,subscription_cancel
CONV-03112,"Hello, The product has a crack that wasn't shown in the listing.",damaged_item
CONV-03113,Has the courier scanned ORD-104907 yet? Thank you.,delivery_tracking
CONV-03114,"Hi, Roughly how long will delivery take? I’m trying to sort this out before the end of the day. I’d like to resolve this today.",delivery_estimate
CONV-03115,Can you send me through the password recovery process? This is my first time dealing with this issue. Thank you.,password_reset
CONV-03116,Just checking — The discount isn't being applied even though I entered the code. I’m trying to sort this out before the end of the day. I'd appreciate your help.,promo_code
CONV-03117,"Hi, ORD-100380 was due on Friday, but it still hasn't arrived. I noticed this while reviewing my recent activity. I’d like to resolve this today.",delivery_delay
CONV-03118,I no longer want this order. Is cancellation still possible? I haven't changed anything on my account. Please let me know.,order_cancellation
CONV-03119,"Hi, I see two charges for the same purchase. I’m trying to sort this out before the end of the day. Any guidance would be helpful.",duplicate_charge
CONV-03120,I need some help. The item I received isn't the one I ordered. I haven't changed anything on my account. Thank you.,wrong_item
CONV-03121,Please advise: I don't recognize the amount billed for my membership. I placed the order earlier today. Any guidance would be helpful.,subscription_billing
CONV-03122,I wanted to check whether I need to create a new password because I can't remember mine. I haven't changed anything on my account.,password_reset
CONV-03123,Quick question: I keep getting rejected when I try to sign in. I noticed this while reviewing my recent activity. Any guidance would be helpful.,account_access
CONV-03124,Just checking — The item I received isn't the one I ordered. I noticed this while reviewing my recent activity. I’d like to resolve this today.,wrong_item
CONV-03125,Quick question: The promised delivery window is over for ORD-100374. I noticed this while reviewing my recent activity. Any guidance would be helpful.,delivery_delay
CONV-03126,Quick question: I noticed a login I don't recognize. I noticed this while reviewing my recent activity. I'd appreciate your help.,account_security
CONV-03127,"Hello, My package contains a different product. This is my first time dealing with this issue. Thank you.",wrong_item
CONV-03128,I need some help. The discount isn't being applied even though I entered the code. Thank you.,promo_code
CONV-03129,Please help me arrange a return. Thank you.,return_request
CONV-03130,My subscription payment was higher than I expected. This is my first time dealing with this issue. Please let me know.,subscription_billing
CONV-03131,"Hi, Why was my subscription charged this month? I placed the order earlier today. I'd appreciate your help.",subscription_billing
CONV-03132,I wanted to check whether I keep getting rejected when I try to sign in. This is my first time dealing with this issue. Please let me know.,account_access
CONV-03133,Just checking — There is visible damage on the item I received. I’m trying to sort this out before the end of the day. Any guidance would be helpful.,damaged_item
CONV-03134,I’m contacting support because How can I prevent the plan from renewing? I haven't changed anything on my account. Can you check?,subscription_cancel
CONV-03135,I wanted to check whether Can you tell me more about this product's features? I haven't changed anything on my account. Please let me know.,product_information
CONV-03136,I need some help. Can you explain the latest recurring charge? This is my first time dealing with this issue.,subscription_billing
CONV-03137,"Hello, The product has a crack that wasn't shown in the listing. Can you check?",damaged_item
CONV-03138,Just checking — I’m planning around the delivery. When is it expected? I noticed this while reviewing my recent activity. Any guidance would be helpful.,delivery_estimate
CONV-03139,Could you explain the available options for this product? This is my first time dealing with this issue. Please let me know.,product_information
CONV-03140,What is the estimated delivery date for my package? This is my first time dealing with this issue. Please let me know.,delivery_estimate
CONV-03141,"Hello, I can't finish the purchase because the payment isn't accepted. This is my first time dealing with this issue. Please let me know.",payment_failure
CONV-03142,Could you help me? I’m checking on ORD-100185. Could you tell me its current status? I placed the order earlier today. I’d like to resolve this today.,order_status
CONV-03143,I need some help. The discount isn't being applied even though I entered the code. I haven't changed anything on my account. Thank you.,promo_code
CONV-03144,Just checking — I can't recall my password and need to change it. I placed the order earlier today. Thanks.,password_reset
CONV-03145,Could you help me? Something about my account activity looks suspicious. I placed the order earlier today. Thanks.,account_security
CONV-03146,I wanted to check whether Please stop ORD-101797 before it is dispatched. I haven't changed anything on my account.,order_cancellation
CONV-03147,I wanted to check whether I keep getting rejected when I try to sign in. This is my first time dealing with this issue. Thank you.,account_access
CONV-03148,"I wanted to check whether I have tried several times, but the transaction won't go through. Thank you.",payment_failure
CONV-03149,I need some help. There are changes in my profile that I didn't make. This is my first time dealing with this issue. Can you check?,account_security
CONV-03150,"Hi, Could you tell me the current location or transit stage of my parcel? I noticed this while reviewing my recent activity. I’d like to resolve this today.",delivery_tracking
CONV-03151,"Hi, I see two charges for the same purchase. I placed the order earlier today. I'd appreciate your help.",duplicate_charge
CONV-03152,"Hello, I received a security alert for an unfamiliar sign-in. Can you check?",account_security
CONV-03153,I need some help. Why does the payment fail whenever I try to complete the order? Thank you.,payment_failure
CONV-03154,I was sent the wrong model. I haven't changed anything on my account.,wrong_item
CONV-03155,Quick question: Can you give me an ETA for this shipment? I noticed this while reviewing my recent activity. I’d like to resolve this today.,delivery_estimate
CONV-03156,Quick question: I need to redirect this package to another address. I placed the order earlier today. Thanks.,address_change
CONV-03157,"Hello, Why are there duplicate transactions for one order? This is my first time dealing with this issue. Please let me know.",duplicate_charge
CONV-03158,"Could you help me? My delivery arrived, but the item inside is damaged. I placed the order earlier today. Thanks.",damaged_item
CONV-03159,I wanted to check whether I want to return ORD-100955. How do I start? I haven't changed anything on my account. Thank you.,return_request
CONV-03160,"Please advise: I received the package, but one of the products is absent. I noticed this while reviewing my recent activity. I'd appreciate your help.",missing_item
CONV-03161,I’m contacting support because How can I prevent the plan from renewing? Can you check?,subscription_cancel
CONV-03162,"Hello, My discount code isn't working. This is my first time dealing with this issue. Please let me know.",promo_code
CONV-03163,Quick question: I noticed a login I don't recognize. I noticed this while reviewing my recent activity. I'd appreciate your help.,account_security
CONV-03164,Just checking — Can I change the shipping address for ORD-103685? I noticed this while reviewing my recent activity. Any guidance would be helpful.,address_change
CONV-03165,"I expected this shipment already, but it hasn't turned up. This is my first time dealing with this issue.",delivery_delay
CONV-03166,"Hi, I opened the package and found the product broken. I noticed this while reviewing my recent activity. Thanks.",damaged_item
CONV-03167,I need some help. Where is ORD-104755 right now? I haven't changed anything on my account. Thank you.,delivery_tracking
CONV-03168,I wanted to check whether Please stop ORD-101977 before it is dispatched. I haven't changed anything on my account. Can you check?,order_cancellation
CONV-03169,I need some help. I placed ORD-100158 recently. What is happening with it? This is my first time dealing with this issue. Please let me know.,order_status
CONV-03170,The same purchase appears twice on my card statement. This is my first time dealing with this issue. Thank you.,duplicate_charge
CONV-03171,I wanted to check whether I keep getting rejected when I try to sign in. I haven't changed anything on my account. Can you check?,account_access
CONV-03172,I’m contacting support because How do I change the address attached to my order? This is my first time dealing with this issue. Can you check?,address_change
CONV-03173,Just checking — I changed my mind and would like to send the item back. I placed the order earlier today. I'd appreciate your help.,return_request
CONV-03174,Please advise: My parcel is 1 days late. Can you investigate? I placed the order earlier today. I'd appreciate your help.,delivery_delay
CONV-03175,I need some help. Has the refund for ORD-101230 been issued yet? I haven't changed anything on my account. Thank you.,refund_status
CONV-03176,I wanted to check whether Can you tell me more about this product's features? This is my first time dealing with this issue.,product_information
CONV-03177,I wanted to check whether The item arrived damaged. What should I do? Can you check?,damaged_item
CONV-03178,Quick question: The promised delivery window is over for ORD-100444. I’m trying to sort this out before the end of the day. I’d like to resolve this today.,delivery_delay
CONV-03179,Quick question: I want to track the package that was just dispatched. I placed the order earlier today. Any guidance would be helpful.,delivery_tracking
CONV-03180,Could you help me? Please help me arrange a return. I’m trying to sort this out before the end of the day. I’d like to resolve this today.,return_request
CONV-03181,Please advise: Why are there duplicate transactions for one order? I noticed this while reviewing my recent activity. Thanks.,duplicate_charge
CONV-03182,I need some help. The login page won't let me access my account. Thank you.,account_access
CONV-03183,I’m contacting support because Could you tell me the current location or transit stage of my parcel? Thank you.,delivery_tracking
CONV-03184,"Hi, I can't sign in to my account. I noticed this while reviewing my recent activity. Thanks.",account_access
CONV-03185,I need some help. The delivery date for ORD-100311 has passed and I'm still waiting. Can you check?,delivery_delay
CONV-03186,I’m contacting support because Roughly how long will delivery take? I haven't changed anything on my account. Please let me know.,delivery_estimate
CONV-03187,"Hello, I don't recognize the amount billed for my membership. Can you check?",subscription_billing
CONV-03188,"Hello, Can you show me the latest tracking update for my shipment? I haven't changed anything on my account.",delivery_tracking
CONV-03189,I need some help. Can you help me cancel my recent order? I haven't changed anything on my account.,order_cancellation
CONV-03190,Just checking — The delivery date for ORD-100306 has passed and I'm still waiting. I’m trying to sort this out before the end of the day. Thanks.,delivery_delay
CONV-03191,I need some help. The item I received isn't the one I ordered. I haven't changed anything on my account. Can you check?,wrong_item
CONV-03192,I need some help. I’m planning around the delivery. When is it expected?,delivery_estimate
CONV-03193,Please advise: My package contains a different product. I’m trying to sort this out before the end of the day. I’d like to resolve this today.,wrong_item
CONV-03194,I wanted to check whether Please stop ORD-101927 before it is dispatched. This is my first time dealing with this issue. Thank you.,order_cancellation
CONV-03195,I need some help. I’m planning around the delivery. When is it expected? This is my first time dealing with this issue. Please let me know.,delivery_estimate
CONV-03196,Just checking — I’m planning around the delivery. When is it expected? I’m trying to sort this out before the end of the day. Thanks.,delivery_estimate
CONV-03197,My subscription payment was higher than I expected. I haven't changed anything on my account.,subscription_billing
CONV-03198,"Quick question: I have tried several times, but the transaction won't go through. I placed the order earlier today. Any guidance would be helpful.",payment_failure
CONV-03199,I wanted to check whether I noticed a login I don't recognize. I haven't changed anything on my account. Please let me know.,account_security
CONV-03200,"Hi, How do I change the address attached to my order? I noticed this while reviewing my recent activity. Thanks.",address_change
CONV-03201,I’m contacting support because Where should I enter my promo code? Can you check?,promo_code
CONV-03202,Please advise: Could you help me end my recurring plan? I noticed this while reviewing my recent activity. Any guidance would be helpful.,subscription_cancel
CONV-03203,"Hi, Where can I request a password reset? I placed the order earlier today. Thanks.",password_reset
CONV-03204,Could you help me? Can you send me through the password recovery process? I’m trying to sort this out before the end of the day. I’d like to resolve this today.,password_reset
CONV-03205,Please advise: I forgot my password. How can I reset it? I’m trying to sort this out before the end of the day. I'd appreciate your help.,password_reset
CONV-03206,Quick question: I want to return ORD-100970. How do I start? I’m trying to sort this out before the end of the day. I’d like to resolve this today.,return_request
CONV-03207,Just checking — I placed ORD-100013 recently. What is happening with it? I’m trying to sort this out before the end of the day. I'd appreciate your help.,order_status
CONV-03208,"Hello, What steps do I need to follow to return this product?",return_request
CONV-03209,Please advise: What steps do I need to follow to return this product? I’m trying to sort this out before the end of the day. Thanks.,return_request
CONV-03210,I’m contacting support because Where can I request a password reset? Thank you.,password_reset
CONV-03211,I need some help. I’m planning around the delivery. When is it expected? Can you check?,delivery_estimate
CONV-03212,Quick question: The promotional code says it is invalid. I’m trying to sort this out before the end of the day. I'd appreciate your help.,promo_code
CONV-03213,I wanted to check whether The promised delivery window is over for ORD-100409. This is my first time dealing with this issue. Please let me know.,delivery_delay
CONV-03214,Please advise: I received a security alert for an unfamiliar sign-in. I’m trying to sort this out before the end of the day. I’d like to resolve this today.,account_security
CONV-03215,Quick question: The promotional code says it is invalid. I noticed this while reviewing my recent activity. Any guidance would be helpful.,promo_code
CONV-03216,"Hi, Can you see what stage ORD-100207 is at right now? I noticed this while reviewing my recent activity. Thanks.",delivery_estimate
CONV-03217,Please advise: I entered the wrong delivery address. Can it be corrected? I noticed this while reviewing my recent activity. I’d like to resolve this today.,address_change
CONV-03218,"Could you help me? I expected this shipment already, but it hasn't turned up. I noticed this while reviewing my recent activity. Thanks.",delivery_delay
CONV-03219,I’m contacting support because I think someone may have accessed my account. I haven't changed anything on my account.,account_security
CONV-03220,Just checking — The item I received isn't the one I ordered. I noticed this while reviewing my recent activity. Any guidance would be helpful.,wrong_item
CONV-03221,Could you help me? Please update the destination before the order ships. I placed the order earlier today. Thanks.,address_change
CONV-03222,I’m checking on ORD-100110. Could you tell me its current status? This is my first time dealing with this issue. Please let me know.,order_status
CONV-03223,Could you help me? Could you explain the available options for this product? I placed the order earlier today. Thanks.,product_information
CONV-03224,I wanted to check whether I have a question about the charge on my recurring plan. I haven't changed anything on my account. Can you check?,subscription_billing
CONV-03225,I’m contacting support because I'd like to withdraw this purchase if it hasn't shipped. Please let me know.,order_cancellation
CONV-03226,Could you help me? The same purchase appears twice on my card statement. I noticed this while reviewing my recent activity. Thanks.,duplicate_charge
CONV-03227,Just checking — I don't want the subscription to continue after this billing period. I’m trying to sort this out before the end of the day. I’d like to resolve this today.,subscription_cancel
CONV-03228,Something about my account activity looks suspicious. I haven't changed anything on my account.,account_security
CONV-03229,I wanted to check whether Can you give me an ETA for this shipment? This is my first time dealing with this issue. Thank you.,delivery_estimate
CONV-03230,"Hello, I can't finish the purchase because the payment isn't accepted. I haven't changed anything on my account.",payment_failure
CONV-03231,Just checking — The item I received isn't the one I ordered. I placed the order earlier today. Any guidance would be helpful.,wrong_item
CONV-03232,I need some help. I can't recall my password and need to change it. Can you check?,password_reset
CONV-03233,I need some help. The login page won't let me access my account. Can you check?,account_access
CONV-03234,"Hello, Can you show me the latest tracking update for my shipment? Can you check?",delivery_tracking
CONV-03235,"Hello, Can you cancel ORD-101925 for me?",order_cancellation
CONV-03236,I need some help. I’m planning around the delivery. When is it expected? Can you check?,delivery_estimate
CONV-03237,I need some help. Where is ORD-104805 right now? Can you check?,delivery_tracking
CONV-03238,Just checking — The delivery date for ORD-100316 has passed and I'm still waiting. I placed the order earlier today. I’d like to resolve this today.,delivery_delay
CONV-03239,Please advise: I don't recognize the amount billed for my membership. I noticed this while reviewing my recent activity. I’d like to resolve this today.,subscription_billing
CONV-03240,Could you help me? Could you explain the available options for this product? I’m trying to sort this out before the end of the day. I'd appreciate your help.,product_information
CONV-03241,Just checking — Why does the payment fail whenever I try to complete the order? I’m trying to sort this out before the end of the day. I’d like to resolve this today.,payment_failure
CONV-03242,"Hello, My parcel is 4 days late. Can you investigate? This is my first time dealing with this issue.",delivery_delay
CONV-03243,Just checking — The discount isn't being applied even though I entered the code. I placed the order earlier today. Any guidance would be helpful.,promo_code
CONV-03244,Could you help me? I’m checking on ORD-100105. Could you tell me its current status? I noticed this while reviewing my recent activity. I’d like to resolve this today.,order_status
CONV-03245,Could you help me? Can you send me through the password recovery process? I placed the order earlier today. I'd appreciate your help.,password_reset
CONV-03246,I’m contacting support because Can you see what stage ORD-100142 is at right now? I haven't changed anything on my account. Please let me know.,order_status
CONV-03247,"Could you help me? My delivery arrived, but the item inside is damaged. I placed the order earlier today. I’d like to resolve this today.",damaged_item
CONV-03248,Please advise: I received a security alert for an unfamiliar sign-in. I noticed this while reviewing my recent activity. Any guidance would be helpful.,account_security
CONV-03249,Please advise: Would you mind checking the latest status of ORD-100089? I placed the order earlier today. I’d like to resolve this today.,order_status
CONV-03250,Could you help me? My account suddenly won't let me log in. I’m trying to sort this out before the end of the day. I'd appreciate your help.,account_access
CONV-03251,Quick question: I need to create a new password because I can't remember mine. I noticed this while reviewing my recent activity. I’d like to resolve this today.,password_reset
CONV-03252,"Hi, I opened the package and found the product broken. I placed the order earlier today. I’d like to resolve this today.",damaged_item
CONV-03253,I need some help. I can't recall my password and need to change it. Thank you.,password_reset
CONV-03254,Just checking — There are changes in my profile that I didn't make. I placed the order earlier today. I'd appreciate your help.,account_security
CONV-03255,Please advise: The product has a crack that wasn't shown in the listing. I placed the order earlier today. Any guidance would be helpful.,damaged_item
CONV-03256,"I wanted to check whether The box arrived, but charger wasn't inside. Please let me know.",missing_item
CONV-03257,I need some help. Can you help me cancel my recent order?,order_cancellation
CONV-03258,"Hi, I'd like to withdraw this purchase if it hasn't shipped. I placed the order earlier today. Any guidance would be helpful.",order_cancellation
CONV-03259,Please advise: My discount code isn't working. I placed the order earlier today. Thanks.,promo_code
CONV-03260,Could you help me? I was sent the wrong model. I’m trying to sort this out before the end of the day. I'd appreciate your help.,wrong_item
CONV-03261,Quick question: Do you have an update on ORD-100001? I want to know where it stands. I’m trying to sort this out before the end of the day. I’d like to resolve this today.,order_status
CONV-03262,Just checking — There are changes in my profile that I didn't make. I’m trying to sort this out before the end of the day. Any guidance would be helpful.,account_security
CONV-03263,Has the courier scanned ORD-104957 yet? This is my first time dealing with this issue. Can you check?,delivery_tracking
CONV-03264,I no longer want this order. Is cancellation still possible? This is my first time dealing with this issue. Thank you.,order_cancellation
CONV-03265,I wanted to check whether I want to return ORD-100935. How do I start? This is my first time dealing with this issue. Please let me know.,return_request
CONV-03266,Could you help me? Why is the coupon being rejected at checkout? I placed the order earlier today. I'd appreciate your help.,promo_code
CONV-03267,One product from my order is missing. Thank you.,missing_item
CONV-03268,I wanted to check whether The promotional code says it is invalid. Can you check?,promo_code
CONV-03269,"Hi, When should the refund appear in my account? I noticed this while reviewing my recent activity. I’d like to resolve this today.",refund_status
CONV-03270,Could you help me? I want to cancel my subscription. I noticed this while reviewing my recent activity. Any guidance would be helpful.,subscription_cancel
CONV-03271,Could you help me? What is the estimated delivery date for my package? I placed the order earlier today. I’d like to resolve this today.,delivery_estimate
CONV-03272,"Hi, I see two charges for the same purchase. I noticed this while reviewing my recent activity. I'd appreciate your help.",duplicate_charge
CONV-03273,Quick question: I noticed a login I don't recognize. I’m trying to sort this out before the end of the day. Any guidance would be helpful.,account_security
CONV-03274,Just checking — The login page won't let me access my account. I’m trying to sort this out before the end of the day. Thanks.,account_access
CONV-03275,I wanted to check whether I have a question about the charge on my recurring plan. This is my first time dealing with this issue. Can you check?,subscription_billing
CONV-03276,I’m contacting support because I think someone may have accessed my account. I haven't changed anything on my account. Can you check?,account_security
CONV-03277,I need some help. It looks like I was billed twice for ORD-101576. I haven't changed anything on my account. Please let me know.,duplicate_charge
CONV-03278,Please advise: Could you help me end my recurring plan? I noticed this while reviewing my recent activity. I'd appreciate your help.,subscription_cancel
CONV-03279,Just checking — I placed ORD-100213 recently. What is happening with it? I noticed this while reviewing my recent activity. I'd appreciate your help.,order_status
CONV-03280,Please advise: What steps do I need to follow to return this product? I’m trying to sort this out before the end of the day. I’d like to resolve this today.,return_request
CONV-03281,My payment is being declined at checkout. I haven't changed anything on my account.,payment_failure
CONV-03282,"Hello, Could you help me end my recurring plan? Thank you.",subscription_cancel
CONV-03283,Please advise: The product has a crack that wasn't shown in the listing. I placed the order earlier today. Any guidance would be helpful.,damaged_item
CONV-03284,Could you help me? My account suddenly won't let me log in. I noticed this while reviewing my recent activity. Thanks.,account_access
CONV-03285,Just checking — What exactly is included with this item? I’m trying to sort this out before the end of the day. Any guidance would be helpful.,product_information
CONV-03286,Just checking — Can I change the shipping address for ORD-103505? I noticed this while reviewing my recent activity. Thanks.,address_change
CONV-03287,I need some help. I don't want the subscription to continue after this billing period.,subscription_cancel
CONV-03288,Please advise: Why are there duplicate transactions for one order? I’m trying to sort this out before the end of the day. I'd appreciate your help.,duplicate_charge
CONV-03289,Could you help me? I’m checking on ORD-100165. Could you tell me its current status? I noticed this while reviewing my recent activity. I'd appreciate your help.,order_status
CONV-03290,Could you explain the available options for this product? I haven't changed anything on my account. Can you check?,product_information
CONV-03291,Quick question: The promotional code says it is invalid. I placed the order earlier today. I'd appreciate your help.,promo_code
CONV-03292,Please advise: Can you show me the latest tracking update for my shipment? I’m trying to sort this out before the end of the day. I'd appreciate your help.,delivery_tracking
CONV-03293,I need some help. Why does the payment fail whenever I try to complete the order? I haven't changed anything on my account.,payment_failure
CONV-03294,Please advise: The product has a crack that wasn't shown in the listing. I placed the order earlier today. I'd appreciate your help.,damaged_item
CONV-03295,"I expected this shipment already, but it hasn't turned up. I haven't changed anything on my account. Please let me know.",delivery_delay
CONV-03296,Quick question: Do you have an update on ORD-100071? I want to know where it stands. I placed the order earlier today. Thanks.,order_status
CONV-03297,I’m contacting support because How can I prevent the plan from renewing? This is my first time dealing with this issue. Thank you.,subscription_cancel
CONV-03298,Could you help me? Could you tell me the current status of my refund? I placed the order earlier today. Any guidance would be helpful.,refund_status
CONV-03299,Quick question: The promised delivery window is over for ORD-100394. I placed the order earlier today. Thanks.,delivery_delay
CONV-03300,"Hi, Roughly how long will delivery take? I noticed this while reviewing my recent activity. I’d like to resolve this today.",delivery_estimate
CONV-03301,I’m contacting support because Checkout keeps rejecting my payment. I haven't changed anything on my account.,payment_failure
CONV-03302,Has the courier scanned ORD-104987 yet? This is my first time dealing with this issue. Thank you.,delivery_tracking
CONV-03303,My subscription payment was higher than I expected.,subscription_billing
CONV-03304,I need some help. Part of ORD-102548 was not included in the delivery. This is my first time dealing with this issue. Please let me know.,missing_item
CONV-03305,"Quick question: The item was returned, but I haven't received the refund. I noticed this while reviewing my recent activity. I’d like to resolve this today.",refund_status
CONV-03306,Has the courier scanned ORD-104897 yet? This is my first time dealing with this issue.,delivery_tracking
CONV-03307,"Hi, Where can I request a password reset? I noticed this while reviewing my recent activity. Thanks.",password_reset
CONV-03308,Quick question: I want to track the package that was just dispatched. I’m trying to sort this out before the end of the day. Any guidance would be helpful.,delivery_tracking
CONV-03309,I wanted to check whether The promotional code says it is invalid. This is my first time dealing with this issue. Can you check?,promo_code
CONV-03310,Please update the destination before the order ships. Thank you.,address_change
CONV-03311,I’m contacting support because I'd like to withdraw this purchase if it hasn't shipped. Please let me know.,order_cancellation
CONV-03312,"Hello, Can you cancel ORD-101875 for me? I haven't changed anything on my account. Please let me know.",order_cancellation
CONV-03313,"Hello, I can't finish the purchase because the payment isn't accepted. I haven't changed anything on my account. Can you check?",payment_failure
CONV-03314,I wanted to check whether Can you tell me more about this product's features? Can you check?,product_information
CONV-03315,I wanted to check whether The delivered item doesn't match my order. Thank you.,wrong_item
CONV-03316,I need some help. The login page won't let me access my account. This is my first time dealing with this issue. Can you check?,account_access
CONV-03317,Please update the destination before the order ships. Please let me know.,address_change
CONV-03318,What is the estimated delivery date for my package?,delivery_estimate
CONV-03319,I’m contacting support because Where should I enter my promo code? This is my first time dealing with this issue. Can you check?,promo_code
CONV-03320,Just checking — The login page won't let me access my account. I placed the order earlier today. I’d like to resolve this today.,account_access
CONV-03321,"Hello, My parcel is 2 days late. Can you investigate? Please let me know.",delivery_delay
CONV-03322,Quick question: I think I was charged more than once for a single checkout. I placed the order earlier today. I'd appreciate your help.,duplicate_charge
CONV-03323,Could you help me? I want to cancel my subscription. I’m trying to sort this out before the end of the day. Thanks.,subscription_cancel
CONV-03324,I’m contacting support because I'd like to withdraw this purchase if it hasn't shipped. This is my first time dealing with this issue. Please let me know.,order_cancellation
CONV-03325,I need some help. What exactly is included with this item? I haven't changed anything on my account. Please let me know.,product_information
CONV-03326,"Could you help me? I expected this shipment already, but it hasn't turned up. I’m trying to sort this out before the end of the day. I’d like to resolve this today.",delivery_delay
CONV-03327,"Hi, Something different was packed instead of what I purchased. I’m trying to sort this out before the end of the day. Thanks.",wrong_item
CONV-03328,I’m contacting support because I opened the package and found the product broken. I haven't changed anything on my account. Please let me know.,damaged_item
CONV-03329,I need some help. Can you explain the latest recurring charge? Please let me know.,subscription_billing
CONV-03330,Quick question: I think I was charged more than once for a single checkout. I placed the order earlier today. Any guidance would be helpful.,duplicate_charge
CONV-03331,I need some help. Has the refund for ORD-101050 been issued yet? I haven't changed anything on my account. Please let me know.,refund_status
CONV-03332,"Hello, When should ORD-100590 arrive? I haven't changed anything on my account.",delivery_estimate
CONV-03333,Just checking — I’m planning around the delivery. When is it expected? I placed the order earlier today. I’d like to resolve this today.,delivery_estimate
CONV-03334,Could you help me? Has the courier scanned ORD-104752 yet? I’m trying to sort this out before the end of the day. Thanks.,delivery_tracking
CONV-03335,"Hi, Where should I enter my promo code? I placed the order earlier today. I’d like to resolve this today.",promo_code
CONV-03336,I was sent the wrong model. This is my first time dealing with this issue. Thank you.,wrong_item
CONV-03337,"Quick question: The item was returned, but I haven't received the refund. I’m trying to sort this out before the end of the day. Thanks.",refund_status
CONV-03338,I wanted to check whether I need to redirect this package to another address. This is my first time dealing with this issue. Thank you.,address_change
CONV-03339,Quick question: I want to track the package that was just dispatched. I noticed this while reviewing my recent activity. I’d like to resolve this today.,delivery_tracking
CONV-03340,Could you help me? Could you explain the available options for this product? I noticed this while reviewing my recent activity. Thanks.,product_information
CONV-03341,Please advise: I can't finish the purchase because the payment isn't accepted. I noticed this while reviewing my recent activity. Thanks.,payment_failure
CONV-03342,I need some help. Can you help me cancel my recent order? I haven't changed anything on my account. Can you check?,order_cancellation
CONV-03343,I’m contacting support because Could you explain the return process for this purchase? This is my first time dealing with this issue. Please let me know.,return_request
CONV-03344,Just checking — I changed my mind and would like to send the item back. I noticed this while reviewing my recent activity. Thanks.,return_request
CONV-03345,I wanted to check whether I have a question about the charge on my recurring plan. This is my first time dealing with this issue. Thank you.,subscription_billing
CONV-03346,"Hello, Can you cancel ORD-101855 for me? This is my first time dealing with this issue. Thank you.",order_cancellation
CONV-03347,Has the courier scanned ORD-104757 yet? Can you check?,delivery_delay
CONV-03348,Please advise: Can you cancel ORD-101980 for me? I’m trying to sort this out before the end of the day. Thanks.,order_cancellation
CONV-03349,"Hi, Where can I request a password reset? I placed the order earlier today. I'd appreciate your help.",password_reset
CONV-03350,Just checking — I don't want the subscription to continue after this billing period. I placed the order earlier today. Thanks.,subscription_cancel
CONV-03351,"Hi, Could you tell me the current location or transit stage of my parcel? I placed the order earlier today. Thanks.",delivery_tracking
CONV-03352,Please advise: I received a security alert for an unfamiliar sign-in. I placed the order earlier today. I’d like to resolve this today.,account_security
CONV-03353,I’m contacting support because I see two charges for the same purchase.,duplicate_charge
CONV-03354,Could you help me? My payment is being declined at checkout. I placed the order earlier today. Any guidance would be helpful.,payment_failure
CONV-03355,Just checking — The discount isn't being applied even though I entered the code. I noticed this while reviewing my recent activity. Any guidance would be helpful.,promo_code
CONV-03356,"Hello, Does this product come with the accessories shown? I haven't changed anything on my account. Thank you.",product_information
CONV-03357,Just checking — I placed ORD-100083 recently. What is happening with it? I placed the order earlier today. Any guidance would be helpful.,order_status
CONV-03358,Please advise: What steps do I need to follow to return this product? I’m trying to sort this out before the end of the day. Any guidance would be helpful.,return_request
CONV-03359,Just checking — The item I received isn't the one I ordered. I’m trying to sort this out before the end of the day. Any guidance would be helpful.,wrong_item
CONV-03360,I’m checking on ORD-100020. Could you tell me its current status? This is my first time dealing with this issue. Can you check?,order_status
CONV-03361,Could you help me? Something about my account activity looks suspicious. I placed the order earlier today. I’d like to resolve this today.,account_security
CONV-03362,I’m contacting support because I can't sign in to my account. I haven't changed anything on my account. Thank you.,account_access
CONV-03363,I need some help. What exactly is included with this item? Please let me know.,product_information
CONV-03364,"Hello, Why are there duplicate transactions for one order? This is my first time dealing with this issue.",duplicate_charge
CONV-03365,"Hi, Where can I request a password reset? I noticed this while reviewing my recent activity. I’d like to resolve this today.",password_reset
CONV-03366,Please advise: I forgot my password. How can I reset it? I placed the order earlier today. Thanks.,password_reset
CONV-03367,"Hello, What steps do I need to follow to return this product? I haven't changed anything on my account. Can you check?",return_request
CONV-03368,I’m contacting support because I see two charges for the same purchase. Can you check?,duplicate_charge
CONV-03369,Could you help me? Can you send me through the password recovery process? I noticed this while reviewing my recent activity. I'd appreciate your help.,password_reset
CONV-03370,Why is the coupon being rejected at checkout? This is my first time dealing with this issue.,promo_code
CONV-03371,I’m contacting support because Could you tell me the current location or transit stage of my parcel? This is my first time dealing with this issue. Thank you.,delivery_tracking
CONV-03372,"I wanted to check whether The item was returned, but I haven't received the refund. I haven't changed anything on my account. Please let me know.",refund_status
CONV-03373,Just checking — Can you explain the latest recurring charge? I’m trying to sort this out before the end of the day. I’d like to resolve this today.,subscription_billing
CONV-03374,Quick question: I keep getting rejected when I try to sign in. I placed the order earlier today. Any guidance would be helpful.,account_access
CONV-03375,"Hi, Could you explain the return process for this purchase? I’m trying to sort this out before the end of the day. I'd appreciate your help.",return_request
CONV-03376,"Hello, Can you show me the latest tracking update for my shipment? Thank you.",delivery_tracking
CONV-03377,I wanted to check whether I need to redirect this package to another address. This is my first time dealing with this issue. Can you check?,address_change
CONV-03378,I wanted to check whether Can you tell me more about this product's features? This is my first time dealing with this issue. Please let me know.,product_information
CONV-03379,"Hello, I entered the wrong delivery address. Can it be corrected? I haven't changed anything on my account. Can you check?",address_change
CONV-03380,Why is the coupon being rejected at checkout? This is my first time dealing with this issue. Please let me know.,promo_code
CONV-03381,Please advise: When should ORD-100515 arrive? I’m trying to sort this out before the end of the day. I'd appreciate your help.,delivery_estimate
CONV-03382,I wanted to check whether Can you tell me more about this product's features? Please let me know.,product_information
CONV-03383,Quick question: Can you give me an ETA for this shipment? I’m trying to sort this out before the end of the day. Any guidance would be helpful.,delivery_estimate
CONV-03384,I need some help. Why does the payment fail whenever I try to complete the order? Please let me know.,payment_failure
CONV-03385,I wanted to check whether Please stop my recurring membership. This is my first time dealing with this issue. Please let me know.,subscription_cancel
CONV-03386,I wanted to check whether Can you tell me more about this product's features? This is my first time dealing with this issue. Please let me know.,product_information
CONV-03387,"I wanted to check whether The box arrived, but shirt wasn't inside. This is my first time dealing with this issue. Can you check?",missing_item
CONV-03388,Quick question: I keep getting rejected when I try to sign in. I placed the order earlier today. I’d like to resolve this today.,account_access
CONV-03389,I’m contacting support because I opened the package and found the product broken. I haven't changed anything on my account. Please let me know.,damaged_item
CONV-03390,Just checking — The login page won't let me access my account. I noticed this while reviewing my recent activity. I'd appreciate your help.,account_access
CONV-03391,Quick question: Can you tell me more about this product's features? I placed the order earlier today. Any guidance would be helpful.,product_information
CONV-03392,"Hi, Could you explain the return process for this purchase? I noticed this while reviewing my recent activity. I’d like to resolve this today.",return_request
CONV-03393,Could you help me? Please update the destination before the order ships. I’m trying to sort this out before the end of the day. I'd appreciate your help.,address_change
CONV-03394,I need some help. Has the refund for ORD-101030 been issued yet? This is my first time dealing with this issue. Thank you.,refund_status
CONV-03395,"Hi, My multi-item order is incomplete. I noticed this while reviewing my recent activity. I'd appreciate your help.",missing_item
CONV-03396,Quick question: The delivered item doesn't match my order. I’m trying to sort this out before the end of the day. I’d like to resolve this today.,wrong_item
CONV-03397,I need some help. I changed my mind and would like to send the item back. This is my first time dealing with this issue. Thank you.,return_request
CONV-03398,Quick question: Please stop my recurring membership. I placed the order earlier today. I’d like to resolve this today.,subscription_cancel
CONV-03399,"Hi, Could you tell me the current location or transit stage of my parcel? I noticed this while reviewing my recent activity. I’d like to resolve this today.",delivery_tracking
CONV-03400,Please advise: When should ORD-100715 arrive? I noticed this while reviewing my recent activity. I'd appreciate your help.,delivery_estimate
CONV-03401,"Hi, Why was my subscription charged this month? I noticed this while reviewing my recent activity. Thanks.",subscription_billing
CONV-03402,What is the estimated delivery date for my package? I haven't changed anything on my account.,delivery_estimate
CONV-03403,"Hi, Roughly how long will delivery take? I noticed this while reviewing my recent activity. I’d like to resolve this today.",delivery_estimate
CONV-03404,I’m contacting support because I think someone may have accessed my account. Please let me know.,account_security
CONV-03405,I wanted to check whether The delivered item doesn't match my order. I haven't changed anything on my account. Please let me know.,wrong_item
CONV-03406,I was sent the wrong model. I haven't changed anything on my account. Please let me know.,wrong_item
CONV-03407,Please advise: I entered the wrong delivery address. Can it be corrected? I’m trying to sort this out before the end of the day. I'd appreciate your help.,address_change
CONV-03408,"I expected this shipment already, but it hasn't turned up. Please let me know.",delivery_delay
CONV-03409,Quick question: Do you have an update on ORD-100021? I want to know where it stands. I noticed this while reviewing my recent activity. I'd appreciate your help.,order_status
CONV-03410,Please advise: I'm locked out of my account and need access. I noticed this while reviewing my recent activity. Thanks.,account_access
CONV-03411,I wanted to check whether I want to return ORD-100885. How do I start? Can you check?,return_request
CONV-03412,Quick question: The delivered item doesn't match my order. I noticed this while reviewing my recent activity. I'd appreciate your help.,wrong_item
CONV-03413,I need some help. I changed my mind and would like to send the item back. This is my first time dealing with this issue. Can you check?,return_request
CONV-03414,I’m contacting support because How can I prevent the plan from renewing? I haven't changed anything on my account.,subscription_cancel
CONV-03415,I wanted to check whether Please stop my recurring membership. I haven't changed anything on my account. Thank you.,subscription_cancel
CONV-03416,"Could you help me? My delivery arrived, but the item inside is damaged. I noticed this while reviewing my recent activity. Thanks.",damaged_item
CONV-03417,Please advise: Could you help me end my recurring plan? I’m trying to sort this out before the end of the day. Thanks.,subscription_cancel
CONV-03418,I wanted to check whether I noticed a login I don't recognize. Can you check?,account_security
CONV-03419,My payment is being declined at checkout. I haven't changed anything on my account. Thank you.,payment_failure
CONV-03420,"I expected this shipment already, but it hasn't turned up. I haven't changed anything on my account.",delivery_delay
CONV-03421,I wanted to check whether The promotional code says it is invalid. I haven't changed anything on my account. Please let me know.,promo_code
CONV-03422,My account suddenly won't let me log in. I haven't changed anything on my account. Thank you.,account_access
CONV-03423,"Hi, When should the refund appear in my account? I placed the order earlier today. Thanks.",refund_status
CONV-03424,"Hello, My parcel is 4 days late. Can you investigate? This is my first time dealing with this issue. Thank you.",delivery_delay
CONV-03425,Please advise: What steps do I need to follow to return this product? I’m trying to sort this out before the end of the day. Any guidance would be helpful.,return_request
CONV-03426,"My delivery arrived, but the item inside is damaged. I haven't changed anything on my account. Can you check?",damaged_item
CONV-03427,Just checking — Has the refund for ORD-101245 been issued yet? I’m trying to sort this out before the end of the day. I’d like to resolve this today.,refund_status
CONV-03428,Could you help me? I was sent the wrong model. I noticed this while reviewing my recent activity. Any guidance would be helpful.,wrong_item
CONV-03429,Could you help me? What is the estimated delivery date for my package? I noticed this while reviewing my recent activity. I'd appreciate your help.,delivery_estimate
CONV-03430,My payment is being declined at checkout. Can you check?,payment_failure
CONV-03431,"Hello, What steps do I need to follow to return this product?",return_request
CONV-03432,Could you help me? I want to cancel my subscription. I noticed this while reviewing my recent activity. I'd appreciate your help.,subscription_cancel
CONV-03433,I need some help. There are changes in my profile that I didn't make. I haven't changed anything on my account.,account_security
CONV-03434,Please advise: When should ORD-100585 arrive? I placed the order earlier today. Any guidance would be helpful.,delivery_estimate
CONV-03435,I wanted to check whether I need to redirect this package to another address.,address_change
CONV-03436,"Hello, I received the package, but one of the products is absent. I haven't changed anything on my account. Can you check?",missing_item
CONV-03437,"Hello, I can't finish the purchase because the payment isn't accepted. I haven't changed anything on my account. Please let me know.",payment_failure
CONV-03438,Could you help me? Could you tell me the current status of my refund? I noticed this while reviewing my recent activity. Any guidance would be helpful.,order_cancellation
CONV-03439,I need some help. I’m planning around the delivery. When is it expected? I haven't changed anything on my account. Can you check?,delivery_estimate
CONV-03440,Could you help me? I was sent the wrong model. I noticed this while reviewing my recent activity. I’d like to resolve this today.,wrong_item
CONV-03441,My account suddenly won't let me log in. I haven't changed anything on my account. Please let me know.,account_access
CONV-03442,"Hello, My parcel is 6 days late. Can you investigate? I haven't changed anything on my account. Can you check?",delivery_delay
CONV-03443,Please advise: Could you help me end my recurring plan? I noticed this while reviewing my recent activity. I'd appreciate your help.,subscription_cancel
CONV-03444,Just checking — I don't want the subscription to continue after this billing period. I placed the order earlier today. I’d like to resolve this today.,subscription_cancel
CONV-03445,Quick question: I need to redirect this package to another address. I noticed this while reviewing my recent activity. I'd appreciate your help.,address_change
CONV-03446,I wanted to check whether The promised delivery window is over for ORD-100359. Can you check?,delivery_delay
CONV-03447,"My delivery arrived, but the item inside is damaged. This is my first time dealing with this issue.",damaged_item
CONV-03448,I need some help. The discount isn't being applied even though I entered the code. This is my first time dealing with this issue. Please let me know.,promo_code
CONV-03449,Could you help me? I want to cancel my subscription. I noticed this while reviewing my recent activity. I'd appreciate your help.,subscription_cancel
CONV-03450,I’m contacting support because I see two charges for the same purchase. I haven't changed anything on my account.,duplicate_charge
CONV-03451,Could you help me? Why is the coupon being rejected at checkout? I placed the order earlier today. Any guidance would be helpful.,promo_code
CONV-03452,The same purchase appears twice on my card statement. Thank you.,duplicate_charge
CONV-03453,Could you help me? Could you tell me the current status of my refund? I noticed this while reviewing my recent activity. Any guidance would be helpful.,refund_status
CONV-03454,"Hello, Can you cancel ORD-101985 for me? Can you check?",order_cancellation
CONV-03455,Quick question: The promised delivery window is over for ORD-100294. I’m trying to sort this out before the end of the day. Any guidance would be helpful.,delivery_delay
CONV-03456,Please advise: Why are there duplicate transactions for one order? I placed the order earlier today. I’d like to resolve this today.,duplicate_charge
CONV-03457,I need some help. There is visible damage on the item I received. I haven't changed anything on my account. Can you check?,damaged_item
CONV-03458,I’m contacting support because Roughly how long will delivery take? This is my first time dealing with this issue. Please let me know.,delivery_estimate
CONV-03459,Something about my account activity looks suspicious. Thank you.,account_security
CONV-03460,I wanted to check whether The delivered item doesn't match my order.,wrong_item
CONV-03461,"Could you help me? My delivery arrived, but the item inside is damaged. I’m trying to sort this out before the end of the day. I’d like to resolve this today.",damaged_item
CONV-03462,"Hi, Where should I enter my promo code? I’m trying to sort this out before the end of the day. I’d like to resolve this today.",promo_code
CONV-03463,Just checking — The item I received isn't the one I ordered. I’m trying to sort this out before the end of the day. Thanks.,wrong_item
CONV-03464,"Please advise: I received the package, but one of the products is absent. I placed the order earlier today. I’d like to resolve this today.",missing_item
CONV-03465,"I’m contacting support because ORD-100425 was due on Tuesday, but it still hasn't arrived. Please let me know.",delivery_delay
CONV-03466,I’m contacting support because My multi-item order is incomplete.,wrong_item
CONV-03467,I’m contacting support because When should the refund appear in my account? This is my first time dealing with this issue. Thank you.,refund_status
CONV-03468,Quick question: Please stop my recurring membership. I noticed this while reviewing my recent activity. I’d like to resolve this today.,subscription_cancel
CONV-03469,I need some help. What exactly is included with this item? This is my first time dealing with this issue. Can you check?,product_information
CONV-03470,What is the estimated delivery date for my package? Please let me know.,delivery_estimate
CONV-03471,"Hi, Where should I enter my promo code? I’m trying to sort this out before the end of the day. Any guidance would be helpful.",promo_code
CONV-03472,Just checking — I don't want the subscription to continue after this billing period. I placed the order earlier today. I'd appreciate your help.,subscription_cancel
CONV-03473,I need some help. What exactly is included with this item? This is my first time dealing with this issue. Thank you.,product_information
CONV-03474,I’m contacting support because Something different was packed instead of what I purchased. Thank you.,wrong_item
CONV-03475,I wanted to check whether Can you tell me more about this product's features?,product_information
CONV-03476,"I’m contacting support because ORD-100355 was due on Thursday, but it still hasn't arrived. This is my first time dealing with this issue.",delivery_delay
CONV-03477,"Quick question: The item was returned, but I haven't received the refund. I noticed this while reviewing my recent activity. I'd appreciate your help.",refund_status
CONV-03478,I need some help. It looks like I was billed twice for ORD-101716. Thank you.,duplicate_charge
CONV-03479,"Hi, I think someone may have accessed my account. I noticed this while reviewing my recent activity. I’d like to resolve this today.",account_security
CONV-03480,"Hello, I received the package, but one of the products is absent. I haven't changed anything on my account. Please let me know.",missing_item
CONV-03481,Quick question: I have a question about the charge on my recurring plan. I placed the order earlier today. I’d like to resolve this today.,subscription_billing
CONV-03482,Could you help me? My account suddenly won't let me log in. I’m trying to sort this out before the end of the day. Any guidance would be helpful.,account_access
CONV-03483,I wanted to check whether I think I was charged more than once for a single checkout. Please let me know.,duplicate_charge
CONV-03484,My account suddenly won't let me log in. Please let me know.,account_access
CONV-03485,I need some help. Part of ORD-102618 was not included in the delivery. Can you check?,missing_item
CONV-03486,Just checking — The item I received isn't the one I ordered. I noticed this while reviewing my recent activity. I'd appreciate your help.,wrong_item
CONV-03487,"Could you help me? My delivery arrived, but the item inside is damaged. I placed the order earlier today. Any guidance would be helpful.",damaged_item
CONV-03488,Just checking — I can't recall my password and need to change it. I placed the order earlier today. Any guidance would be helpful.,password_reset
CONV-03489,I wanted to check whether The delivered item doesn't match my order. I haven't changed anything on my account. Can you check?,wrong_item
CONV-03490,I’m contacting support because Where can I request a password reset? This is my first time dealing with this issue. Please let me know.,password_reset
CONV-03491,I want to cancel my subscription. This is my first time dealing with this issue. Thank you.,subscription_cancel
CONV-03492,My payment is being declined at checkout. Please let me know.,payment_failure
CONV-03493,Quick question: Please stop my recurring membership. I’m trying to sort this out before the end of the day. Thanks.,subscription_cancel
CONV-03494,"Hi, Could you tell me the current location or transit stage of my parcel? I placed the order earlier today. I'd appreciate your help.",delivery_tracking
CONV-03495,"Hi, Where should I enter my promo code? I noticed this while reviewing my recent activity. I’d like to resolve this today.",promo_code
CONV-03496,Just checking — There is visible damage on the item I received. I’m trying to sort this out before the end of the day. Thanks.,damaged_item
CONV-03497,I need some help. Can you help me cancel my recent order? Can you check?,order_cancellation
CONV-03498,I need some help. What exactly is included with this item? This is my first time dealing with this issue.,product_information
CONV-03499,Just checking — It looks like I was billed twice for ORD-101591. I’m trying to sort this out before the end of the day. I'd appreciate your help.,duplicate_charge
CONV-03500,"Quick question: I have tried several times, but the transaction won't go through. I’m trying to sort this out before the end of the day. Any guidance would be helpful.",payment_failure
CONV-03501,Why is the coupon being rejected at checkout? This is my first time dealing with this issue. Can you check?,promo_code
CONV-03502,I need some help. There is visible damage on the item I received. I haven't changed anything on my account. Thank you.,damaged_item
CONV-03503,Please advise: My package contains a different product. I placed the order earlier today. I’d like to resolve this today.,wrong_item
CONV-03504,Quick question: I want to track the package that was just dispatched. I placed the order earlier today. Thanks.,delivery_tracking
CONV-03505,"Hello, My package contains a different product. Can you check?",wrong_item
CONV-03506,Please advise: My discount code isn't working. I’m trying to sort this out before the end of the day. Thanks.,promo_code
CONV-03507,Could you help me? Can you send me through the password recovery process? I noticed this while reviewing my recent activity. Any guidance would be helpful.,password_reset
CONV-03508,Could you help me? Could you tell me the current status of my refund? I’m trying to sort this out before the end of the day. I'd appreciate your help.,refund_status
CONV-03509,I want to cancel my subscription. I haven't changed anything on my account. Thank you.,subscription_cancel
CONV-03510,Just checking — I changed my mind and would like to send the item back. I noticed this while reviewing my recent activity. Any guidance would be helpful.,return_request
CONV-03511,I wanted to check whether I want to return ORD-100795. How do I start? Thank you.,return_request
CONV-03512,"Hello, I forgot my password. How can I reset it? This is my first time dealing with this issue.",password_reset
CONV-03513,Just checking — It looks like I was billed twice for ORD-101711. I’m trying to sort this out before the end of the day. I'd appreciate your help.,duplicate_charge
CONV-03514,I need some help. There are changes in my profile that I didn't make. I haven't changed anything on my account. Can you check?,account_security
CONV-03515,I wanted to check whether Do you have an update on ORD-100036? I want to know where it stands. Can you check?,order_status
CONV-03516,"I expected this shipment already, but it hasn't turned up. I haven't changed anything on my account. Thank you.",delivery_delay
CONV-03517,"Hello, What steps do I need to follow to return this product? I haven't changed anything on my account.",return_request
CONV-03518,Just checking — Can you explain the latest recurring charge? I placed the order earlier today. I’d like to resolve this today.,subscription_billing
CONV-03519,"Hi, When should the refund appear in my account? I noticed this while reviewing my recent activity. Any guidance would be helpful.",refund_status
CONV-03520,Please advise: I can't finish the purchase because the payment isn't accepted. I’m trying to sort this out before the end of the day. Any guidance would be helpful.,payment_failure
CONV-03521,I need some help. The item I received isn't the one I ordered. This is my first time dealing with this issue. Can you check?,wrong_item
CONV-03522,"Hi, Can you see what stage ORD-100037 is at right now? I’m trying to sort this out before the end of the day. I'd appreciate your help.",order_status
CONV-03523,Could you help me? Please help me arrange a return. I placed the order earlier today. I'd appreciate your help.,return_request
CONV-03524,Please advise: I forgot my password. How can I reset it? I noticed this while reviewing my recent activity. Thanks.,password_reset
CONV-03525,"Hello, What steps do I need to follow to return this product? This is my first time dealing with this issue. Please let me know.",return_request
CONV-03526,Please advise: Could you help me end my recurring plan? I’m trying to sort this out before the end of the day. Any guidance would be helpful.,subscription_cancel
CONV-03527,Quick question: I have a question about the charge on my recurring plan. I placed the order earlier today. I'd appreciate your help.,subscription_billing
CONV-03528,Just checking — Why does the payment fail whenever I try to complete the order? I’m trying to sort this out before the end of the day. Any guidance would be helpful.,payment_failure
CONV-03529,Just checking — There are changes in my profile that I didn't make. I noticed this while reviewing my recent activity. I'd appreciate your help.,account_security
CONV-03530,I’m contacting support because I see two charges for the same purchase. Please let me know.,duplicate_charge
CONV-03531,Please advise: Would you mind checking the latest status of ORD-100039? I noticed this while reviewing my recent activity. Thanks.,order_status
CONV-03532,"Quick question: I have tried several times, but the transaction won't go through. I noticed this while reviewing my recent activity. Thanks.",payment_failure
CONV-03533,I need some help. I don't want the subscription to continue after this billing period. I haven't changed anything on my account. Please let me know.,subscription_cancel
CONV-03534,Please advise: Would you mind checking the latest status of ORD-100169? I’m trying to sort this out before the end of the day. I’d like to resolve this today.,order_status
CONV-03535,My payment is being declined at checkout. I haven't changed anything on my account. Can you check?,payment_failure
CONV-03536,I’m contacting support because I can't sign in to my account.,account_access
CONV-03537,Please update the destination before the order ships. I haven't changed anything on my account. Please let me know.,address_change
CONV-03538,"Hello, Does this product come with the accessories shown? This is my first time dealing with this issue. Please let me know.",product_information
CONV-03539,I wanted to check whether I have a question about the charge on my recurring plan. Can you check?,subscription_billing
CONV-03540,I’m contacting support because My multi-item order is incomplete. I haven't changed anything on my account. Can you check?,missing_item
CONV-03541,Could you explain the available options for this product? Thank you.,product_information
CONV-03542,"Hi, Why was my subscription charged this month? I noticed this while reviewing my recent activity. I’d like to resolve this today.",subscription_billing
CONV-03543,I’m contacting support because I see two charges for the same purchase. This is my first time dealing with this issue. Please let me know.,duplicate_charge
CONV-03544,Could you help me? My payment is being declined at checkout. I placed the order earlier today. Any guidance would be helpful.,payment_failure
CONV-03545,Could you help me? My payment is being declined at checkout. I placed the order earlier today. I'd appreciate your help.,payment_failure
CONV-03546,I’m contacting support because I'd like to withdraw this purchase if it hasn't shipped. This is my first time dealing with this issue.,order_cancellation
CONV-03547,Just checking — I’m planning around the delivery. When is it expected? I placed the order earlier today. I'd appreciate your help.,delivery_estimate
CONV-03548,I’m contacting support because Why was my subscription charged this month? Can you check?,subscription_billing
CONV-03549,"Hello, I forgot my password. How can I reset it? I haven't changed anything on my account. Can you check?",password_reset
CONV-03550,I wanted to check whether The item arrived damaged. What should I do? I haven't changed anything on my account. Please let me know.,damaged_item
CONV-03551,Just checking — I changed my mind and would like to send the item back. I’m trying to sort this out before the end of the day. Any guidance would be helpful.,return_request
CONV-03552,I wanted to check whether Please stop my recurring membership. Thank you.,subscription_cancel
CONV-03553,Quick question: I want to return ORD-100780. How do I start? I noticed this while reviewing my recent activity. Any guidance would be helpful.,return_request
CONV-03554,Please advise: Would you mind checking the latest status of ORD-100159? I noticed this while reviewing my recent activity. Thanks.,order_status
CONV-03555,I’m contacting support because Can you see what stage ORD-100002 is at right now? This is my first time dealing with this issue. Thank you.,order_status
CONV-03556,I wanted to check whether The delivered item doesn't match my order. I haven't changed anything on my account. Can you check?,wrong_item
CONV-03557,Can you send me through the password recovery process? Can you check?,password_reset
CONV-03558,"Could you help me? My delivery arrived, but the item inside is damaged. I placed the order earlier today. I'd appreciate your help.",damaged_item
CONV-03559,Please help me arrange a return.,return_request
CONV-03560,"Hi, My multi-item order is incomplete. I placed the order earlier today. Any guidance would be helpful.",missing_item
CONV-03561,Please advise: My package contains a different product. I noticed this while reviewing my recent activity. Thanks.,wrong_item
CONV-03562,I need some help. Can I change the shipping address for ORD-103650? I haven't changed anything on my account.,address_change
CONV-03563,I need some help. It looks like I was billed twice for ORD-101596. Thank you.,duplicate_charge
CONV-03564,Could you help me? I no longer want this order. Is cancellation still possible? I’m trying to sort this out before the end of the day. Any guidance would be helpful.,order_cancellation
CONV-03565,I’m contacting support because I'd like to withdraw this purchase if it hasn't shipped. Can you check?,order_cancellation
CONV-03566,"Quick question: The item was returned, but I haven't received the refund. I noticed this while reviewing my recent activity. Thanks.",refund_status
CONV-03567,Please advise: Does this product come with the accessories shown? I noticed this while reviewing my recent activity. Any guidance would be helpful.,product_information
CONV-03568,I wanted to check whether I think I was charged more than once for a single checkout. This is my first time dealing with this issue. Please let me know.,duplicate_charge
CONV-03569,"I wanted to check whether The box arrived, but adapter wasn't inside. I haven't changed anything on my account. Thank you.",missing_item
CONV-03570,"Hello, I entered the wrong delivery address. Can it be corrected?",address_change
CONV-03571,Just checking — What exactly is included with this item? I noticed this while reviewing my recent activity. Any guidance would be helpful.,product_information
CONV-03572,Just checking — I placed ORD-100053 recently. What is happening with it? I placed the order earlier today. I'd appreciate your help.,order_status
CONV-03573,Could you help me? I no longer want this order. Is cancellation still possible? I noticed this while reviewing my recent activity. Thanks.,order_cancellation
CONV-03574,I no longer want this order. Is cancellation still possible? I haven't changed anything on my account. Thank you.,order_cancellation
CONV-03575,Please advise: My package contains a different product. I placed the order earlier today. Thanks.,wrong_item
CONV-03576,Just checking — Part of ORD-102553 was not included in the delivery. I’m trying to sort this out before the end of the day. Any guidance would be helpful.,missing_item
CONV-03577,"Hi, I can't sign in to my account. I noticed this while reviewing my recent activity. Thanks.",account_access
CONV-03578,I need some help. Can you explain the latest recurring charge? I haven't changed anything on my account. Please let me know.,subscription_billing
CONV-03579,Please advise: I don't recognize the amount billed for my membership. I noticed this while reviewing my recent activity. Thanks.,subscription_billing
CONV-03580,Could you help me? Please help me arrange a return. I placed the order earlier today. Thanks.,return_request
CONV-03581,Please advise: Does this product come with the accessories shown? I placed the order earlier today. Thanks.,product_information
CONV-03582,I’m contacting support because Where can I request a password reset? I haven't changed anything on my account. Please let me know.,password_reset
CONV-03583,I’m contacting support because I think someone may have accessed my account. Thank you.,account_security
CONV-03584,"Hello, I can't finish the purchase because the payment isn't accepted. This is my first time dealing with this issue. Please let me know.",payment_failure
CONV-03585,I’m contacting support because How do I change the address attached to my order? This is my first time dealing with this issue. Thank you.,address_change
CONV-03586,Please advise: Can you show me the latest tracking update for my shipment? I placed the order earlier today. Any guidance would be helpful.,delivery_tracking
CONV-03587,Could you help me? Please help me arrange a return. I placed the order earlier today. Any guidance would be helpful.,return_request
CONV-03588,I want to cancel my subscription. I haven't changed anything on my account.,subscription_cancel
CONV-03589,Please advise: Why are there duplicate transactions for one order? I placed the order earlier today. I'd appreciate your help.,duplicate_charge
CONV-03590,I wanted to check whether I think I was charged more than once for a single checkout. I haven't changed anything on my account.,duplicate_charge
CONV-03591,I’m contacting support because Could you explain the return process for this purchase? Thank you.,return_request
CONV-03592,"Quick question: The box arrived, but notebook wasn't inside. I placed the order earlier today. I'd appreciate your help.",missing_item
CONV-03593,"Hi, I need the specifications before I decide whether to buy it. I placed the order earlier today. Thanks.",product_information
CONV-03594,I wanted to check whether The delivered item doesn't match my order. This is my first time dealing with this issue. Please let me know.,wrong_item
CONV-03595,"Hi, I'd like to withdraw this purchase if it hasn't shipped. I noticed this while reviewing my recent activity. Thanks.",order_cancellation
CONV-03596,Just checking — Has the refund for ORD-101085 been issued yet? I noticed this while reviewing my recent activity. I’d like to resolve this today.,refund_status
CONV-03597,I’m checking on ORD-100010. Could you tell me its current status? I haven't changed anything on my account. Thank you.,order_status
CONV-03598,Please advise: I entered the wrong delivery address. Can it be corrected? I’m trying to sort this out before the end of the day. I’d like to resolve this today.,address_change
CONV-03599,My payment is being declined at checkout. I haven't changed anything on my account. Please let me know.,payment_failure
CONV-03600,Quick question: I noticed a login I don't recognize. I’m trying to sort this out before the end of the day. Thanks.,account_security
CONV-03601,I need some help. Why does the payment fail whenever I try to complete the order? I haven't changed anything on my account.,payment_failure
CONV-03602,"Hi, Could you explain the return process for this purchase? I placed the order earlier today. I'd appreciate your help.",return_request
CONV-03603,Please advise: My discount code isn't working. I placed the order earlier today. I’d like to resolve this today.,promo_code
CONV-03604,I want to cancel my subscription. I haven't changed anything on my account. Can you check?,subscription_cancel
CONV-03605,I wanted to check whether Please stop my recurring membership. Please let me know.,subscription_cancel
CONV-03606,"Hello, The product has a crack that wasn't shown in the listing. I haven't changed anything on my account. Can you check?",damaged_item
CONV-03607,"Hi, Why was my subscription charged this month? I noticed this while reviewing my recent activity. Any guidance would be helpful.",subscription_billing
CONV-03608,Please advise: Can you show me the latest tracking update for my shipment? I’m trying to sort this out before the end of the day. Any guidance would be helpful.,delivery_tracking
CONV-03609,"My delivery arrived, but the item inside is damaged. I haven't changed anything on my account. Thank you.",damaged_item
CONV-03610,Could you help me? Can you send me through the password recovery process? I’m trying to sort this out before the end of the day. Thanks.,password_reset
CONV-03611,"Hello, What steps do I need to follow to return this product? Thank you.",return_request
CONV-03612,I wanted to check whether I noticed a login I don't recognize. This is my first time dealing with this issue.,account_security
CONV-03613,I need some help. I don't want the subscription to continue after this billing period. Can you check?,subscription_cancel
CONV-03614,"Could you help me? I expected this shipment already, but it hasn't turned up. I noticed this while reviewing my recent activity. Any guidance would be helpful.",delivery_delay
CONV-03615,I’m contacting support because My multi-item order is incomplete. This is my first time dealing with this issue. Thank you.,missing_item
CONV-03616,"Hello, Can you show me the latest tracking update for my shipment? I haven't changed anything on my account. Thank you.",delivery_tracking
CONV-03617,Just checking — The login page won't let me access my account. I’m trying to sort this out before the end of the day. Any guidance would be helpful.,account_access
CONV-03618,I need some help. I’m planning around the delivery. When is it expected? I haven't changed anything on my account. Thank you.,delivery_estimate
CONV-03619,I need some help. The delivery date for ORD-100431 has passed and I'm still waiting. Can you check?,delivery_delay
CONV-03620,Please advise: My parcel is 1 days late. Can you investigate? I placed the order earlier today. I’d like to resolve this today.,delivery_delay
CONV-03621,Has the courier scanned ORD-104867 yet? This is my first time dealing with this issue. Thank you.,delivery_tracking
CONV-03622,Could you help me? I’m checking on ORD-100145. Could you tell me its current status? I’m trying to sort this out before the end of the day. I’d like to resolve this today.,order_status
CONV-03623,I’m contacting support because Where should I enter my promo code? Please let me know.,promo_code
CONV-03624,Please advise: The product has a crack that wasn't shown in the listing. I’m trying to sort this out before the end of the day. I’d like to resolve this today.,damaged_item
CONV-03625,I’m contacting support because Where should I enter my promo code? I haven't changed anything on my account.,promo_code
CONV-03626,Just checking — Has the refund for ORD-101165 been issued yet? I placed the order earlier today. I’d like to resolve this today.,refund_status
CONV-03627,I need some help. Can I change the shipping address for ORD-103500? I haven't changed anything on my account. Thank you.,address_change
CONV-03628,I wanted to check whether The item arrived damaged. What should I do? Thank you.,damaged_item
CONV-03629,"Hello, I received the package, but one of the products is absent. Thank you.",missing_item
CONV-03630,"Hi, Where should I enter my promo code? I noticed this while reviewing my recent activity. Thanks.",promo_code
CONV-03631,I wanted to check whether The promised delivery window is over for ORD-100339. I haven't changed anything on my account.,delivery_delay
CONV-03632,"Hello, Could you help me end my recurring plan? Thank you.",subscription_cancel
CONV-03633,I need some help. What exactly is included with this item? Thank you.,product_information
CONV-03634,My account suddenly won't let me log in. This is my first time dealing with this issue. Can you check?,account_access
CONV-03635,"I’m contacting support because ORD-100265 was due on Thursday, but it still hasn't arrived. This is my first time dealing with this issue. Please let me know.",delivery_delay
CONV-03636,"Hi, Something different was packed instead of what I purchased. I noticed this while reviewing my recent activity. I'd appreciate your help.",wrong_item
CONV-03637,"Hi, Checkout keeps rejecting my payment. I’m trying to sort this out before the end of the day. Thanks.",payment_failure
CONV-03638,I no longer want this order. Is cancellation still possible? This is my first time dealing with this issue. Please let me know.,order_cancellation
CONV-03639,Please advise: I entered the wrong delivery address. Can it be corrected? I noticed this while reviewing my recent activity. I'd appreciate your help.,address_change
CONV-03640,I need some help. The delivery date for ORD-100271 has passed and I'm still waiting. This is my first time dealing with this issue. Can you check?,delivery_delay
CONV-03641,What is the estimated delivery date for my package? This is my first time dealing with this issue. Thank you.,delivery_estimate
CONV-03642,Quick question: Can you give me an ETA for this shipment? I placed the order earlier today. I'd appreciate your help.,delivery_estimate
CONV-03643,"Hello, Would you mind checking the latest status of ORD-100244? I haven't changed anything on my account. Can you check?",order_status
CONV-03644,"Hello, My parcel is 2 days late. Can you investigate? Thank you.",delivery_delay
CONV-03645,Just checking — The delivery date for ORD-100476 has passed and I'm still waiting. I noticed this while reviewing my recent activity. I’d like to resolve this today.,delivery_delay
CONV-03646,I need some help. There is visible damage on the item I received.,damaged_item
CONV-03647,I need some help. I changed my mind and would like to send the item back. Can you check?,refund_status
CONV-03648,Quick question: Please stop my recurring membership. I noticed this while reviewing my recent activity. Any guidance would be helpful.,subscription_cancel
CONV-03649,"Hello, What steps do I need to follow to return this product? Can you check?",return_request
CONV-03650,I need some help. What exactly is included with this item? This is my first time dealing with this issue. Please let me know.,product_information
CONV-03651,Just checking — Can you help me cancel my recent order? I’m trying to sort this out before the end of the day. I'd appreciate your help.,order_cancellation
CONV-03652,I need some help. What exactly is included with this item? Can you check?,product_information
CONV-03653,I need some help. There are changes in my profile that I didn't make. This is my first time dealing with this issue.,account_security
CONV-03654,I’m contacting support because Checkout keeps rejecting my payment. Thank you.,payment_failure
CONV-03655,I’m contacting support because Why was my subscription charged this month? This is my first time dealing with this issue. Please let me know.,subscription_billing
CONV-03656,Just checking — Can you help me cancel my recent order? I placed the order earlier today. Thanks.,order_cancellation
CONV-03657,Please advise: What steps do I need to follow to return this product? I placed the order earlier today. I'd appreciate your help.,return_request
CONV-03658,"Hi, ORD-100250 was due on Monday, but it still hasn't arrived. I placed the order earlier today. Thanks.",delivery_delay
CONV-03659,"Hello, My package contains a different product. I haven't changed anything on my account. Thank you.",wrong_item
CONV-03660,Please advise: When should ORD-100545 arrive? I’m trying to sort this out before the end of the day. Any guidance would be helpful.,delivery_estimate
CONV-03661,Could you help me? Can you send me through the password recovery process? I’m trying to sort this out before the end of the day. I'd appreciate your help.,password_reset
CONV-03662,I’m contacting support because Roughly how long will delivery take? This is my first time dealing with this issue. Can you check?,delivery_estimate
CONV-03663,"Hi, ORD-100310 was due on Monday, but it still hasn't arrived. I placed the order earlier today. Any guidance would be helpful.",delivery_delay
CONV-03664,Could you help me? I want to cancel my subscription. I noticed this while reviewing my recent activity. Thanks.,subscription_cancel
CONV-03665,I need some help. The login page won't let me access my account. Can you check?,account_access
CONV-03666,Please advise: I'm still waiting for the money from my return. Can you check? I’m trying to sort this out before the end of the day. Thanks.,refund_status
CONV-03667,"Hello, I can't finish the purchase because the payment isn't accepted. This is my first time dealing with this issue. Thank you.",payment_failure
CONV-03668,I’m contacting support because Could you tell me the current location or transit stage of my parcel? Please let me know.,delivery_tracking
CONV-03669,Could you help me? I’m checking on ORD-100015. Could you tell me its current status? I noticed this while reviewing my recent activity. Thanks.,order_status
CONV-03670,I wanted to check whether I need to create a new password because I can't remember mine. I haven't changed anything on my account. Can you check?,password_reset
CONV-03671,I wanted to check whether I keep getting rejected when I try to sign in. This is my first time dealing with this issue.,account_access
CONV-03672,Please advise: I received a security alert for an unfamiliar sign-in. I’m trying to sort this out before the end of the day. I'd appreciate your help.,account_security
CONV-03673,Quick question: I want to return ORD-100920. How do I start? I placed the order earlier today. Thanks.,return_request
CONV-03674,Just checking — I can't recall my password and need to change it. I placed the order earlier today. I’d like to resolve this today.,password_reset
CONV-03675,"Hi, Checkout keeps rejecting my payment. I noticed this while reviewing my recent activity. I'd appreciate your help.",payment_failure
CONV-03676,Could you help me? Please update the destination before the order ships. I’m trying to sort this out before the end of the day. I’d like to resolve this today.,address_change
CONV-03677,"Hello, I received the package, but one of the products is absent. I haven't changed anything on my account. Thank you.",missing_item
CONV-03678,I wanted to check whether I need to redirect this package to another address. Can you check?,address_change
CONV-03679,I need some help. I placed ORD-100038 recently. What is happening with it? This is my first time dealing with this issue. Please let me know.,order_status
CONV-03680,"I expected this shipment already, but it hasn't turned up. I haven't changed anything on my account.",delivery_delay
CONV-03681,Just checking — Can you explain the latest recurring charge? I’m trying to sort this out before the end of the day. I'd appreciate your help.,subscription_billing
CONV-03682,I’m contacting support because Can you see what stage ORD-100182 is at right now? This is my first time dealing with this issue. Please let me know.,order_status
CONV-03683,"Hi, Where can I request a password reset? I noticed this while reviewing my recent activity. I'd appreciate your help.",password_reset
CONV-03684,My account suddenly won't let me log in. Please let me know.,account_access
CONV-03685,I’m contacting support because When should the refund appear in my account? I haven't changed anything on my account. Please let me know.,refund_status
CONV-03686,Please advise: I'm locked out of my account and need access. I’m trying to sort this out before the end of the day. Any guidance would be helpful.,account_access
CONV-03687,I need some help. What exactly is included with this item?,product_information
CONV-03688,Please advise: I'm still waiting for the money from my return. Can you check? I noticed this while reviewing my recent activity. I'd appreciate your help.,refund_status
CONV-03689,Quick question: The item arrived damaged. What should I do? I placed the order earlier today. Any guidance would be helpful.,damaged_item
CONV-03690,"Hi, My multi-item order is incomplete. I’m trying to sort this out before the end of the day. I'd appreciate your help.",missing_item
CONV-03691,"Hi, How do I change the address attached to my order? I placed the order earlier today. I’d like to resolve this today.",address_change
CONV-03692,"Hi, Where can I request a password reset? I’m trying to sort this out before the end of the day. Any guidance would be helpful.",password_reset
CONV-03693,Could you tell me the current status of my refund? I haven't changed anything on my account. Thank you.,refund_status
CONV-03694,I wanted to check whether I have a question about the charge on my recurring plan.,subscription_billing
CONV-03695,I’m contacting support because Where should I enter my promo code? This is my first time dealing with this issue. Thank you.,promo_code
CONV-03696,I need some help. I’m planning around the delivery. When is it expected? I haven't changed anything on my account.,delivery_estimate
CONV-03697,Quick question: I want to track the package that was just dispatched. I’m trying to sort this out before the end of the day. Any guidance would be helpful.,delivery_tracking
CONV-03698,"Quick question: I have tried several times, but the transaction won't go through. I’m trying to sort this out before the end of the day. Any guidance would be helpful.",payment_failure
CONV-03699,I need some help. The delivery date for ORD-100401 has passed and I'm still waiting. Please let me know.,delivery_delay
CONV-03700,I wanted to check whether I need to create a new password because I can't remember mine. Please let me know.,password_reset
CONV-03701,Could you help me? Please help me arrange a return. I’m trying to sort this out before the end of the day. I'd appreciate your help.,return_request
CONV-03702,I’m contacting support because Something different was packed instead of what I purchased. I haven't changed anything on my account.,wrong_item
CONV-03703,Just checking — Where is ORD-104860 right now? I’m trying to sort this out before the end of the day. Any guidance would be helpful.,delivery_tracking
CONV-03704,Just checking — Where is ORD-104910 right now? I noticed this while reviewing my recent activity. I'd appreciate your help.,delivery_tracking
CONV-03705,"Quick question: The box arrived, but mug wasn't inside. I placed the order earlier today. Any guidance would be helpful.",missing_item
CONV-03706,Please advise: I don't recognize the amount billed for my membership. I’m trying to sort this out before the end of the day. I’d like to resolve this today.,subscription_billing
CONV-03707,What is the estimated delivery date for my package? This is my first time dealing with this issue.,delivery_estimate
CONV-03708,"Hi, Could you explain the return process for this purchase? I’m trying to sort this out before the end of the day. I’d like to resolve this today.",return_request
CONV-03709,Just checking — It looks like I was billed twice for ORD-101521. I noticed this while reviewing my recent activity. Thanks.,duplicate_charge
CONV-03710,Please advise: Can you show me the latest tracking update for my shipment? I noticed this while reviewing my recent activity. Thanks.,delivery_tracking
CONV-03711,"Hi, I can't sign in to my account. I’m trying to sort this out before the end of the day. I’d like to resolve this today.",account_access
CONV-03712,I wanted to check whether Do you have an update on ORD-100136? I want to know where it stands. I haven't changed anything on my account.,order_status
CONV-03713,I need some help. Can I change the shipping address for ORD-103590? I haven't changed anything on my account. Can you check?,address_change
CONV-03714,I’m contacting support because Roughly how long will delivery take? Please let me know.,delivery_estimate
CONV-03715,Quick question: The promised delivery window is over for ORD-100334. I placed the order earlier today. Any guidance would be helpful.,delivery_delay
CONV-03716,"Hi, ORD-100390 was due on Wednesday, but it still hasn't arrived. I’m trying to sort this out before the end of the day. Any guidance would be helpful.",delivery_delay
CONV-03717,I wanted to check whether The promotional code says it is invalid.,promo_code
CONV-03718,"Hi, Could you tell me the current location or transit stage of my parcel? I noticed this while reviewing my recent activity. Thanks.",delivery_tracking
CONV-03719,"Hi, How can I prevent the plan from renewing? I’m trying to sort this out before the end of the day. Any guidance would be helpful.",subscription_cancel
CONV-03720,I wanted to check whether Please stop ORD-101817 before it is dispatched. Can you check?,order_cancellation
CONV-03721,"Hi, ORD-100400 was due on Monday, but it still hasn't arrived. I placed the order earlier today. I'd appreciate your help.",delivery_delay
CONV-03722,"Hello, When should ORD-100710 arrive? I haven't changed anything on my account.",delivery_estimate
CONV-03723,"Hi, When should the refund appear in my account? I placed the order earlier today. Any guidance would be helpful.",refund_status
CONV-03724,"Hello, Could you help me end my recurring plan? This is my first time dealing with this issue.",subscription_cancel
CONV-03725,Something about my account activity looks suspicious.,account_security
CONV-03726,I wanted to check whether Do you have an update on ORD-100046? I want to know where it stands. I haven't changed anything on my account. Please let me know.,order_status
CONV-03727,Just checking — It looks like I was billed twice for ORD-101561. I’m trying to sort this out before the end of the day. Thanks.,duplicate_charge
CONV-03728,I’m contacting support because Could you tell me the current location or transit stage of my parcel? Please let me know.,delivery_tracking
CONV-03729,Please update the destination before the order ships. This is my first time dealing with this issue.,address_change
CONV-03730,"Hello, I entered the wrong delivery address. Can it be corrected? This is my first time dealing with this issue. Can you check?",address_change
CONV-03731,Could you help me? Has the courier scanned ORD-104982 yet? I noticed this while reviewing my recent activity. I'd appreciate your help.,delivery_tracking
CONV-03732,Could you tell me the current status of my refund? Can you check?,refund_status
CONV-03733,Just checking — Part of ORD-102513 was not included in the delivery. I noticed this while reviewing my recent activity. Any guidance would be helpful.,missing_item
CONV-03734,I wanted to check whether I need to redirect this package to another address. I haven't changed anything on my account. Please let me know.,address_change
CONV-03735,"Quick question: The item was returned, but I haven't received the refund. I noticed this while reviewing my recent activity. Any guidance would be helpful.",refund_status
CONV-03736,I’m contacting support because Why was my subscription charged this month? This is my first time dealing with this issue. Can you check?,subscription_billing
CONV-03737,"Hi, Where can I request a password reset? I placed the order earlier today. Any guidance would be helpful.",password_reset
CONV-03738,"Hello, My package contains a different product. Thank you.",wrong_item
CONV-03739,The same purchase appears twice on my card statement. This is my first time dealing with this issue. Thank you.,duplicate_charge
CONV-03740,Please advise: Can you cancel ORD-101750 for me? I placed the order earlier today. I’d like to resolve this today.,order_cancellation
CONV-03741,Has the courier scanned ORD-104837 yet? This is my first time dealing with this issue. Can you check?,delivery_tracking
CONV-03742,I need some help. Can you explain the latest recurring charge? This is my first time dealing with this issue.,subscription_billing
CONV-03743,I need some help. Can you help me cancel my recent order? Thank you.,order_cancellation
CONV-03744,"Could you help me? I expected this shipment already, but it hasn't turned up. I noticed this while reviewing my recent activity. Thanks.",delivery_delay
CONV-03745,Could you help me? I’m checking on ORD-100215. Could you tell me its current status? I placed the order earlier today. Thanks.,order_status
CONV-03746,Quick question: I need to redirect this package to another address. I placed the order earlier today. I'd appreciate your help.,address_change
CONV-03747,"I wanted to check whether I have tried several times, but the transaction won't go through. This is my first time dealing with this issue. Please let me know.",payment_failure
CONV-03748,Quick question: Do you have an update on ORD-100011? I want to know where it stands. I placed the order earlier today. Any guidance would be helpful.,order_status
CONV-03749,I’m contacting support because I see two charges for the same purchase. This is my first time dealing with this issue. Please let me know.,duplicate_charge
CONV-03750,I need some help. Can I change the shipping address for ORD-103640? Please let me know.,address_change
CONV-03751,I’m contacting support because How can I prevent the plan from renewing? I haven't changed anything on my account. Can you check?,subscription_cancel
CONV-03752,I wanted to check whether The promotional code says it is invalid. I haven't changed anything on my account.,promo_code
CONV-03753,I need some help. I can't recall my password and need to change it. I haven't changed anything on my account.,password_reset
CONV-03754,Quick question: I keep getting rejected when I try to sign in. I’m trying to sort this out before the end of the day. Thanks.,account_access
CONV-03755,Please advise: I forgot my password. How can I reset it? I’m trying to sort this out before the end of the day. Thanks.,password_reset
CONV-03756,Just checking — Where is ORD-104840 right now? I placed the order earlier today. Thanks.,delivery_tracking
CONV-03757,Could you help me? I was sent the wrong model. I noticed this while reviewing my recent activity. Thanks.,wrong_item
CONV-03758,"Quick question: The box arrived, but notebook wasn't inside. I’m trying to sort this out before the end of the day. I'd appreciate your help.",missing_item
CONV-03759,My account suddenly won't let me log in. This is my first time dealing with this issue.,account_access
CONV-03760,Quick question: Do you have an update on ORD-100101? I want to know where it stands. I placed the order earlier today. I'd appreciate your help.,order_status
CONV-03761,"Hi, How do I change the address attached to my order? I placed the order earlier today. Any guidance would be helpful.",address_change
CONV-03762,Just checking — Why does the payment fail whenever I try to complete the order? I placed the order earlier today. Any guidance would be helpful.,payment_failure
CONV-03763,Quick question: Do you have an update on ORD-100171? I want to know where it stands. I noticed this while reviewing my recent activity. Any guidance would be helpful.,order_status
CONV-03764,"Hi, Can you see what stage ORD-100107 is at right now? I placed the order earlier today. Any guidance would be helpful.",order_status
CONV-03765,I need some help. Can you explain the latest recurring charge? Can you check?,subscription_billing
CONV-03766,"Hi, How do I change the address attached to my order? I’m trying to sort this out before the end of the day. Thanks.",address_change
CONV-03767,"Hello, Can you show me the latest tracking update for my shipment? Please let me know.",delivery_tracking
CONV-03768,"Hello, My discount code isn't working. I haven't changed anything on my account. Can you check?",promo_code
CONV-03769,Could you help me? My subscription payment was higher than I expected. I placed the order earlier today. Thanks.,subscription_billing
CONV-03770,I wanted to check whether Please stop my recurring membership.,subscription_cancel
CONV-03771,"Hello, I don't recognize the amount billed for my membership. I haven't changed anything on my account. Thank you.",subscription_billing
CONV-03772,Could you help me? Could you explain the available options for this product? I noticed this while reviewing my recent activity. Thanks.,product_information
CONV-03773,I’m checking on ORD-100060. Could you tell me its current status? Can you check?,order_status
CONV-03774,I need some help. Has the refund for ORD-101240 been issued yet? This is my first time dealing with this issue. Can you check?,refund_status
CONV-03775,Just checking — What exactly is included with this item? I placed the order earlier today. Thanks.,product_information
CONV-03776,I need some help. Has the refund for ORD-101040 been issued yet? Can you check?,refund_status
CONV-03777,Please advise: I don't recognize the amount billed for my membership. I noticed this while reviewing my recent activity. Any guidance would be helpful.,subscription_billing
CONV-03778,"Hi, I can't sign in to my account. I placed the order earlier today. Thanks.",account_access
CONV-03779,I wanted to check whether The item arrived damaged. What should I do? I haven't changed anything on my account.,damaged_item
CONV-03780,I wanted to check whether I think I was charged more than once for a single checkout. Thank you.,duplicate_charge
CONV-03781,Please advise: I entered the wrong delivery address. Can it be corrected? I’m trying to sort this out before the end of the day. Thanks.,address_change
CONV-03782,Just checking — I placed ORD-100153 recently. What is happening with it? I noticed this while reviewing my recent activity. I’d like to resolve this today.,order_status
CONV-03783,"Hello, The product has a crack that wasn't shown in the listing.",damaged_item
CONV-03784,I need some help. The delivery date for ORD-100481 has passed and I'm still waiting. This is my first time dealing with this issue. Please let me know.,delivery_delay
CONV-03785,Could you help me? My subscription payment was higher than I expected. I’m trying to sort this out before the end of the day. I’d like to resolve this today.,subscription_billing
CONV-03786,"Hello, My discount code isn't working. This is my first time dealing with this issue. Please let me know.",promo_code
CONV-03787,I wanted to check whether I need to redirect this package to another address. I haven't changed anything on my account.,address_change
CONV-03788,"Hi, Why was my subscription charged this month? I’m trying to sort this out before the end of the day. I'd appreciate your help.",subscription_billing
CONV-03789,Please update the destination before the order ships.,address_change
CONV-03790,I wanted to check whether I noticed a login I don't recognize. I haven't changed anything on my account. Can you check?,account_security
CONV-03791,Quick question: Please stop ORD-101762 before it is dispatched. I placed the order earlier today. I'd appreciate your help.,order_cancellation
CONV-03792,I wanted to check whether I need to redirect this package to another address.,address_change
CONV-03793,I wanted to check whether I want to track the package that was just dispatched. I haven't changed anything on my account. Thank you.,delivery_tracking
CONV-03794,Quick question: I want to return ORD-100750. How do I start? I noticed this while reviewing my recent activity. I'd appreciate your help.,return_request
CONV-03795,"Hi, How do I change the address attached to my order? I noticed this while reviewing my recent activity. I’d like to resolve this today.",address_change
CONV-03796,"Hello, Can you cancel ORD-101785 for me? I haven't changed anything on my account. Can you check?",order_cancellation
CONV-03797,Please advise: My discount code isn't working. I noticed this while reviewing my recent activity. Any guidance would be helpful.,promo_code
CONV-03798,"Hello, I received a security alert for an unfamiliar sign-in.",account_security
CONV-03799,"Hi, Where should I enter my promo code? I noticed this while reviewing my recent activity. I’d like to resolve this today.",promo_code
CONV-03800,"I’m contacting support because ORD-100405 was due on Saturday, but it still hasn't arrived. I haven't changed anything on my account. Thank you.",delivery_delay
CONV-03801,I need some help. I changed my mind and would like to send the item back. I haven't changed anything on my account. Can you check?,return_request
CONV-03802,"Quick question: The box arrived, but headphones wasn't inside. I noticed this while reviewing my recent activity. I’d like to resolve this today.",missing_item
CONV-03803,One product from my order is missing. I haven't changed anything on my account.,missing_item
CONV-03804,I need some help. I don't want the subscription to continue after this billing period. This is my first time dealing with this issue. Thank you.,subscription_cancel
CONV-03805,"Hi, Can you see what stage ORD-100097 is at right now? I’m trying to sort this out before the end of the day. I’d like to resolve this today.",order_status
CONV-03806,I need some help. Why does the payment fail whenever I try to complete the order? Please let me know.,payment_failure
CONV-03807,Why is the coupon being rejected at checkout? I haven't changed anything on my account.,promo_code
CONV-03808,I need some help. The login page won't let me access my account. Please let me know.,account_access
CONV-03809,Quick question: I keep getting rejected when I try to sign in. I noticed this while reviewing my recent activity. I'd appreciate your help.,account_access
CONV-03810,I wanted to check whether Do you have an update on ORD-100186? I want to know where it stands. Thank you.,order_status
CONV-03811,Could you help me? My subscription payment was higher than I expected. I placed the order earlier today. Any guidance would be helpful.,subscription_billing
CONV-03812,Just checking — Part of ORD-102723 was not included in the delivery. I noticed this while reviewing my recent activity. I'd appreciate your help.,missing_item
CONV-03813,Quick question: I need to redirect this package to another address. I noticed this while reviewing my recent activity. I'd appreciate your help.,address_change
CONV-03814,"Hello, The product has a crack that wasn't shown in the listing. This is my first time dealing with this issue. Thank you.",damaged_item
CONV-03815,"Hello, I can't finish the purchase because the payment isn't accepted. I haven't changed anything on my account.",duplicate_charge
CONV-03816,I need some help. I placed ORD-100148 recently. What is happening with it? I haven't changed anything on my account. Can you check?,order_status
CONV-03817,I need some help. I placed ORD-100028 recently. What is happening with it? I haven't changed anything on my account. Can you check?,order_status
CONV-03818,I’m contacting support because Why was my subscription charged this month? I haven't changed anything on my account. Can you check?,subscription_billing
CONV-03819,Quick question: I have a question about the charge on my recurring plan. I placed the order earlier today. I’d like to resolve this today.,subscription_billing
CONV-03820,"Hello, I received a security alert for an unfamiliar sign-in. I haven't changed anything on my account. Can you check?",account_security
CONV-03821,I wanted to check whether Can you give me an ETA for this shipment? I haven't changed anything on my account. Please let me know.,delivery_estimate
CONV-03822,Just checking — The login page won't let me access my account. I noticed this while reviewing my recent activity. I’d like to resolve this today.,password_reset
CONV-03823,Quick question: Please stop my recurring membership. I placed the order earlier today. Any guidance would be helpful.,subscription_cancel
CONV-03824,"Quick question: I have tried several times, but the transaction won't go through. I placed the order earlier today. Any guidance would be helpful.",payment_failure
CONV-03825,"Hello, Can you cancel ORD-101845 for me? I haven't changed anything on my account.",order_cancellation
CONV-03826,I wanted to check whether Can you tell me more about this product's features? This is my first time dealing with this issue. Can you check?,product_information
CONV-03827,Please advise: Would you mind checking the latest status of ORD-100129? I noticed this while reviewing my recent activity. I’d like to resolve this today.,order_status
CONV-03828,Quick question: I think I was charged more than once for a single checkout. I noticed this while reviewing my recent activity. I'd appreciate your help.,duplicate_charge
CONV-03829,"Hi, How do I change the address attached to my order? I’m trying to sort this out before the end of the day. Any guidance would be helpful.",address_change
CONV-03830,Please advise: Does this product come with the accessories shown? I noticed this while reviewing my recent activity. I’d like to resolve this today.,product_information
CONV-03831,Could you help me? What is the estimated delivery date for my package? I’m trying to sort this out before the end of the day. Thanks.,delivery_estimate
CONV-03832,"Hi, How can I prevent the plan from renewing? I’m trying to sort this out before the end of the day. I’d like to resolve this today.",subscription_cancel
CONV-03833,I’m contacting support because Where can I request a password reset? I haven't changed anything on my account.,password_reset
CONV-03834,I wanted to check whether I keep getting rejected when I try to sign in. I haven't changed anything on my account.,account_access
CONV-03835,Could you help me? Why is the coupon being rejected at checkout? I placed the order earlier today. I’d like to resolve this today.,promo_code
CONV-03836,The same purchase appears twice on my card statement. I haven't changed anything on my account. Thank you.,duplicate_charge
CONV-03837,My account suddenly won't let me log in.,account_access
CONV-03838,Quick question: The promised delivery window is over for ORD-100454. I placed the order earlier today. Any guidance would be helpful.,delivery_delay
CONV-03839,Could you help me? My account suddenly won't let me log in. I placed the order earlier today. Any guidance would be helpful.,account_access
CONV-03840,I wanted to check whether The item arrived damaged. What should I do? This is my first time dealing with this issue.,damaged_item
CONV-03841,Quick question: Please stop ORD-101772 before it is dispatched. I noticed this while reviewing my recent activity. Thanks.,order_cancellation
CONV-03842,I need some help. The item I received isn't the one I ordered. This is my first time dealing with this issue.,wrong_item
CONV-03843,Just checking — I’m planning around the delivery. When is it expected? I placed the order earlier today. Any guidance would be helpful.,delivery_estimate
CONV-03844,"Hi, Can you see what stage ORD-100167 is at right now? I placed the order earlier today. Thanks.",order_status
CONV-03845,"Hello, When should ORD-100730 arrive? Can you check?",delivery_estimate
CONV-03846,My subscription payment was higher than I expected. I haven't changed anything on my account.,subscription_billing
CONV-03847,Please advise: I received a security alert for an unfamiliar sign-in. I placed the order earlier today. Thanks.,account_security
CONV-03848,"My delivery arrived, but the item inside is damaged. Thank you.",damaged_item
CONV-03849,Quick question: I have a question about the charge on my recurring plan. I placed the order earlier today. Thanks.,subscription_billing
CONV-03850,I need some help. Can I change the shipping address for ORD-103700? Thank you.,address_change
CONV-03851,"Hello, Why are there duplicate transactions for one order? This is my first time dealing with this issue. Can you check?",duplicate_charge
CONV-03852,Quick question: Can you give me an ETA for this shipment? I’m trying to sort this out before the end of the day. I'd appreciate your help.,delivery_estimate
CONV-03853,"I wanted to check whether I have tried several times, but the transaction won't go through. This is my first time dealing with this issue. Thank you.",payment_failure
CONV-03854,Please advise: I forgot my password. How can I reset it? I noticed this while reviewing my recent activity. I’d like to resolve this today.,password_reset
CONV-03855,I need some help. I can't recall my password and need to change it. This is my first time dealing with this issue. Can you check?,password_reset
CONV-03856,I’m contacting support because I see two charges for the same purchase. This is my first time dealing with this issue. Thank you.,duplicate_charge
CONV-03857,I’m contacting support because Where can I request a password reset? I haven't changed anything on my account. Can you check?,password_reset
CONV-03858,Please advise: My discount code isn't working. I noticed this while reviewing my recent activity. Any guidance would be helpful.,promo_code
CONV-03859,I need some help. The login page won't let me access my account. I haven't changed anything on my account. Can you check?,account_access
CONV-03860,I’m checking on ORD-100040. Could you tell me its current status? I haven't changed anything on my account.,order_status
CONV-03861,"Hello, I can't finish the purchase because the payment isn't accepted. I haven't changed anything on my account. Can you check?",payment_failure
CONV-03862,"Could you help me? My delivery arrived, but the item inside is damaged. I noticed this while reviewing my recent activity. I’d like to resolve this today.",damaged_item
CONV-03863,Quick question: The item arrived damaged. What should I do? I placed the order earlier today. Thanks.,damaged_item
CONV-03864,Quick question: I need to create a new password because I can't remember mine. I’m trying to sort this out before the end of the day. I'd appreciate your help.,password_reset
CONV-03865,I’m contacting support because I can't sign in to my account. I haven't changed anything on my account. Can you check?,account_access
CONV-03866,"Hello, Would you mind checking the latest status of ORD-100074? This is my first time dealing with this issue. Thank you.",order_status
CONV-03867,"Hello, Could you help me end my recurring plan?",subscription_cancel
CONV-03868,"Hi, Could you tell me the current location or transit stage of my parcel? I noticed this while reviewing my recent activity. Any guidance would be helpful.",delivery_tracking
CONV-03869,"Hi, My multi-item order is incomplete. I noticed this while reviewing my recent activity. Any guidance would be helpful.",missing_item
CONV-03870,"Hello, I forgot my password. How can I reset it?",password_reset
CONV-03871,I’m contacting support because I opened the package and found the product broken. This is my first time dealing with this issue. Can you check?,damaged_item
CONV-03872,I need some help. The delivery date for ORD-100441 has passed and I'm still waiting. I haven't changed anything on my account. Please let me know.,delivery_delay
CONV-03873,Just checking — Can you explain the latest recurring charge? I placed the order earlier today. Any guidance would be helpful.,subscription_billing
CONV-03874,"Hi, I opened the package and found the product broken. I’m trying to sort this out before the end of the day. Any guidance would be helpful.",damaged_item
CONV-03875,"Quick question: The box arrived, but cable wasn't inside. I’m trying to sort this out before the end of the day. Thanks.",missing_item
CONV-03876,"Hi, I think someone may have accessed my account. I’m trying to sort this out before the end of the day. Any guidance would be helpful.",account_security
CONV-03877,"I wanted to check whether I have tried several times, but the transaction won't go through. I haven't changed anything on my account. Please let me know.",payment_failure
CONV-03878,I no longer want this order. Is cancellation still possible?,order_cancellation
CONV-03879,"Hi, Could you tell me the current location or transit stage of my parcel? I noticed this while reviewing my recent activity. I'd appreciate your help.",delivery_tracking
CONV-03880,Quick question: I noticed a login I don't recognize. I placed the order earlier today. Thanks.,account_security
CONV-03881,Please advise: I can't finish the purchase because the payment isn't accepted. I’m trying to sort this out before the end of the day. I’d like to resolve this today.,payment_failure
CONV-03882,I wanted to check whether Do you have an update on ORD-100236? I want to know where it stands. This is my first time dealing with this issue. Can you check?,order_status
CONV-03883,"Please advise: I received the package, but one of the products is absent. I placed the order earlier today. I’d like to resolve this today.",missing_item
CONV-03884,"Hello, When should ORD-100520 arrive? Thank you.",delivery_estimate
CONV-03885,Just checking — Part of ORD-102573 was not included in the delivery. I noticed this while reviewing my recent activity. Thanks.,missing_item
CONV-03886,Quick question: I noticed a login I don't recognize. I placed the order earlier today. I’d like to resolve this today.,account_security
CONV-03887,Can you send me through the password recovery process? Please let me know.,password_reset
CONV-03888,Could you help me? My account suddenly won't let me log in. I’m trying to sort this out before the end of the day. Thanks.,account_access
CONV-03889,Please advise: When should ORD-100735 arrive? I placed the order earlier today. I’d like to resolve this today.,delivery_estimate
CONV-03890,Please advise: Does this product come with the accessories shown? I placed the order earlier today. I’d like to resolve this today.,product_information
CONV-03891,I’m contacting support because Could you tell me the current location or transit stage of my parcel? I haven't changed anything on my account.,delivery_tracking
CONV-03892,I’m contacting support because I opened the package and found the product broken. This is my first time dealing with this issue. Thank you.,damaged_item
CONV-03893,"Please advise: I received the package, but one of the products is absent. I’m trying to sort this out before the end of the day. I’d like to resolve this today.",missing_item
CONV-03894,Just checking — I can't recall my password and need to change it. I’m trying to sort this out before the end of the day. I’d like to resolve this today.,password_reset
CONV-03895,I need some help. The login page won't let me access my account.,account_access
CONV-03896,I wanted to check whether Can you give me an ETA for this shipment? Thank you.,delivery_estimate
CONV-03897,I need some help. Why does the payment fail whenever I try to complete the order?,payment_failure
CONV-03898,I’m contacting support because Checkout keeps rejecting my payment. Can you check?,payment_failure
CONV-03899,Quick question: Can you tell me more about this product's features? I noticed this while reviewing my recent activity. I’d like to resolve this today.,product_information
CONV-03900,I’m contacting support because I need the specifications before I decide whether to buy it. This is my first time dealing with this issue.,product_information
CONV-03901,I’m contacting support because How can I prevent the plan from renewing? This is my first time dealing with this issue. Please let me know.,subscription_cancel
CONV-03902,Please advise: Can you cancel ORD-101890 for me? I’m trying to sort this out before the end of the day. I'd appreciate your help.,order_cancellation
CONV-03903,"Hello, I'm locked out of my account and need access. I haven't changed anything on my account. Thank you.",account_access
CONV-03904,"Hi, Could you tell me the current location or transit stage of my parcel? I placed the order earlier today. Any guidance would be helpful.",delivery_tracking
CONV-03905,I need some help. There are changes in my profile that I didn't make. I haven't changed anything on my account. Thank you.,account_security
CONV-03906,Could you help me? Please help me arrange a return. I’m trying to sort this out before the end of the day. Thanks.,return_request
CONV-03907,Could you help me? Could you explain the available options for this product? I’m trying to sort this out before the end of the day. Any guidance would be helpful.,product_information
CONV-03908,"Hello, I can't finish the purchase because the payment isn't accepted.",payment_failure
CONV-03909,"Hello, What steps do I need to follow to return this product? Can you check?",return_request
CONV-03910,I’m contacting support because Could you tell me the current location or transit stage of my parcel? I haven't changed anything on my account. Thank you.,delivery_tracking
CONV-03911,Quick question: The delivered item doesn't match my order. I’m trying to sort this out before the end of the day. I’d like to resolve this today.,wrong_item
CONV-03912,"Hi, I see two charges for the same purchase. I’m trying to sort this out before the end of the day. I’d like to resolve this today.",duplicate_charge
CONV-03913,Please advise: Does this product come with the accessories shown? I noticed this while reviewing my recent activity. Thanks.,product_information
CONV-03914,"Hello, I forgot my password. How can I reset it? I haven't changed anything on my account. Thank you.",password_reset
CONV-03915,Why is the coupon being rejected at checkout? Please let me know.,promo_code
CONV-03916,What is the estimated delivery date for my package? Can you check?,delivery_estimate
CONV-03917,I wanted to check whether Can you tell me more about this product's features? I haven't changed anything on my account. Can you check?,product_information
CONV-03918,"Hello, I forgot my password. How can I reset it? I haven't changed anything on my account. Thank you.",password_reset
CONV-03919,Please advise: When should ORD-100745 arrive? I noticed this while reviewing my recent activity. Any guidance would be helpful.,delivery_estimate
CONV-03920,I’m contacting support because How do I change the address attached to my order? This is my first time dealing with this issue.,address_change
CONV-03921,I need some help. Can you help me cancel my recent order? This is my first time dealing with this issue. Please let me know.,order_cancellation
CONV-03922,Please advise: My discount code isn't working. I’m trying to sort this out before the end of the day. I'd appreciate your help.,promo_code
CONV-03923,Please advise: I'm locked out of my account and need access. I placed the order earlier today. I'd appreciate your help.,account_access
CONV-03924,Quick question: Please stop my recurring membership. I noticed this while reviewing my recent activity. Thanks.,subscription_cancel
CONV-03925,"Hi, Roughly how long will delivery take? I placed the order earlier today. Any guidance would be helpful.",delivery_estimate
CONV-03926,Quick question: Do you have an update on ORD-100081? I want to know where it stands. I noticed this while reviewing my recent activity. I’d like to resolve this today.,order_status
CONV-03927,Please advise: Can you show me the latest tracking update for my shipment? I noticed this while reviewing my recent activity. Thanks.,delivery_tracking
CONV-03928,Just checking — Why does the payment fail whenever I try to complete the order? I placed the order earlier today. I'd appreciate your help.,payment_failure
CONV-03929,Could you explain the available options for this product?,product_information
CONV-03930,Could you help me? Please help me arrange a return. I placed the order earlier today. I’d like to resolve this today.,return_request
CONV-03931,Just checking — There are changes in my profile that I didn't make. I noticed this while reviewing my recent activity. I'd appreciate your help.,account_security
CONV-03932,Just checking — Can I change the shipping address for ORD-103695? I’m trying to sort this out before the end of the day. I'd appreciate your help.,address_change
CONV-03933,"Hi, Could you tell me the current location or transit stage of my parcel? I placed the order earlier today. Any guidance would be helpful.",delivery_tracking
CONV-03934,Can you send me through the password recovery process?,password_reset
CONV-03935,"Hello, The product has a crack that wasn't shown in the listing. I haven't changed anything on my account. Please let me know.",damaged_item
CONV-03936,"Hello, I don't recognize the amount billed for my membership.",subscription_billing
CONV-03937,Could you help me? Please help me arrange a return. I noticed this while reviewing my recent activity. I'd appreciate your help.,return_request
CONV-03938,I wanted to check whether The promised delivery window is over for ORD-100329. Please let me know.,delivery_delay
CONV-03939,"My delivery arrived, but the item inside is damaged. I haven't changed anything on my account. Please let me know.",damaged_item
CONV-03940,"Hi, I opened the package and found the product broken. I placed the order earlier today. I’d like to resolve this today.",damaged_item
CONV-03941,"Hello, What steps do I need to follow to return this product? I haven't changed anything on my account. Please let me know.",return_request
CONV-03942,Just checking — I changed my mind and would like to send the item back. I noticed this while reviewing my recent activity. I'd appreciate your help.,return_request
CONV-03943,Just checking — What exactly is included with this item? I noticed this while reviewing my recent activity. I’d like to resolve this today.,product_information
CONV-03944,Please help me arrange a return. Can you check?,return_request
CONV-03945,"I wanted to check whether The box arrived, but charger wasn't inside. Please let me know.",missing_item
CONV-03946,Quick question: Do you have an update on ORD-100181? I want to know where it stands. I’m trying to sort this out before the end of the day. I'd appreciate your help.,order_status
CONV-03947,"Hello, Would you mind checking the latest status of ORD-100164? This is my first time dealing with this issue. Can you check?",order_status
CONV-03948,Could you help me? The same purchase appears twice on my card statement. I placed the order earlier today. I’d like to resolve this today.,duplicate_charge
CONV-03949,I need some help. The delivery date for ORD-100451 has passed and I'm still waiting. This is my first time dealing with this issue.,delivery_delay
CONV-03950,I need some help. Part of ORD-102538 was not included in the delivery. I haven't changed anything on my account. Can you check?,missing_item
CONV-03951,Please advise: I don't recognize the amount billed for my membership. I’m trying to sort this out before the end of the day. I’d like to resolve this today.,subscription_billing
CONV-03952,I need some help. Where is ORD-104775 right now? Please let me know.,delivery_tracking
CONV-03953,"I wanted to check whether I have tried several times, but the transaction won't go through. This is my first time dealing with this issue.",payment_failure
CONV-03954,Just checking — I can't recall my password and need to change it. I placed the order earlier today. I’d like to resolve this today.,password_reset
CONV-03955,Please advise: I'm still waiting for the money from my return. Can you check? I placed the order earlier today. Any guidance would be helpful.,refund_status
CONV-03956,Just checking — What exactly is included with this item? I placed the order earlier today. I'd appreciate your help.,product_information
CONV-03957,"Hi, Why was my subscription charged this month? I noticed this while reviewing my recent activity. I'd appreciate your help.",subscription_billing
CONV-03958,Something about my account activity looks suspicious. I haven't changed anything on my account. Thank you.,account_security
CONV-03959,I’m contacting support because Checkout keeps rejecting my payment. This is my first time dealing with this issue.,payment_failure
CONV-03960,Please advise: I don't recognize the amount billed for my membership. I placed the order earlier today. I’d like to resolve this today.,subscription_billing
CONV-03961,Quick question: Can you tell me more about this product's features? I’m trying to sort this out before the end of the day. Thanks.,product_information
CONV-03962,I need some help. Can I change the shipping address for ORD-103680? I haven't changed anything on my account. Please let me know.,address_change
CONV-03963,"Hi, I need the specifications before I decide whether to buy it. I placed the order earlier today. I’d like to resolve this today.",product_information
CONV-03964,My subscription payment was higher than I expected. This is my first time dealing with this issue.,subscription_billing
CONV-03965,Quick question: I noticed a login I don't recognize. I’m trying to sort this out before the end of the day. I'd appreciate your help.,account_security
CONV-03966,Quick question: I noticed a login I don't recognize. I placed the order earlier today. Thanks.,account_security
CONV-03967,I’m contacting support because I need the specifications before I decide whether to buy it. This is my first time dealing with this issue. Please let me know.,product_information
CONV-03968,Please advise: I forgot my password. How can I reset it? I placed the order earlier today. I’d like to resolve this today.,password_reset
CONV-03969,"Hello, My parcel is 6 days late. Can you investigate? I haven't changed anything on my account. Can you check?",delivery_delay
CONV-03970,Please advise: Can you cancel ORD-101790 for me? I noticed this while reviewing my recent activity. I’d like to resolve this today.,order_cancellation
CONV-03971,Just checking — The item I received isn't the one I ordered. I noticed this while reviewing my recent activity. Thanks.,wrong_item
CONV-03972,I’m contacting support because I opened the package and found the product broken. I haven't changed anything on my account. Please let me know.,damaged_item
CONV-03973,Just checking — There is visible damage on the item I received. I placed the order earlier today. Thanks.,damaged_item
CONV-03974,"Hi, I'd like to withdraw this purchase if it hasn't shipped. I placed the order earlier today. I'd appreciate your help.",order_cancellation
CONV-03975,Quick question: Can you tell me more about this product's features? I placed the order earlier today. Thanks.,product_information
CONV-03976,Please advise: My parcel is 3 days late. Can you investigate? I’m trying to sort this out before the end of the day. I'd appreciate your help.,delivery_delay
CONV-03977,Just checking — I changed my mind and would like to send the item back. I’m trying to sort this out before the end of the day. Thanks.,return_request
CONV-03978,Just checking — I can't recall my password and need to change it. I’m trying to sort this out before the end of the day. Any guidance would be helpful.,password_reset
CONV-03979,Just checking — What exactly is included with this item? I’m trying to sort this out before the end of the day. Thanks.,product_information
CONV-03980,Just checking — There are changes in my profile that I didn't make. I’m trying to sort this out before the end of the day. Thanks.,account_security
CONV-03981,Please advise: I'm still waiting for the money from my return. Can you check? I placed the order earlier today. I'd appreciate your help.,refund_status
CONV-03982,Why is the coupon being rejected at checkout? I haven't changed anything on my account. Can you check?,promo_code
CONV-03983,Could you help me? Please update the destination before the order ships. I noticed this while reviewing my recent activity. I’d like to resolve this today.,address_change
CONV-03984,Could you help me? Has the courier scanned ORD-104922 yet? I noticed this while reviewing my recent activity. I’d like to resolve this today.,delivery_tracking
CONV-03985,"My delivery arrived, but the item inside is damaged. Please let me know.",damaged_item
CONV-03986,I’m contacting support because I think someone may have accessed my account. This is my first time dealing with this issue. Can you check?,account_security
CONV-03987,"Could you help me? My delivery arrived, but the item inside is damaged. I noticed this while reviewing my recent activity. I’d like to resolve this today.",damaged_item
CONV-03988,I no longer want this order. Is cancellation still possible?,order_cancellation
CONV-03989,"I wanted to check whether I have tried several times, but the transaction won't go through. I haven't changed anything on my account. Thank you.",payment_failure
CONV-03990,I need some help. I changed my mind and would like to send the item back.,return_request
CONV-03991,Please help me arrange a return. I haven't changed anything on my account. Please let me know.,return_request
CONV-03992,I’m contacting support because How do I change the address attached to my order? This is my first time dealing with this issue.,address_change
CONV-03993,"Hi, How can I prevent the plan from renewing? I noticed this while reviewing my recent activity. I’d like to resolve this today.",subscription_cancel
CONV-03994,"Hello, Would you mind checking the latest status of ORD-100054? Please let me know.",order_status
CONV-03995,Please advise: I'm locked out of my account and need access. I’m trying to sort this out before the end of the day. Any guidance would be helpful.,account_access
CONV-03996,I wanted to check whether I noticed a login I don't recognize.,account_security
CONV-03997,Please advise: Can you cancel ORD-101920 for me? I’m trying to sort this out before the end of the day. Any guidance would be helpful.,order_cancellation
CONV-03998,Just checking — Can I change the shipping address for ORD-103715? I noticed this while reviewing my recent activity. I’d like to resolve this today.,address_change
CONV-03999,I’m contacting support because I need the specifications before I decide whether to buy it. This is my first time dealing with this issue.,product_information
CONV-04000,"Hi, Could you explain the return process for this purchase? I’m trying to sort this out before the end of the day. I’d like to resolve this today.",return_request
CONV-04001,Just checking — It looks like I was billed twice for ORD-101701. I noticed this while reviewing my recent activity. Any guidance would be helpful.,duplicate_charge
CONV-04002,"Hello, I received a security alert for an unfamiliar sign-in. Please let me know.",account_security
CONV-04003,"Hi, I opened the package and found the product broken. I noticed this while reviewing my recent activity. I’d like to resolve this today.",damaged_item
CONV-04004,"Hello, I'm still waiting for the money from my return. Can you check? Can you check?",refund_status
CONV-04005,I need some help. I changed my mind and would like to send the item back. Thank you.,return_request
CONV-04006,"Please advise: I received the package, but one of the products is absent. I noticed this while reviewing my recent activity. Thanks.",missing_item
CONV-04007,Just checking — I placed ORD-100193 recently. What is happening with it? I’m trying to sort this out before the end of the day. I’d like to resolve this today.,order_status
CONV-04008,Quick question: I need to create a new password because I can't remember mine. I noticed this while reviewing my recent activity. I'd appreciate your help.,password_reset
CONV-04009,Can you send me through the password recovery process? Thank you.,password_reset
CONV-04010,Please advise: I can't finish the purchase because the payment isn't accepted. I’m trying to sort this out before the end of the day. Any guidance would be helpful.,payment_failure
CONV-04011,"Hi, My multi-item order is incomplete. I’m trying to sort this out before the end of the day. Thanks.",missing_item
CONV-04012,Please advise: What steps do I need to follow to return this product? I noticed this while reviewing my recent activity. Thanks.,return_request
CONV-04013,I need some help. What exactly is included with this item? I haven't changed anything on my account.,product_information
CONV-04014,"Hello, I forgot my password. How can I reset it? Please let me know.",password_reset
CONV-04015,I wanted to check whether I noticed a login I don't recognize. I haven't changed anything on my account.,account_security
CONV-04016,Please advise: I forgot my password. How can I reset it? I placed the order earlier today. Any guidance would be helpful.,password_reset
CONV-04017,"I’m contacting support because ORD-100285 was due on Saturday, but it still hasn't arrived. I haven't changed anything on my account. Thank you.",delivery_delay
CONV-04018,Quick question: I want to track the package that was just dispatched. I’m trying to sort this out before the end of the day. I’d like to resolve this today.,delivery_tracking
CONV-04019,"Could you help me? I expected this shipment already, but it hasn't turned up. I noticed this while reviewing my recent activity. I’d like to resolve this today.",delivery_delay
CONV-04020,"Hi, Where should I enter my promo code? I’m trying to sort this out before the end of the day. I'd appreciate your help.",promo_code
CONV-04021,Could you help me? I was sent the wrong model. I’m trying to sort this out before the end of the day. I’d like to resolve this today.,wrong_item
CONV-04022,"Hi, My multi-item order is incomplete. I noticed this while reviewing my recent activity. Thanks.",missing_item
CONV-04023,"Could you help me? My delivery arrived, but the item inside is damaged. I placed the order earlier today. Thanks.",damaged_item
CONV-04024,Something about my account activity looks suspicious. Please let me know.,account_security
CONV-04025,I wanted to check whether Can you give me an ETA for this shipment? I haven't changed anything on my account. Can you check?,delivery_estimate
CONV-04026,I’m contacting support because Could you explain the return process for this purchase? Please let me know.,return_request
CONV-04027,I’m contacting support because Where should I enter my promo code? This is my first time dealing with this issue. Can you check?,promo_code
CONV-04028,Could you help me? Why is the coupon being rejected at checkout? I noticed this while reviewing my recent activity. Any guidance would be helpful.,promo_code
CONV-04029,Could you help me? I was sent the wrong model. I noticed this while reviewing my recent activity. Any guidance would be helpful.,wrong_item
CONV-04030,Please help me arrange a return. This is my first time dealing with this issue. Can you check?,return_request
CONV-04031,I wanted to check whether I need to create a new password because I can't remember mine. This is my first time dealing with this issue.,password_reset
CONV-04032,I need some help. Can you help me cancel my recent order? This is my first time dealing with this issue. Thank you.,order_cancellation
CONV-04033,Could you help me? Could you explain the available options for this product? I’m trying to sort this out before the end of the day. I'd appreciate your help.,product_information
CONV-04034,Just checking — The delivery date for ORD-100326 has passed and I'm still waiting. I noticed this while reviewing my recent activity. Any guidance would be helpful.,delivery_delay
CONV-04035,I need some help. Part of ORD-102608 was not included in the delivery. This is my first time dealing with this issue. Thank you.,missing_item
CONV-04036,I need some help. Why does the payment fail whenever I try to complete the order? This is my first time dealing with this issue.,payment_failure
CONV-04037,I wanted to check whether I think I was charged more than once for a single checkout. This is my first time dealing with this issue. Thank you.,duplicate_charge
CONV-04038,"Hello, I'm still waiting for the money from my return. Can you check? I haven't changed anything on my account. Thank you.",refund_status
CONV-04039,Just checking — Part of ORD-102523 was not included in the delivery. I’m trying to sort this out before the end of the day. I'd appreciate your help.,missing_item
CONV-04040,I need some help. The delivery date for ORD-100341 has passed and I'm still waiting. Thank you.,delivery_delay
CONV-04041,Please advise: I entered the wrong delivery address. Can it be corrected? I’m trying to sort this out before the end of the day. Any guidance would be helpful.,address_change
CONV-04042,"Hi, Can you see what stage ORD-100147 is at right now? I noticed this while reviewing my recent activity. Any guidance would be helpful.",order_status
CONV-04043,I’m contacting support because Roughly how long will delivery take? Thank you.,delivery_estimate
CONV-04044,Just checking — There are changes in my profile that I didn't make. I’m trying to sort this out before the end of the day. I’d like to resolve this today.,account_security
CONV-04045,Could you help me? Could you tell me the current status of my refund? I’m trying to sort this out before the end of the day. Thanks.,refund_status
CONV-04046,Please advise: What steps do I need to follow to return this product? I placed the order earlier today. Thanks.,return_request
CONV-04047,"Hi, Could you explain the return process for this purchase? I noticed this while reviewing my recent activity. I'd appreciate your help.",return_request
CONV-04048,Just checking — What exactly is included with this item? I placed the order earlier today. I’d like to resolve this today.,product_information
CONV-04049,"Hi, Checkout keeps rejecting my payment. I noticed this while reviewing my recent activity. I'd appreciate your help.",payment_failure
CONV-04050,I need some help. I don't want the subscription to continue after this billing period. This is my first time dealing with this issue. Can you check?,subscription_cancel
CONV-04051,Please advise: The product has a crack that wasn't shown in the listing. I noticed this while reviewing my recent activity. Any guidance would be helpful.,damaged_item
CONV-04052,Just checking — Part of ORD-102713 was not included in the delivery. I placed the order earlier today. Any guidance would be helpful.,missing_item
CONV-04053,Could you help me? What is the estimated delivery date for my package? I noticed this while reviewing my recent activity. Thanks.,delivery_estimate
CONV-04054,Could you tell me the current status of my refund? I haven't changed anything on my account. Please let me know.,refund_status
CONV-04055,I’m contacting support because Can you see what stage ORD-100062 is at right now? This is my first time dealing with this issue. Please let me know.,order_status
CONV-04056,Quick question: The promised delivery window is over for ORD-100284. I noticed this while reviewing my recent activity. I’d like to resolve this today.,delivery_delay
CONV-04057,"My delivery arrived, but the item inside is damaged.",damaged_item
CONV-04058,I’m contacting support because I need the specifications before I decide whether to buy it. This is my first time dealing with this issue. Can you check?,product_information
CONV-04059,I need some help. Can you help me cancel my recent order? This is my first time dealing with this issue. Thank you.,order_cancellation
CONV-04060,Please update the destination before the order ships. I haven't changed anything on my account. Thank you.,address_change
CONV-04061,Has the courier scanned ORD-104857 yet? I haven't changed anything on my account.,delivery_tracking
CONV-04062,"Quick question: The item was returned, but I haven't received the refund. I’m trying to sort this out before the end of the day. Thanks.",refund_status
CONV-04063,Please advise: Can you cancel ORD-101990 for me? I placed the order earlier today. I’d like to resolve this today.,order_cancellation
CONV-04064,"Hello, Would you mind checking the latest status of ORD-100024?",order_status
CONV-04065,Could you help me? Has the courier scanned ORD-104852 yet? I placed the order earlier today. Any guidance would be helpful.,delivery_tracking
CONV-04066,"Hello, I don't recognize the amount billed for my membership. This is my first time dealing with this issue. Please let me know.",subscription_billing
CONV-04067,Please advise: I don't recognize the amount billed for my membership. I’m trying to sort this out before the end of the day. Thanks.,subscription_billing
CONV-04068,Just checking — I changed my mind and would like to send the item back. I noticed this while reviewing my recent activity. I’d like to resolve this today.,return_request
CONV-04069,I wanted to check whether I want to return ORD-100875. How do I start? This is my first time dealing with this issue. Thank you.,return_request
CONV-04070,I need some help. What exactly is included with this item? This is my first time dealing with this issue.,product_information
CONV-04071,Please advise: What steps do I need to follow to return this product? I placed the order earlier today. I’d like to resolve this today.,return_request
CONV-04072,"Hi, My multi-item order is incomplete. I noticed this while reviewing my recent activity. I’d like to resolve this today.",missing_item
CONV-04073,I need some help. Can I change the shipping address for ORD-103600? This is my first time dealing with this issue. Please let me know.,address_change
CONV-04074,"Hi, Something different was packed instead of what I purchased. I noticed this while reviewing my recent activity. Thanks.",wrong_item
CONV-04075,Just checking — What exactly is included with this item? I’m trying to sort this out before the end of the day. I’d like to resolve this today.,product_information
CONV-04076,Just checking — Where is ORD-104980 right now? I’m trying to sort this out before the end of the day. Any guidance would be helpful.,delivery_tracking
CONV-04077,I wanted to check whether I have a question about the charge on my recurring plan. Can you check?,subscription_billing
CONV-04078,Could you explain the available options for this product? I haven't changed anything on my account. Please let me know.,product_information
CONV-04079,"I’m contacting support because ORD-100385 was due on Thursday, but it still hasn't arrived. This is my first time dealing with this issue. Please let me know.",delivery_delay
CONV-04080,I’m contacting support because How can I prevent the plan from renewing? I haven't changed anything on my account.,subscription_cancel
CONV-04081,Please advise: My discount code isn't working. I’m trying to sort this out before the end of the day. Thanks.,promo_code
CONV-04082,Could you help me? Could you explain the available options for this product? I noticed this while reviewing my recent activity. Any guidance would be helpful.,product_information
CONV-04083,What is the estimated delivery date for my package? I haven't changed anything on my account. Thank you.,delivery_estimate
CONV-04084,"Hello, My package contains a different product. This is my first time dealing with this issue.",wrong_item
CONV-04085,Quick question: Can you tell me more about this product's features? I noticed this while reviewing my recent activity. Any guidance would be helpful.,product_information
CONV-04086,Please advise: Could you help me end my recurring plan? I’m trying to sort this out before the end of the day. I'd appreciate your help.,subscription_cancel
CONV-04087,"Hi, Could you explain the return process for this purchase? I noticed this while reviewing my recent activity. Thanks.",return_request
CONV-04088,Could you help me? Please update the destination before the order ships. I’m trying to sort this out before the end of the day. Thanks.,address_change
CONV-04089,"Hello, Does this product come with the accessories shown? Thank you.",product_information
CONV-04090,Just checking — The item I received isn't the one I ordered. I placed the order earlier today. I'd appreciate your help.,wrong_item
CONV-04091,Could you help me? Please update the destination before the order ships. I placed the order earlier today. I’d like to resolve this today.,address_change
CONV-04092,Quick question: Do you have an update on ORD-100201? I want to know where it stands. I noticed this while reviewing my recent activity. I’d like to resolve this today.,order_status
CONV-04093,I’m contacting support because Where can I request a password reset? I haven't changed anything on my account. Can you check?,password_reset
CONV-04094,"Hi, Checkout keeps rejecting my payment. I placed the order earlier today. I'd appreciate your help.",payment_failure
CONV-04095,Can you send me through the password recovery process? I haven't changed anything on my account. Can you check?,password_reset
CONV-04096,Please update the destination before the order ships. Can you check?,address_change
CONV-04097,I need some help. Part of ORD-102708 was not included in the delivery. Please let me know.,missing_item
CONV-04098,Just checking — Can you explain the latest recurring charge? I placed the order earlier today. I'd appreciate your help.,subscription_billing
CONV-04099,Just checking — Can you help me cancel my recent order? I’m trying to sort this out before the end of the day. I’d like to resolve this today.,order_cancellation
CONV-04100,I need some help. The discount isn't being applied even though I entered the code. I haven't changed anything on my account. Thank you.,promo_code
CONV-04101,Please advise: I'm locked out of my account and need access. I noticed this while reviewing my recent activity. Thanks.,account_access
CONV-04102,"Hello, I forgot my password. How can I reset it? Thank you.",password_reset
CONV-04103,Just checking — Has the refund for ORD-101205 been issued yet? I noticed this while reviewing my recent activity. I’d like to resolve this today.,refund_status
CONV-04104,"Hi, I see two charges for the same purchase. I’m trying to sort this out before the end of the day. Any guidance would be helpful.",duplicate_charge
CONV-04105,I need some help. There are changes in my profile that I didn't make. I haven't changed anything on my account. Thank you.,account_security
CONV-04106,"Hi, I think someone may have accessed my account. I noticed this while reviewing my recent activity. I'd appreciate your help.",account_security
CONV-04107,I need some help. The login page won't let me access my account. I haven't changed anything on my account. Can you check?,account_access
CONV-04108,Quick question: Please stop ORD-101792 before it is dispatched. I placed the order earlier today. Any guidance would be helpful.,order_cancellation
CONV-04109,I’m contacting support because How can I prevent the plan from renewing? This is my first time dealing with this issue.,subscription_cancel
CONV-04110,Please advise: I received a security alert for an unfamiliar sign-in. I noticed this while reviewing my recent activity. I’d like to resolve this today.,account_security
CONV-04111,I need some help. There are changes in my profile that I didn't make. This is my first time dealing with this issue.,account_security
CONV-04112,Quick question: I need to redirect this package to another address. I’m trying to sort this out before the end of the day. Any guidance would be helpful.,address_change
CONV-04113,Something about my account activity looks suspicious. Thank you.,account_security
CONV-04114,"Hi, Roughly how long will delivery take? I placed the order earlier today. I'd appreciate your help.",delivery_estimate
CONV-04115,Can you send me through the password recovery process? This is my first time dealing with this issue. Can you check?,password_reset
CONV-04116,"Hi, I need the specifications before I decide whether to buy it. I’m trying to sort this out before the end of the day. I'd appreciate your help.",product_information
CONV-04117,I wanted to check whether Do you have an update on ORD-100126? I want to know where it stands. Please let me know.,order_status
CONV-04118,Quick question: Please stop my recurring membership. I noticed this while reviewing my recent activity. Thanks.,subscription_cancel
CONV-04119,I’m contacting support because I can't sign in to my account. Please let me know.,account_access
CONV-04120,Please advise: I entered the wrong delivery address. Can it be corrected? I placed the order earlier today. I’d like to resolve this today.,address_change
CONV-04121,One product from my order is missing. I haven't changed anything on my account. Can you check?,missing_item
CONV-04122,I need some help. I changed my mind and would like to send the item back. This is my first time dealing with this issue. Thank you.,return_request
CONV-04123,Quick question: I think I was charged more than once for a single checkout. I’m trying to sort this out before the end of the day. I'd appreciate your help.,duplicate_charge
CONV-04124,Could you help me? Please help me arrange a return. I noticed this while reviewing my recent activity. Thanks.,return_request
CONV-04125,I’m contacting support because I think someone may have accessed my account. Thank you.,account_security
CONV-04126,"Hello, Can you show me the latest tracking update for my shipment? I haven't changed anything on my account. Thank you.",delivery_tracking
CONV-04127,"Hello, The product has a crack that wasn't shown in the listing. Can you check?",damaged_item
CONV-04128,I need some help. What exactly is included with this item? I haven't changed anything on my account. Please let me know.,product_information
CONV-04129,I wanted to check whether The delivered item doesn't match my order. I haven't changed anything on my account.,wrong_item
CONV-04130,Please advise: My parcel is 5 days late. Can you investigate? I noticed this while reviewing my recent activity. Thanks.,delivery_delay
CONV-04131,I’m contacting support because Something different was packed instead of what I purchased. Thank you.,wrong_item
CONV-04132,"I’m contacting support because ORD-100345 was due on Saturday, but it still hasn't arrived. I haven't changed anything on my account. Please let me know.",delivery_delay
CONV-04133,Could you help me? Please help me arrange a return. I’m trying to sort this out before the end of the day. I'd appreciate your help.,return_request
CONV-04134,Please advise: I forgot my password. How can I reset it? I’m trying to sort this out before the end of the day. I’d like to resolve this today.,password_reset
CONV-04135,I’m contacting support because Why was my subscription charged this month?,subscription_billing
CONV-04136,I need some help. Where is ORD-104795 right now? This is my first time dealing with this issue. Thank you.,delivery_tracking
CONV-04137,I wanted to check whether I noticed a login I don't recognize. This is my first time dealing with this issue. Please let me know.,account_security
CONV-04138,I need some help. Can you explain the latest recurring charge? Thank you.,subscription_billing
CONV-04139,I’m contacting support because I opened the package and found the product broken. Can you check?,damaged_item
CONV-04140,Just checking — Can you help me cancel my recent order? I placed the order earlier today. I'd appreciate your help.,order_cancellation
CONV-04141,"Hello, What steps do I need to follow to return this product? I haven't changed anything on my account.",return_request
CONV-04142,Please advise: Can you show me the latest tracking update for my shipment? I noticed this while reviewing my recent activity. I’d like to resolve this today.,delivery_tracking
CONV-04143,"Hello, I received the package, but one of the products is absent. This is my first time dealing with this issue. Can you check?",missing_item
CONV-04144,"Hello, Would you mind checking the latest status of ORD-100094? I haven't changed anything on my account. Please let me know.",order_status
CONV-04145,Quick question: Please stop my recurring membership. I noticed this while reviewing my recent activity. Thanks.,subscription_cancel
CONV-04146,I need some help. The login page won't let me access my account. I haven't changed anything on my account. Thank you.,account_access
CONV-04147,"Hello, My package contains a different product. I haven't changed anything on my account.",wrong_item
CONV-04148,Quick question: I have a question about the charge on my recurring plan. I’m trying to sort this out before the end of the day. I'd appreciate your help.,subscription_billing
CONV-04149,Quick question: The promotional code says it is invalid. I noticed this while reviewing my recent activity. I'd appreciate your help.,promo_code
CONV-04150,I’m contacting support because Where can I request a password reset?,password_reset
CONV-04151,My account suddenly won't let me log in. This is my first time dealing with this issue. Can you check?,account_access
CONV-04152,Please advise: I'm locked out of my account and need access. I’m trying to sort this out before the end of the day. Thanks.,account_security
CONV-04153,"Hello, Can you cancel ORD-101865 for me? Can you check?",order_cancellation
CONV-04154,I wanted to check whether Please stop ORD-101857 before it is dispatched. I haven't changed anything on my account. Can you check?,order_cancellation
CONV-04155,Could you help me? One product from my order is missing. I noticed this while reviewing my recent activity. Thanks.,missing_item
CONV-04156,Please advise: The product has a crack that wasn't shown in the listing. I’m trying to sort this out before the end of the day. Any guidance would be helpful.,damaged_item
CONV-04157,Please advise: My package contains a different product. I placed the order earlier today. I'd appreciate your help.,wrong_item
CONV-04158,Quick question: I want to return ORD-100950. How do I start? I placed the order earlier today. I'd appreciate your help.,return_request
CONV-04159,I’m contacting support because Where can I request a password reset? This is my first time dealing with this issue.,password_reset
CONV-04160,I need some help. Has the refund for ORD-101120 been issued yet? This is my first time dealing with this issue. Can you check?,refund_status
CONV-04161,"Hi, My multi-item order is incomplete. I noticed this while reviewing my recent activity. Thanks.",missing_item
CONV-04162,"My delivery arrived, but the item inside is damaged. I haven't changed anything on my account. Can you check?",damaged_item
CONV-04163,I wanted to check whether The promised delivery window is over for ORD-100419.,delivery_delay
CONV-04164,Just checking — I changed my mind and would like to send the item back. I’m trying to sort this out before the end of the day. I’d like to resolve this today.,return_request
CONV-04165,Please advise: I can't finish the purchase because the payment isn't accepted. I placed the order earlier today. Thanks.,payment_failure
CONV-04166,"Hello, My parcel is 6 days late. Can you investigate? I haven't changed anything on my account. Thank you.",delivery_delay
CONV-04167,Quick question: The item arrived damaged. What should I do? I noticed this while reviewing my recent activity. Any guidance would be helpful.,damaged_item
CONV-04168,Could you tell me the current status of my refund? Please let me know.,refund_status
CONV-04169,"I wanted to check whether The box arrived, but shirt wasn't inside. This is my first time dealing with this issue. Can you check?",missing_item
CONV-04170,Quick question: I want to track the package that was just dispatched. I’m trying to sort this out before the end of the day. I’d like to resolve this today.,delivery_tracking
CONV-04171,Please advise: Can you cancel ORD-101970 for me? I noticed this while reviewing my recent activity. I'd appreciate your help.,order_cancellation
CONV-04172,"Hello, I forgot my password. How can I reset it? This is my first time dealing with this issue. Thank you.",password_reset
CONV-04173,My subscription payment was higher than I expected. This is my first time dealing with this issue. Thank you.,subscription_billing
CONV-04174,"Hi, I opened the package and found the product broken. I placed the order earlier today. Thanks.",damaged_item
CONV-04175,Could you help me? Please update the destination before the order ships. I placed the order earlier today. I'd appreciate your help.,address_change
CONV-04176,I wanted to check whether Please stop ORD-101997 before it is dispatched.,order_cancellation
CONV-04177,Could you help me? My subscription payment was higher than I expected. I placed the order earlier today. I’d like to resolve this today.,subscription_billing
CONV-04178,I need some help. I can't recall my password and need to change it. Thank you.,password_reset
CONV-04179,"I wanted to check whether The item was returned, but I haven't received the refund. I haven't changed anything on my account. Can you check?",refund_status
CONV-04180,I need some help. There is visible damage on the item I received. I haven't changed anything on my account.,damaged_item
CONV-04181,I’m contacting support because My multi-item order is incomplete. I haven't changed anything on my account. Thank you.,missing_item
CONV-04182,Just checking — I changed my mind and would like to send the item back. I placed the order earlier today. Thanks.,return_request
CONV-04183,I wanted to check whether The item arrived damaged. What should I do? This is my first time dealing with this issue. Please let me know.,damaged_item
CONV-04184,"Hi, How can I prevent the plan from renewing? I noticed this while reviewing my recent activity. I'd appreciate your help.",subscription_cancel
CONV-04185,Could you help me? Please update the destination before the order ships. I placed the order earlier today. Any guidance would be helpful.,address_change
CONV-04186,Just checking — Why does the payment fail whenever I try to complete the order? I noticed this while reviewing my recent activity. Thanks.,payment_failure
CONV-04187,I’m contacting support because I'd like to withdraw this purchase if it hasn't shipped. I haven't changed anything on my account. Thank you.,order_cancellation
CONV-04188,I wanted to check whether The delivered item doesn't match my order. Can you check?,wrong_item
CONV-04189,I’m contacting support because Something different was packed instead of what I purchased. I haven't changed anything on my account. Please let me know.,wrong_item
CONV-04190,I’m contacting support because I opened the package and found the product broken. This is my first time dealing with this issue.,damaged_item
CONV-04191,Just checking — Has the refund for ORD-101065 been issued yet? I’m trying to sort this out before the end of the day. I'd appreciate your help.,refund_status
CONV-04192,Just checking — Where is ORD-104960 right now? I placed the order earlier today. Thanks.,delivery_tracking
CONV-04193,"Quick question: The box arrived, but cable wasn't inside. I noticed this while reviewing my recent activity. Thanks.",missing_item
CONV-04194,"Hi, Can you see what stage ORD-100077 is at right now? I placed the order earlier today. I'd appreciate your help.",order_status
CONV-04195,Could you help me? My account suddenly won't let me log in. I placed the order earlier today. I’d like to resolve this today.,account_access
CONV-04196,Please advise: I can't finish the purchase because the payment isn't accepted. I placed the order earlier today. Any guidance would be helpful.,payment_failure
CONV-04197,Quick question: The promotional code says it is invalid. I noticed this while reviewing my recent activity. I’d like to resolve this today.,promo_code
CONV-04198,Just checking — I changed my mind and would like to send the item back. I placed the order earlier today. Thanks.,return_request
CONV-04199,Could you help me? I want to cancel my subscription. I’m trying to sort this out before the end of the day. I'd appreciate your help.,subscription_cancel
CONV-04200,Has the courier scanned ORD-104787 yet? Thank you.,delivery_tracking
CONV-04201,I’m contacting support because I can't sign in to my account. Can you check?,account_access
CONV-04202,I’m contacting support because I think someone may have accessed my account. This is my first time dealing with this issue.,account_access
CONV-04203,One product from my order is missing. This is my first time dealing with this issue. Thank you.,missing_item
CONV-04204,Please advise: Can you show me the latest tracking update for my shipment? I’m trying to sort this out before the end of the day. Thanks.,delivery_tracking
CONV-04205,Could you help me? One product from my order is missing. I placed the order earlier today. I'd appreciate your help.,missing_item
CONV-04206,I need some help. Can I change the shipping address for ORD-103530? I haven't changed anything on my account.,address_change
CONV-04207,"I’m contacting support because ORD-100375 was due on Saturday, but it still hasn't arrived. I haven't changed anything on my account. Can you check?",delivery_delay
CONV-04208,"Hi, I'd like to withdraw this purchase if it hasn't shipped. I’m trying to sort this out before the end of the day. Thanks.",order_cancellation
CONV-04209,Quick question: The promotional code says it is invalid. I placed the order earlier today. I’d like to resolve this today.,promo_code
CONV-04210,I need some help. The discount isn't being applied even though I entered the code. I haven't changed anything on my account.,promo_code
CONV-04211,Please advise: I don't recognize the amount billed for my membership. I placed the order earlier today. Any guidance would be helpful.,subscription_billing
CONV-04212,I wanted to check whether I think I was charged more than once for a single checkout. This is my first time dealing with this issue. Thank you.,duplicate_charge
CONV-04213,"I wanted to check whether The item was returned, but I haven't received the refund. Thank you.",refund_status
CONV-04214,Could you help me? Please update the destination before the order ships. I’m trying to sort this out before the end of the day. Any guidance would be helpful.,address_change
CONV-04215,Quick question: I noticed a login I don't recognize. I placed the order earlier today. Any guidance would be helpful.,account_security
CONV-04216,"Hi, Could you tell me the current location or transit stage of my parcel? I placed the order earlier today. Thanks.",delivery_delay
CONV-04217,Could you help me? My account suddenly won't let me log in. I placed the order earlier today. I'd appreciate your help.,account_access
CONV-04218,Just checking — Can you help me cancel my recent order? I noticed this while reviewing my recent activity. I'd appreciate your help.,order_cancellation
CONV-04219,I need some help. Where is ORD-104955 right now? Thank you.,delivery_tracking
CONV-04220,"Hello, My discount code isn't working. I haven't changed anything on my account.",promo_code
CONV-04221,Please advise: My package contains a different product. I noticed this while reviewing my recent activity. I'd appreciate your help.,wrong_item
CONV-04222,"Hi, Checkout keeps rejecting my payment. I noticed this while reviewing my recent activity. Thanks.",payment_failure
CONV-04223,"Hi, ORD-100320 was due on Friday, but it still hasn't arrived. I noticed this while reviewing my recent activity. I'd appreciate your help.",delivery_delay
CONV-04224,Quick question: I think I was charged more than once for a single checkout. I placed the order earlier today. I’d like to resolve this today.,duplicate_charge
CONV-04225,Quick question: I need to redirect this package to another address. I’m trying to sort this out before the end of the day. Thanks.,address_change
CONV-04226,I wanted to check whether The item arrived damaged. What should I do? I haven't changed anything on my account. Can you check?,damaged_item
CONV-04227,"Could you help me? My delivery arrived, but the item inside is damaged. I’m trying to sort this out before the end of the day. Any guidance would be helpful.",damaged_item
CONV-04228,Could you help me? The same purchase appears twice on my card statement. I placed the order earlier today. Thanks.,duplicate_charge
CONV-04229,"Hi, ORD-100260 was due on Friday, but it still hasn't arrived. I noticed this while reviewing my recent activity. I’d like to resolve this today.",delivery_delay
CONV-04230,I wanted to check whether The promotional code says it is invalid. Please let me know.,promo_code
CONV-04231,"Could you help me? My delivery arrived, but the item inside is damaged. I’m trying to sort this out before the end of the day. Thanks.",damaged_item
CONV-04232,I’m contacting support because Could you explain the return process for this purchase? I haven't changed anything on my account. Can you check?,return_request
CONV-04233,I’m contacting support because How do I change the address attached to my order? This is my first time dealing with this issue. Please let me know.,address_change
CONV-04234,I’m contacting support because I opened the package and found the product broken. Thank you.,damaged_item
CONV-04235,I wanted to check whether Please stop ORD-101917 before it is dispatched. I haven't changed anything on my account.,order_cancellation
CONV-04236,"Hi, I'd like to withdraw this purchase if it hasn't shipped. I placed the order earlier today. Thanks.",order_cancellation
CONV-04237,Could you help me? The same purchase appears twice on my card statement. I’m trying to sort this out before the end of the day. Any guidance would be helpful.,duplicate_charge
CONV-04238,Just checking — The discount isn't being applied even though I entered the code. I’m trying to sort this out before the end of the day. Thanks.,promo_code
CONV-04239,My subscription payment was higher than I expected.,subscription_billing
CONV-04240,"Hello, Would you mind checking the latest status of ORD-100224? This is my first time dealing with this issue.",order_status
CONV-04241,"Hi, Roughly how long will delivery take? I placed the order earlier today. I'd appreciate your help.",delivery_estimate
CONV-04242,"Hello, My discount code isn't working. This is my first time dealing with this issue. Thank you.",promo_code
CONV-04243,Please advise: I'm still waiting for the money from my return. Can you check? I placed the order earlier today. I’d like to resolve this today.,refund_status
CONV-04244,Please advise: I'm locked out of my account and need access. I’m trying to sort this out before the end of the day. I’d like to resolve this today.,account_access
CONV-04245,"Hi, Could you explain the return process for this purchase? I noticed this while reviewing my recent activity. I'd appreciate your help.",return_request
CONV-04246,"Quick question: The box arrived, but headphones wasn't inside. I placed the order earlier today. I’d like to resolve this today.",missing_item
CONV-04247,Could you help me? My account suddenly won't let me log in. I placed the order earlier today. Thanks.,account_access
CONV-04248,"Hi, Can you see what stage ORD-100117 is at right now? I noticed this while reviewing my recent activity. I'd appreciate your help.",order_status
CONV-04249,Please advise: When should ORD-100645 arrive? I placed the order earlier today. Thanks.,delivery_estimate
CONV-04250,Just checking — I placed ORD-100003 recently. What is happening with it? I noticed this while reviewing my recent activity. Any guidance would be helpful.,order_status
CONV-04251,I’m contacting support because Why was my subscription charged this month? I haven't changed anything on my account. Thank you.,subscription_billing
CONV-04252,"Hello, My parcel is 2 days late. Can you investigate?",delivery_delay
CONV-04253,Could you help me? I’m checking on ORD-100005. Could you tell me its current status? I placed the order earlier today. I'd appreciate your help.,order_status
CONV-04254,Please help me arrange a return. I haven't changed anything on my account. Please let me know.,return_request
CONV-04255,Could you help me? One product from my order is missing. I’m trying to sort this out before the end of the day. I'd appreciate your help.,missing_item
CONV-04256,"Quick question: The item was returned, but I haven't received the refund. I placed the order earlier today. Any guidance would be helpful.",refund_status
CONV-04257,One product from my order is missing. This is my first time dealing with this issue.,missing_item
CONV-04258,I’m contacting support because Can you see what stage ORD-100242 is at right now? This is my first time dealing with this issue. Thank you.,order_status
CONV-04259,I need some help. Has the refund for ORD-101160 been issued yet? Can you check?,refund_status
CONV-04260,"Hi, I can't sign in to my account. I’m trying to sort this out before the end of the day. I'd appreciate your help.",account_access
CONV-04261,Just checking — Can I change the shipping address for ORD-103735? I placed the order earlier today. I'd appreciate your help.,address_change
CONV-04262,I was sent the wrong model. Thank you.,wrong_item
CONV-04263,Could you help me? Please update the destination before the order ships. I noticed this while reviewing my recent activity. Any guidance would be helpful.,address_change
CONV-04264,I’m contacting support because I think someone may have accessed my account. This is my first time dealing with this issue. Please let me know.,account_security
CONV-04265,Just checking — Part of ORD-102563 was not included in the delivery. I placed the order earlier today. I'd appreciate your help.,missing_item
CONV-04266,"Hi, I see two charges for the same purchase. I noticed this while reviewing my recent activity. Any guidance would be helpful.",duplicate_charge
CONV-04267,Quick question: I want to track the package that was just dispatched. I placed the order earlier today. Any guidance would be helpful.,delivery_tracking
CONV-04268,"Hi, Something different was packed instead of what I purchased. I placed the order earlier today. I’d like to resolve this today.",wrong_item
CONV-04269,"Please advise: I received the package, but one of the products is absent. I’m trying to sort this out before the end of the day. Thanks.",missing_item
CONV-04270,"Hi, Where should I enter my promo code? I placed the order earlier today. Any guidance would be helpful.",promo_code
CONV-04271,"Hi, Checkout keeps rejecting my payment. I noticed this while reviewing my recent activity. I’d like to resolve this today.",payment_failure
CONV-04272,Please advise: I received a security alert for an unfamiliar sign-in. I placed the order earlier today. I’d like to resolve this today.,account_security
CONV-04273,"Hi, How can I prevent the plan from renewing? I placed the order earlier today. Thanks.",subscription_cancel
CONV-04274,Quick question: Can you tell me more about this product's features? I placed the order earlier today. I’d like to resolve this today.,product_information
CONV-04275,Could you help me? I was sent the wrong model. I’m trying to sort this out before the end of the day. Thanks.,wrong_item
CONV-04276,"Hello, Can you cancel ORD-101975 for me? This is my first time dealing with this issue. Thank you.",order_cancellation
CONV-04277,I’m contacting support because How do I change the address attached to my order?,address_change
CONV-04278,I no longer want this order. Is cancellation still possible? I haven't changed anything on my account. Can you check?,order_cancellation
CONV-04279,"Please advise: I received the package, but one of the products is absent. I’m trying to sort this out before the end of the day. I'd appreciate your help.",missing_item
CONV-04280,"Hi, Could you tell me the current location or transit stage of my parcel? I noticed this while reviewing my recent activity. Any guidance would be helpful.",delivery_tracking
CONV-04281,Could you help me? I was sent the wrong model. I noticed this while reviewing my recent activity. I'd appreciate your help.,wrong_item
CONV-04282,Please advise: I don't recognize the amount billed for my membership. I noticed this while reviewing my recent activity. Thanks.,subscription_billing
CONV-04283,I need some help. Why does the payment fail whenever I try to complete the order? I haven't changed anything on my account. Please let me know.,payment_failure
CONV-04284,I need some help. Can you explain the latest recurring charge? I haven't changed anything on my account. Please let me know.,subscription_billing
CONV-04285,"Hello, The product has a crack that wasn't shown in the listing. Please let me know.",damaged_item
CONV-04286,"Hi, When should the refund appear in my account? I noticed this while reviewing my recent activity. I'd appreciate your help.",refund_status
CONV-04287,I’m contacting support because I need the specifications before I decide whether to buy it. I haven't changed anything on my account. Please let me know.,product_information
CONV-04288,I’m contacting support because Can you see what stage ORD-100232 is at right now? I haven't changed anything on my account.,order_status
CONV-04289,I wanted to check whether Do you have an update on ORD-100066? I want to know where it stands. Thank you.,order_status
CONV-04290,Could you help me? The same purchase appears twice on my card statement. I’m trying to sort this out before the end of the day. I’d like to resolve this today.,duplicate_charge
CONV-04291,"Hello, I received a security alert for an unfamiliar sign-in. This is my first time dealing with this issue. Can you check?",account_security
CONV-04292,"Hello, I entered the wrong delivery address. Can it be corrected? I haven't changed anything on my account. Thank you.",address_change
CONV-04293,Could you help me? I’m checking on ORD-100125. Could you tell me its current status? I placed the order earlier today. I'd appreciate your help.,order_status
CONV-04294,"Quick question: I have tried several times, but the transaction won't go through. I placed the order earlier today. I’d like to resolve this today.",payment_failure
CONV-04295,Could you help me? I no longer want this order. Is cancellation still possible? I noticed this while reviewing my recent activity. Any guidance would be helpful.,order_cancellation
CONV-04296,Just checking — What exactly is included with this item? I placed the order earlier today. Thanks.,product_information
CONV-04297,Why is the coupon being rejected at checkout? I haven't changed anything on my account. Please let me know.,promo_code
CONV-04298,Quick question: The item arrived damaged. What should I do? I’m trying to sort this out before the end of the day. Any guidance would be helpful.,damaged_item
CONV-04299,Can you send me through the password recovery process? This is my first time dealing with this issue. Thank you.,password_reset
CONV-04300,"Hello, My discount code isn't working. Please let me know.",promo_code
CONV-04301,I wanted to check whether I noticed a login I don't recognize. I haven't changed anything on my account. Thank you.,account_security
CONV-04302,Just checking — The discount isn't being applied even though I entered the code. I placed the order earlier today. I'd appreciate your help.,promo_code
CONV-04303,"Hello, I'm locked out of my account and need access. Can you check?",account_access
CONV-04304,Please advise: What steps do I need to follow to return this product? I noticed this while reviewing my recent activity. I'd appreciate your help.,return_request
CONV-04305,I need some help. It looks like I was billed twice for ORD-101646. This is my first time dealing with this issue. Can you check?,duplicate_charge
CONV-04306,Quick question: The promised delivery window is over for ORD-100364. I placed the order earlier today. I’d like to resolve this today.,delivery_delay
CONV-04307,I need some help. There are changes in my profile that I didn't make.,account_security
CONV-04308,Quick question: The item arrived damaged. What should I do? I noticed this while reviewing my recent activity. I'd appreciate your help.,damaged_item
CONV-04309,Could you help me? My subscription payment was higher than I expected. I placed the order earlier today. Any guidance would be helpful.,subscription_billing
CONV-04310,Please advise: When should ORD-100525 arrive? I placed the order earlier today. Thanks.,delivery_estimate
CONV-04311,Could you help me? I’m checking on ORD-100055. Could you tell me its current status? I’m trying to sort this out before the end of the day. Thanks.,order_status
CONV-04312,I’m contacting support because Roughly how long will delivery take? I haven't changed anything on my account.,delivery_estimate
CONV-04313,Please advise: My parcel is 5 days late. Can you investigate? I noticed this while reviewing my recent activity. Any guidance would be helpful.,delivery_delay
CONV-04314,Just checking — The login page won't let me access my account. I placed the order earlier today. I'd appreciate your help.,account_access
CONV-04315,"Quick question: I have tried several times, but the transaction won't go through. I noticed this while reviewing my recent activity. I'd appreciate your help.",payment_failure
CONV-04316,Quick question: The item arrived damaged. What should I do? I placed the order earlier today. Thanks.,damaged_item
CONV-04317,I’m contacting support because How do I change the address attached to my order? I haven't changed anything on my account. Thank you.,address_change
CONV-04318,Could you help me? My subscription payment was higher than I expected. I’m trying to sort this out before the end of the day. Thanks.,subscription_billing
CONV-04319,Could you help me? My account suddenly won't let me log in. I noticed this while reviewing my recent activity. I'd appreciate your help.,account_access
CONV-04320,"Hello, I don't recognize the amount billed for my membership. Thank you.",subscription_billing
CONV-04321,Please advise: My package contains a different product. I noticed this while reviewing my recent activity. Any guidance would be helpful.,wrong_item
CONV-04322,"Hello, My package contains a different product. This is my first time dealing with this issue. Thank you.",wrong_item
CONV-04323,Please advise: My package contains a different product. I’m trying to sort this out before the end of the day. I'd appreciate your help.,wrong_item
CONV-04324,I’m contacting support because I'd like to withdraw this purchase if it hasn't shipped. This is my first time dealing with this issue. Can you check?,order_cancellation
CONV-04325,"Hi, I'd like to withdraw this purchase if it hasn't shipped. I’m trying to sort this out before the end of the day. Any guidance would be helpful.",order_cancellation
CONV-04326,Why is the coupon being rejected at checkout? Can you check?,promo_code
CONV-04327,Quick question: I need to create a new password because I can't remember mine. I noticed this while reviewing my recent activity. I’d like to resolve this today.,password_reset
CONV-04328,I wanted to check whether The delivered item doesn't match my order. This is my first time dealing with this issue. Please let me know.,wrong_item
CONV-04329,"Hi, Roughly how long will delivery take? I noticed this while reviewing my recent activity. I'd appreciate your help.",delivery_estimate
CONV-04330,Could you help me? I want to cancel my subscription. I noticed this while reviewing my recent activity. Thanks.,subscription_cancel
CONV-04331,I wanted to check whether I need to create a new password because I can't remember mine. This is my first time dealing with this issue. Please let me know.,password_reset
CONV-04332,I need some help. Can you explain the latest recurring charge? This is my first time dealing with this issue. Can you check?,subscription_billing
CONV-04333,I need some help. Can you help me cancel my recent order? This is my first time dealing with this issue. Can you check?,order_cancellation
CONV-04334,Could you help me? What is the estimated delivery date for my package? I’m trying to sort this out before the end of the day. I’d like to resolve this today.,delivery_estimate
CONV-04335,My subscription payment was higher than I expected. I haven't changed anything on my account. Can you check?,subscription_billing
CONV-04336,What is the estimated delivery date for my package? This is my first time dealing with this issue. Can you check?,delivery_estimate
CONV-04337,"Hi, Where should I enter my promo code? I placed the order earlier today. Thanks.",promo_code
CONV-04338,I wanted to check whether Please stop ORD-101887 before it is dispatched. I haven't changed anything on my account. Thank you.,order_cancellation
CONV-04339,"Hi, I think someone may have accessed my account. I noticed this while reviewing my recent activity. Any guidance would be helpful.",account_security
CONV-04340,"Hi, ORD-100280 was due on Monday, but it still hasn't arrived. I placed the order earlier today. I'd appreciate your help.",delivery_delay
CONV-04341,Quick question: I think I was charged more than once for a single checkout. I noticed this while reviewing my recent activity. I'd appreciate your help.,duplicate_charge
CONV-04342,"Hello, I'm locked out of my account and need access. Thank you.",account_access
CONV-04343,Please help me arrange a return. This is my first time dealing with this issue. Thank you.,return_request
CONV-04344,Just checking — Where is ORD-104850 right now? I noticed this while reviewing my recent activity. I’d like to resolve this today.,delivery_tracking
CONV-04345,Quick question: I want to return ORD-100760. How do I start? I’m trying to sort this out before the end of the day. Thanks.,return_request
CONV-04346,Could you help me? I no longer want this order. Is cancellation still possible? I placed the order earlier today. I'd appreciate your help.,order_cancellation
CONV-04347,"Hello, I don't recognize the amount billed for my membership. This is my first time dealing with this issue. Thank you.",subscription_billing
CONV-04348,I need some help. I don't want the subscription to continue after this billing period. I haven't changed anything on my account. Thank you.,subscription_cancel
CONV-04349,My subscription payment was higher than I expected. This is my first time dealing with this issue. Thank you.,subscription_billing
CONV-04350,Just checking — I don't want the subscription to continue after this billing period. I placed the order earlier today. I'd appreciate your help.,subscription_cancel
CONV-04351,Please advise: My discount code isn't working. I noticed this while reviewing my recent activity. I’d like to resolve this today.,promo_code
CONV-04352,Just checking — Part of ORD-102593 was not included in the delivery. I placed the order earlier today. Any guidance would be helpful.,missing_item
CONV-04353,I wanted to check whether I have a question about the charge on my recurring plan. I haven't changed anything on my account. Can you check?,subscription_billing
CONV-04354,Could you help me? Can you send me through the password recovery process? I’m trying to sort this out before the end of the day. Any guidance would be helpful.,password_reset
CONV-04355,"Hi, How do I change the address attached to my order? I placed the order earlier today. I’d like to resolve this today.",address_change
CONV-04356,Please advise: I'm locked out of my account and need access. I placed the order earlier today. Thanks.,account_access
CONV-04357,Just checking — There are changes in my profile that I didn't make. I placed the order earlier today. I’d like to resolve this today.,account_security
CONV-04358,"Hi, Can you see what stage ORD-100137 is at right now? I placed the order earlier today. I’d like to resolve this today.",order_status
CONV-04359,I wanted to check whether The item arrived damaged. What should I do? I haven't changed anything on my account. Can you check?,damaged_item
CONV-04360,"Hello, The product has a crack that wasn't shown in the listing.",damaged_item
CONV-04361,Quick question: I need to create a new password because I can't remember mine. I noticed this while reviewing my recent activity. I'd appreciate your help.,password_reset
CONV-04362,I wanted to check whether The promotional code says it is invalid. I haven't changed anything on my account. Can you check?,promo_code
CONV-04363,Why is the coupon being rejected at checkout? Thank you.,promo_code
CONV-04364,Just checking — The discount isn't being applied even though I entered the code. I placed the order earlier today. I'd appreciate your help.,promo_code
CONV-04365,"I wanted to check whether I have tried several times, but the transaction won't go through. I haven't changed anything on my account. Can you check?",payment_failure
CONV-04366,Just checking — There is visible damage on the item I received. I noticed this while reviewing my recent activity. I’d like to resolve this today.,damaged_item
CONV-04367,Could you help me? I was sent the wrong model. I’m trying to sort this out before the end of the day. Thanks.,wrong_item
CONV-04368,Just checking — Why does the payment fail whenever I try to complete the order? I’m trying to sort this out before the end of the day. Thanks.,payment_failure
CONV-04369,"Hello, I can't finish the purchase because the payment isn't accepted. This is my first time dealing with this issue. Thank you.",payment_failure
CONV-04370,I wanted to check whether The item arrived damaged. What should I do? I haven't changed anything on my account. Please let me know.,damaged_item
CONV-04371,I need some help. There is visible damage on the item I received. Thank you.,damaged_item
CONV-04372,I wanted to check whether Please stop my recurring membership.,subscription_cancel
CONV-04373,"Hi, Checkout keeps rejecting my payment. I noticed this while reviewing my recent activity. I'd appreciate your help.",payment_failure
CONV-04374,Please advise: I received a security alert for an unfamiliar sign-in. I noticed this while reviewing my recent activity. Thanks.,account_security
CONV-04375,Could you help me? Something about my account activity looks suspicious. I noticed this while reviewing my recent activity. Thanks.,account_security
CONV-04376,Quick question: I keep getting rejected when I try to sign in. I placed the order earlier today. I'd appreciate your help.,account_access
CONV-04377,"Hi, I'd like to withdraw this purchase if it hasn't shipped. I’m trying to sort this out before the end of the day. Any guidance would be helpful.",order_cancellation
CONV-04378,Quick question: I need to create a new password because I can't remember mine. I’m trying to sort this out before the end of the day. I’d like to resolve this today.,password_reset
CONV-04379,"Could you help me? I expected this shipment already, but it hasn't turned up. I placed the order earlier today. I’d like to resolve this today.",delivery_delay
CONV-04380,Could you help me? I’m checking on ORD-100235. Could you tell me its current status? I’m trying to sort this out before the end of the day. Any guidance would be helpful.,order_status
CONV-04381,Could you help me? Could you tell me the current status of my refund? I’m trying to sort this out before the end of the day. I’d like to resolve this today.,refund_status
CONV-04382,Just checking — Can you help me cancel my recent order? I placed the order earlier today. Any guidance would be helpful.,order_cancellation
CONV-04383,I’m contacting support because Where should I enter my promo code?,promo_code
CONV-04384,"Hi, How can I prevent the plan from renewing? I placed the order earlier today. I'd appreciate your help.",subscription_cancel
CONV-04385,Quick question: I want to return ORD-100770. How do I start? I placed the order earlier today. I’d like to resolve this today.,return_request
CONV-04386,Quick question: The item arrived damaged. What should I do? I’m trying to sort this out before the end of the day. I'd appreciate your help.,damaged_item
CONV-04387,"Hi, Roughly how long will delivery take? I noticed this while reviewing my recent activity. Any guidance would be helpful.",delivery_estimate
CONV-04388,Please advise: Would you mind checking the latest status of ORD-100249? I noticed this while reviewing my recent activity. I’d like to resolve this today.,order_status
CONV-04389,I wanted to check whether I think I was charged more than once for a single checkout. This is my first time dealing with this issue. Can you check?,duplicate_charge
CONV-04390,Something about my account activity looks suspicious. Can you check?,account_security
CONV-04391,"Hi, I opened the package and found the product broken. I’m trying to sort this out before the end of the day. I’d like to resolve this today.",damaged_item
CONV-04392,I’m contacting support because I'd like to withdraw this purchase if it hasn't shipped. Thank you.,order_cancellation
CONV-04393,What is the estimated delivery date for my package? I haven't changed anything on my account. Please let me know.,delivery_estimate
CONV-04394,"Hello, Does this product come with the accessories shown? Please let me know.",product_information
CONV-04395,"Hello, The product has a crack that wasn't shown in the listing. I haven't changed anything on my account.",damaged_item
CONV-04396,My subscription payment was higher than I expected. Thank you.,subscription_billing
CONV-04397,"Hello, I received the package, but one of the products is absent. I haven't changed anything on my account. Please let me know.",missing_item
CONV-04398,"Hi, I need the specifications before I decide whether to buy it. I noticed this while reviewing my recent activity. Any guidance would be helpful.",product_information
CONV-04399,Could you help me? My payment is being declined at checkout. I’m trying to sort this out before the end of the day. I'd appreciate your help.,payment_failure
CONV-04400,The same purchase appears twice on my card statement. Thank you.,duplicate_charge
CONV-04401,Just checking — The login page won't let me access my account. I’m trying to sort this out before the end of the day. Any guidance would be helpful.,account_access
CONV-04402,I wanted to check whether The item arrived damaged. What should I do? I haven't changed anything on my account.,damaged_item
CONV-04403,Quick question: The promised delivery window is over for ORD-100404. I noticed this while reviewing my recent activity. I’d like to resolve this today.,delivery_delay
CONV-04404,Quick question: The promised delivery window is over for ORD-100384. I’m trying to sort this out before the end of the day. I'd appreciate your help.,delivery_delay
CONV-04405,Quick question: Can you tell me more about this product's features? I placed the order earlier today. I’d like to resolve this today.,product_information
CONV-04406,I need some help. There is visible damage on the item I received.,damaged_item
CONV-04407,Could you help me? The same purchase appears twice on my card statement. I’m trying to sort this out before the end of the day. Thanks.,duplicate_charge
CONV-04408,I’m contacting support because I need the specifications before I decide whether to buy it. This is my first time dealing with this issue. Can you check?,product_information
CONV-04409,I want to cancel my subscription. I haven't changed anything on my account.,subscription_cancel
CONV-04410,My subscription payment was higher than I expected. I haven't changed anything on my account. Please let me know.,subscription_billing
CONV-04411,Just checking — I placed ORD-100223 recently. What is happening with it? I’m trying to sort this out before the end of the day. Thanks.,order_status
CONV-04412,Please advise: The product has a crack that wasn't shown in the listing. I placed the order earlier today. I’d like to resolve this today.,damaged_item
CONV-04413,Can you send me through the password recovery process? I haven't changed anything on my account. Can you check?,account_security
CONV-04414,Just checking — Can you help me cancel my recent order? I’m trying to sort this out before the end of the day. Any guidance would be helpful.,order_cancellation
CONV-04415,I wanted to check whether Can you tell me more about this product's features? I haven't changed anything on my account. Thank you.,product_information
CONV-04416,I need some help. I changed my mind and would like to send the item back. This is my first time dealing with this issue. Can you check?,return_request
CONV-04417,I need some help. The login page won't let me access my account. This is my first time dealing with this issue. Please let me know.,account_access
CONV-04418,Please advise: Would you mind checking the latest status of ORD-100009? I noticed this while reviewing my recent activity. I’d like to resolve this today.,order_status
CONV-04419,Just checking — Can you help me cancel my recent order? I’m trying to sort this out before the end of the day. Any guidance would be helpful.,return_request
CONV-04420,"Hi, I'd like to withdraw this purchase if it hasn't shipped. I noticed this while reviewing my recent activity. I’d like to resolve this today.",order_cancellation
CONV-04421,"I’m contacting support because ORD-100255 was due on Saturday, but it still hasn't arrived. I haven't changed anything on my account. Can you check?",delivery_delay
CONV-04422,"Hello, Does this product come with the accessories shown? This is my first time dealing with this issue. Please let me know.",product_information
CONV-04423,Just checking — It looks like I was billed twice for ORD-101581. I noticed this while reviewing my recent activity. Any guidance would be helpful.,duplicate_charge
CONV-04424,Just checking — The login page won't let me access my account. I noticed this while reviewing my recent activity. Any guidance would be helpful.,account_access
CONV-04425,Could you help me? Please help me arrange a return. I noticed this while reviewing my recent activity. Any guidance would be helpful.,return_request
CONV-04426,I need some help. The discount isn't being applied even though I entered the code. Thank you.,promo_code
CONV-04427,I need some help. Part of ORD-102508 was not included in the delivery. I haven't changed anything on my account. Please let me know.,missing_item
CONV-04428,I want to cancel my subscription. I haven't changed anything on my account. Thank you.,subscription_cancel
CONV-04429,I need some help. Can you explain the latest recurring charge?,subscription_billing
CONV-04430,I wanted to check whether I keep getting rejected when I try to sign in. Thank you.,account_access
CONV-04431,Just checking — I’m planning around the delivery. When is it expected? I’m trying to sort this out before the end of the day. I'd appreciate your help.,delivery_estimate
CONV-04432,Could you help me? One product from my order is missing. I’m trying to sort this out before the end of the day. Any guidance would be helpful.,missing_item
CONV-04433,"Hi, Where should I enter my promo code? I noticed this while reviewing my recent activity. Thanks.",promo_code
CONV-04434,"Hi, I need the specifications before I decide whether to buy it. I placed the order earlier today. I'd appreciate your help.",product_information
CONV-04435,Just checking — Has the refund for ORD-101145 been issued yet? I noticed this while reviewing my recent activity. I'd appreciate your help.,refund_status
CONV-04436,Quick question: Can you give me an ETA for this shipment? I noticed this while reviewing my recent activity. I'd appreciate your help.,delivery_estimate
CONV-04437,Just checking — I can't recall my password and need to change it. I’m trying to sort this out before the end of the day. Thanks.,password_reset
CONV-04438,"Hello, My parcel is 6 days late. Can you investigate? I haven't changed anything on my account. Thank you.",delivery_delay
CONV-04439,I need some help. The login page won't let me access my account. I haven't changed anything on my account. Please let me know.,account_access
CONV-04440,My account suddenly won't let me log in. I haven't changed anything on my account. Please let me know.,account_access
CONV-04441,I need some help. Why does the payment fail whenever I try to complete the order? This is my first time dealing with this issue. Thank you.,payment_failure
CONV-04442,"Hi, ORD-100470 was due on Friday, but it still hasn't arrived. I noticed this while reviewing my recent activity. Any guidance would be helpful.",delivery_delay
CONV-04443,Just checking — Part of ORD-102703 was not included in the delivery. I’m trying to sort this out before the end of the day. I’d like to resolve this today.,missing_item
CONV-04444,Quick question: I noticed a login I don't recognize. I’m trying to sort this out before the end of the day. Any guidance would be helpful.,account_security
CONV-04445,Could you help me? Please update the destination before the order ships. I noticed this while reviewing my recent activity. Any guidance would be helpful.,address_change
CONV-04446,"Quick question: I have tried several times, but the transaction won't go through. I noticed this while reviewing my recent activity. I'd appreciate your help.",payment_failure
CONV-04447,I’m contacting support because How do I change the address attached to my order? I haven't changed anything on my account. Please let me know.,address_change
CONV-04448,Could you help me? Why is the coupon being rejected at checkout? I noticed this while reviewing my recent activity. Any guidance would be helpful.,promo_code
CONV-04449,"Hi, I think someone may have accessed my account. I placed the order earlier today. I’d like to resolve this today.",account_security
CONV-04450,"Quick question: I have tried several times, but the transaction won't go through. I’m trying to sort this out before the end of the day. I’d like to resolve this today.",payment_failure
CONV-04451,Please update the destination before the order ships. I haven't changed anything on my account. Please let me know.,address_change
CONV-04452,Could you help me? My payment is being declined at checkout. I’m trying to sort this out before the end of the day. Any guidance would be helpful.,payment_failure
CONV-04453,Has the courier scanned ORD-104807 yet? This is my first time dealing with this issue. Please let me know.,delivery_tracking
CONV-04454,"Hi, Where should I enter my promo code? I’m trying to sort this out before the end of the day. Thanks.",promo_code
CONV-04455,Could you help me? Something about my account activity looks suspicious. I noticed this while reviewing my recent activity. I'd appreciate your help.,account_security
CONV-04456,My account suddenly won't let me log in. I haven't changed anything on my account. Can you check?,account_access
CONV-04457,"Hi, Why was my subscription charged this month? I noticed this while reviewing my recent activity. Thanks.",subscription_billing
CONV-04458,Quick question: Please stop ORD-101852 before it is dispatched. I placed the order earlier today. Thanks.,order_cancellation
CONV-04459,I’m contacting support because Could you tell me the current location or transit stage of my parcel? I haven't changed anything on my account. Can you check?,delivery_tracking
CONV-04460,Quick question: The item arrived damaged. What should I do? I’m trying to sort this out before the end of the day. I’d like to resolve this today.,damaged_item
CONV-04461,Just checking — I placed ORD-100133 recently. What is happening with it? I’m trying to sort this out before the end of the day. I'd appreciate your help.,order_status
CONV-04462,Please advise: What steps do I need to follow to return this product? I’m trying to sort this out before the end of the day. Thanks.,return_request
CONV-04463,"Hello, What steps do I need to follow to return this product? I haven't changed anything on my account. Please let me know.",return_request
CONV-04464,Please advise: Does this product come with the accessories shown? I’m trying to sort this out before the end of the day. I’d like to resolve this today.,product_information
CONV-04465,Just checking — It looks like I was billed twice for ORD-101531. I’m trying to sort this out before the end of the day. I’d like to resolve this today.,duplicate_charge
CONV-04466,I’m contacting support because When should the refund appear in my account? Thank you.,refund_status
CONV-04467,I need some help. I’m planning around the delivery. When is it expected? This is my first time dealing with this issue. Thank you.,delivery_estimate
CONV-04468,"Hello, My discount code isn't working. Thank you.",promo_code
CONV-04469,Could you help me? I no longer want this order. Is cancellation still possible? I placed the order earlier today. Thanks.,order_cancellation
CONV-04470,I wanted to check whether I need to create a new password because I can't remember mine. Can you check?,password_reset
CONV-04471,"Hi, I'd like to withdraw this purchase if it hasn't shipped. I noticed this while reviewing my recent activity. I’d like to resolve this today.",order_cancellation
CONV-04472,Please advise: I can't finish the purchase because the payment isn't accepted. I noticed this while reviewing my recent activity. I’d like to resolve this today.,payment_failure
CONV-04473,Could you help me? Please help me arrange a return. I noticed this while reviewing my recent activity. I'd appreciate your help.,return_request
CONV-04474,"I’m contacting support because ORD-100455 was due on Tuesday, but it still hasn't arrived. Can you check?",delivery_delay
CONV-04475,I’m contacting support because Could you tell me the current location or transit stage of my parcel? This is my first time dealing with this issue. Please let me know.,delivery_tracking
CONV-04476,"Hi, How do I change the address attached to my order? I noticed this while reviewing my recent activity. Any guidance would be helpful.",address_change
CONV-04477,"Hello, Does this product come with the accessories shown? I haven't changed anything on my account. Can you check?",product_information
CONV-04478,"Hi, Where should I enter my promo code? I’m trying to sort this out before the end of the day. I’d like to resolve this today.",promo_code
CONV-04479,Please update the destination before the order ships. This is my first time dealing with this issue.,address_change
CONV-04480,I wanted to check whether I have a question about the charge on my recurring plan. I haven't changed anything on my account. Please let me know.,subscription_billing
CONV-04481,Please update the destination before the order ships. I haven't changed anything on my account.,address_change
CONV-04482,"Hi, Roughly how long will delivery take? I’m trying to sort this out before the end of the day. Any guidance would be helpful.",delivery_estimate
CONV-04483,I need some help. Can you explain the latest recurring charge? This is my first time dealing with this issue. Thank you.,subscription_billing
CONV-04484,"My delivery arrived, but the item inside is damaged. This is my first time dealing with this issue. Please let me know.",damaged_item
CONV-04485,My account suddenly won't let me log in. Thank you.,account_access
CONV-04486,Please advise: Can you cancel ORD-101810 for me? I placed the order earlier today. I'd appreciate your help.,order_cancellation
CONV-04487,"Hi, I think someone may have accessed my account. I’m trying to sort this out before the end of the day. Thanks.",account_security
CONV-04488,Could you help me? Can you send me through the password recovery process? I noticed this while reviewing my recent activity. I’d like to resolve this today.,password_reset
CONV-04489,I wanted to check whether Please stop ORD-101827 before it is dispatched. I haven't changed anything on my account. Please let me know.,order_cancellation
CONV-04490,Just checking — Has the refund for ORD-101155 been issued yet? I’m trying to sort this out before the end of the day. Thanks.,refund_status
CONV-04491,Please advise: I can't finish the purchase because the payment isn't accepted. I noticed this while reviewing my recent activity. I'd appreciate your help.,payment_failure
CONV-04492,Quick question: The promotional code says it is invalid. I noticed this while reviewing my recent activity. I'd appreciate your help.,promo_code
CONV-04493,"Hello, When should ORD-100510 arrive? This is my first time dealing with this issue.",delivery_estimate
CONV-04494,I’m contacting support because I see two charges for the same purchase. Please let me know.,duplicate_charge
CONV-04495,I wanted to check whether The promised delivery window is over for ORD-100499. This is my first time dealing with this issue.,delivery_delay
CONV-04496,I’m contacting support because I need the specifications before I decide whether to buy it. Thank you.,product_information
CONV-04497,Could you help me? I no longer want this order. Is cancellation still possible? I noticed this while reviewing my recent activity. Any guidance would be helpful.,order_cancellation
CONV-04498,Just checking — Why does the payment fail whenever I try to complete the order? I’m trying to sort this out before the end of the day. I'd appreciate your help.,payment_failure
CONV-04499,"Hi, How do I change the address attached to my order? I’m trying to sort this out before the end of the day. I'd appreciate your help.",address_change
CONV-04500,Please advise: My package contains a different product. I’m trying to sort this out before the end of the day. Thanks.,wrong_item
CONV-04501,Can you send me through the password recovery process? This is my first time dealing with this issue.,password_reset
CONV-04502,I’m contacting support because I see two charges for the same purchase. I haven't changed anything on my account. Thank you.,duplicate_charge
CONV-04503,Could you help me? Could you tell me the current status of my refund? I noticed this while reviewing my recent activity. I'd appreciate your help.,refund_status
CONV-04504,"Quick question: The box arrived, but mug wasn't inside. I noticed this while reviewing my recent activity. Any guidance would be helpful.",missing_item
CONV-04505,My account suddenly won't let me log in. I haven't changed anything on my account.,account_access
CONV-04506,Please advise: I'm still waiting for the money from my return. Can you check? I’m trying to sort this out before the end of the day. Any guidance would be helpful.,refund_status
CONV-04507,"Hello, Why are there duplicate transactions for one order? Can you check?",duplicate_charge
CONV-04508,I’m contacting support because I think someone may have accessed my account. This is my first time dealing with this issue. Please let me know.,account_security
CONV-04509,Could you help me? Something about my account activity looks suspicious. I’m trying to sort this out before the end of the day. I'd appreciate your help.,account_security
CONV-04510,"Please advise: I received the package, but one of the products is absent. I placed the order earlier today. I'd appreciate your help.",missing_item
CONV-04511,"Hello, What steps do I need to follow to return this product? This is my first time dealing with this issue.",return_request
CONV-04512,Please advise: My discount code isn't working. I noticed this while reviewing my recent activity. Thanks.,promo_code
CONV-04513,I wanted to check whether Can you give me an ETA for this shipment? This is my first time dealing with this issue. Please let me know.,delivery_estimate
CONV-04514,"Hello, I'm still waiting for the money from my return. Can you check? This is my first time dealing with this issue.",refund_status
CONV-04515,Could you help me? Something about my account activity looks suspicious. I’m trying to sort this out before the end of the day. Thanks.,account_security
CONV-04516,Please advise: I'm locked out of my account and need access. I placed the order earlier today. I'd appreciate your help.,account_access
CONV-04517,I’m contacting support because I opened the package and found the product broken. I haven't changed anything on my account. Can you check?,damaged_item
CONV-04518,Could you tell me the current status of my refund? I haven't changed anything on my account. Thank you.,refund_status
CONV-04519,"I wanted to check whether The box arrived, but adapter wasn't inside. I haven't changed anything on my account. Thank you.",missing_item
CONV-04520,Could you help me? Could you tell me the current status of my refund? I’m trying to sort this out before the end of the day. Any guidance would be helpful.,refund_status
CONV-04521,I wanted to check whether I need to create a new password because I can't remember mine. Thank you.,password_reset
CONV-04522,"Hello, I entered the wrong delivery address. Can it be corrected? This is my first time dealing with this issue. Thank you.",address_change
CONV-04523,Could you help me? My account suddenly won't let me log in. I noticed this while reviewing my recent activity. I’d like to resolve this today.,account_access
CONV-04524,Why is the coupon being rejected at checkout? This is my first time dealing with this issue.,promo_code
CONV-04525,"Hello, I forgot my password. How can I reset it? This is my first time dealing with this issue.",password_reset
CONV-04526,Just checking — I placed ORD-100143 recently. What is happening with it? I placed the order earlier today. Thanks.,order_status
CONV-04527,Could you help me? Please update the destination before the order ships. I noticed this while reviewing my recent activity. Thanks.,address_change
CONV-04528,Please advise: I'm locked out of my account and need access. I noticed this while reviewing my recent activity. I'd appreciate your help.,account_access
CONV-04529,Quick question: Can you give me an ETA for this shipment? I placed the order earlier today. Thanks.,delivery_estimate
CONV-04530,I need some help. Can you help me cancel my recent order? This is my first time dealing with this issue. Please let me know.,order_cancellation
CONV-04531,I’m contacting support because My multi-item order is incomplete. I haven't changed anything on my account.,missing_item
CONV-04532,Please advise: My discount code isn't working. I noticed this while reviewing my recent activity. I'd appreciate your help.,promo_code
CONV-04533,Just checking — Can you explain the latest recurring charge? I placed the order earlier today. Any guidance would be helpful.,subscription_billing
CONV-04534,"I’m contacting support because ORD-100395 was due on Tuesday, but it still hasn't arrived.",delivery_delay
CONV-04535,Please advise: Can you show me the latest tracking update for my shipment? I’m trying to sort this out before the end of the day. Any guidance would be helpful.,delivery_tracking
CONV-04536,Quick question: The promotional code says it is invalid. I noticed this while reviewing my recent activity. I’d like to resolve this today.,promo_code
CONV-04537,My payment is being declined at checkout. This is my first time dealing with this issue. Please let me know.,payment_failure
CONV-04538,"Hello, Does this product come with the accessories shown? I haven't changed anything on my account.",product_information
CONV-04539,Please advise: When should ORD-100595 arrive? I noticed this while reviewing my recent activity. I'd appreciate your help.,delivery_estimate
CONV-04540,"Hi, How can I prevent the plan from renewing? I’m trying to sort this out before the end of the day. Any guidance would be helpful.",subscription_cancel
CONV-04541,Quick question: I keep getting rejected when I try to sign in. I noticed this while reviewing my recent activity. I’d like to resolve this today.,account_access
CONV-04542,Please advise: My package contains a different product. I’m trying to sort this out before the end of the day. Any guidance would be helpful.,wrong_item
CONV-04543,Quick question: Please stop my recurring membership. I’m trying to sort this out before the end of the day. I’d like to resolve this today.,subscription_cancel
CONV-04544,Quick question: I noticed a login I don't recognize. I noticed this while reviewing my recent activity. I’d like to resolve this today.,account_security
CONV-04545,I wanted to check whether Please stop my recurring membership. This is my first time dealing with this issue. Please let me know.,subscription_cancel
CONV-04546,"Hello, I don't recognize the amount billed for my membership. This is my first time dealing with this issue. Can you check?",subscription_billing
CONV-04547,"Hi, I need the specifications before I decide whether to buy it. I’m trying to sort this out before the end of the day. I’d like to resolve this today.",product_information
CONV-04548,Please advise: The product has a crack that wasn't shown in the listing. I noticed this while reviewing my recent activity. Thanks.,damaged_item
CONV-04549,Just checking — It looks like I was billed twice for ORD-101571. I placed the order earlier today. I’d like to resolve this today.,duplicate_charge
CONV-04550,Quick question: I have a question about the charge on my recurring plan. I noticed this while reviewing my recent activity. Thanks.,subscription_billing
CONV-04551,Could you tell me the current status of my refund? I haven't changed anything on my account. Please let me know.,refund_status
CONV-04552,Just checking — The login page won't let me access my account. I’m trying to sort this out before the end of the day. I’d like to resolve this today.,account_access
CONV-04553,"Hello, I'm locked out of my account and need access. This is my first time dealing with this issue. Please let me know.",account_access
CONV-04554,"Hello, I received the package, but one of the products is absent. Thank you.",missing_item
CONV-04555,I wanted to check whether I noticed a login I don't recognize. I haven't changed anything on my account. Thank you.,account_security
CONV-04556,Please advise: When should ORD-100675 arrive? I placed the order earlier today. I'd appreciate your help.,delivery_tracking
CONV-04557,Could you help me? My account suddenly won't let me log in. I placed the order earlier today. Thanks.,account_access
CONV-04558,Please advise: I received a security alert for an unfamiliar sign-in. I’m trying to sort this out before the end of the day. I'd appreciate your help.,account_security
CONV-04559,I’m contacting support because Roughly how long will delivery take? I haven't changed anything on my account. Thank you.,delivery_estimate
CONV-04560,Please advise: My parcel is 1 days late. Can you investigate? I placed the order earlier today. I’d like to resolve this today.,delivery_delay
CONV-04561,Can you send me through the password recovery process? This is my first time dealing with this issue. Please let me know.,password_reset
CONV-04562,I need some help. It looks like I was billed twice for ORD-101516. I haven't changed anything on my account. Thank you.,duplicate_charge
CONV-04563,I wanted to check whether I want to return ORD-100825. How do I start?,return_request
CONV-04564,I need some help. There are changes in my profile that I didn't make. I haven't changed anything on my account. Can you check?,account_security
CONV-04565,Please advise: Could you help me end my recurring plan? I placed the order earlier today. I’d like to resolve this today.,subscription_cancel
CONV-04566,What is the estimated delivery date for my package? Thank you.,delivery_estimate
CONV-04567,"Hello, Would you mind checking the latest status of ORD-100114? Thank you.",order_status
CONV-04568,"Hello, My parcel is 6 days late. Can you investigate? I haven't changed anything on my account. Please let me know.",delivery_delay
CONV-04569,Just checking — I can't recall my password and need to change it. I noticed this while reviewing my recent activity. I’d like to resolve this today.,password_reset
CONV-04570,"Hi, I see two charges for the same purchase. I placed the order earlier today. Thanks.",duplicate_charge
CONV-04571,Just checking — Where is ORD-104950 right now? I’m trying to sort this out before the end of the day. I'd appreciate your help.,delivery_tracking
CONV-04572,"Hi, Why was my subscription charged this month? I’m trying to sort this out before the end of the day. I’d like to resolve this today.",subscription_billing
CONV-04573,Just checking — The login page won't let me access my account. I noticed this while reviewing my recent activity. Thanks.,account_access
CONV-04574,"Hi, I need the specifications before I decide whether to buy it. I noticed this while reviewing my recent activity. I’d like to resolve this today.",product_information
CONV-04575,I need some help. There is visible damage on the item I received. This is my first time dealing with this issue. Thank you.,damaged_item
CONV-04576,"Hello, What steps do I need to follow to return this product?",return_request
CONV-04577,"I wanted to check whether The box arrived, but shirt wasn't inside. Can you check?",missing_item
CONV-04578,"Hello, Could you help me end my recurring plan? Can you check?",subscription_cancel
CONV-04579,"Hello, I received a security alert for an unfamiliar sign-in. This is my first time dealing with this issue. Please let me know.",account_security
CONV-04580,Please advise: I don't recognize the amount billed for my membership. I’m trying to sort this out before the end of the day. Any guidance would be helpful.,subscription_billing
CONV-04581,"Hi, Something different was packed instead of what I purchased. I placed the order earlier today. I’d like to resolve this today.",wrong_item
CONV-04582,Please advise: My discount code isn't working. I placed the order earlier today. I’d like to resolve this today.,promo_code
CONV-04583,"Hello, I'm still waiting for the money from my return. Can you check? This is my first time dealing with this issue. Please let me know.",refund_status
CONV-04584,I need some help. I don't want the subscription to continue after this billing period. I haven't changed anything on my account. Can you check?,subscription_cancel
CONV-04585,Please advise: I received a security alert for an unfamiliar sign-in. I’m trying to sort this out before the end of the day. Any guidance would be helpful.,account_security
CONV-04586,I need some help. Part of ORD-102738 was not included in the delivery. Can you check?,missing_item
CONV-04587,I’m contacting support because Why was my subscription charged this month? This is my first time dealing with this issue.,subscription_billing
CONV-04588,The same purchase appears twice on my card statement. This is my first time dealing with this issue. Please let me know.,duplicate_charge
CONV-04589,I was sent the wrong model.,wrong_item
CONV-04590,"Hello, I entered the wrong delivery address. Can it be corrected? I haven't changed anything on my account.",address_change
CONV-04591,Could you help me? Could you explain the available options for this product? I’m trying to sort this out before the end of the day. I’d like to resolve this today.,product_information
CONV-04592,Please advise: Why are there duplicate transactions for one order? I’m trying to sort this out before the end of the day. I'd appreciate your help.,duplicate_charge
CONV-04593,I’m contacting support because Could you explain the return process for this purchase? This is my first time dealing with this issue. Thank you.,return_request
CONV-04594,"Hello, I entered the wrong delivery address. Can it be corrected? This is my first time dealing with this issue.",address_change
CONV-04595,I wanted to check whether I want to return ORD-100895. How do I start? I haven't changed anything on my account. Please let me know.,return_request
CONV-04596,I need some help. What exactly is included with this item? This is my first time dealing with this issue. Thank you.,product_information
CONV-04597,"I’m contacting support because ORD-100335 was due on Tuesday, but it still hasn't arrived. Can you check?",delivery_delay
CONV-04598,I wanted to check whether I keep getting rejected when I try to sign in. Please let me know.,account_access
CONV-04599,Quick question: I need to create a new password because I can't remember mine. I noticed this while reviewing my recent activity. Any guidance would be helpful.,password_reset
CONV-04600,Just checking — Why does the payment fail whenever I try to complete the order? I noticed this while reviewing my recent activity. I'd appreciate your help.,payment_failure
CONV-04601,Just checking — Has the refund for ORD-101015 been issued yet? I placed the order earlier today. Any guidance would be helpful.,refund_status
CONV-04602,Just checking — The login page won't let me access my account. I’m trying to sort this out before the end of the day. Thanks.,account_access
CONV-04603,Just checking — It looks like I was billed twice for ORD-101631. I placed the order earlier today. I'd appreciate your help.,duplicate_charge
CONV-04604,I’m contacting support because Something different was packed instead of what I purchased. This is my first time dealing with this issue. Please let me know.,wrong_item
CONV-04605,I need some help. Can I change the shipping address for ORD-103730?,address_change
CONV-04606,I’m contacting support because I think someone may have accessed my account. Can you check?,account_security
CONV-04607,Could you explain the available options for this product? This is my first time dealing with this issue. Can you check?,product_information
CONV-04608,I wanted to check whether The item arrived damaged. What should I do? This is my first time dealing with this issue. Please let me know.,damaged_item
CONV-04609,Quick question: The promotional code says it is invalid. I placed the order earlier today. I’d like to resolve this today.,promo_code
CONV-04610,Could you help me? Has the courier scanned ORD-104882 yet? I placed the order earlier today. I’d like to resolve this today.,delivery_tracking
CONV-04611,"Hi, I see two charges for the same purchase. I noticed this while reviewing my recent activity. I’d like to resolve this today.",duplicate_charge
CONV-04612,I’m contacting support because Something different was packed instead of what I purchased. I haven't changed anything on my account. Can you check?,wrong_item
CONV-04613,I need some help. The item I received isn't the one I ordered. Please let me know.,wrong_item
CONV-04614,I wanted to check whether I keep getting rejected when I try to sign in. Please let me know.,account_access
CONV-04615,"Hi, I need the specifications before I decide whether to buy it. I noticed this while reviewing my recent activity. I'd appreciate your help.",product_information
CONV-04616,Just checking — I can't recall my password and need to change it. I placed the order earlier today. Thanks.,password_reset
CONV-04617,"Hi, I opened the package and found the product broken. I’m trying to sort this out before the end of the day. I'd appreciate your help.",damaged_item
CONV-04618,I’m contacting support because Where can I request a password reset? I haven't changed anything on my account. Thank you.,password_reset
CONV-04619,Quick question: Can you tell me more about this product's features? I noticed this while reviewing my recent activity. Thanks.,product_information
CONV-04620,"Hi, Why was my subscription charged this month? I placed the order earlier today. I'd appreciate your help.",subscription_cancel
CONV-04621,"Hi, I think someone may have accessed my account. I noticed this while reviewing my recent activity. I'd appreciate your help.",account_security
CONV-04622,"Hello, I received the package, but one of the products is absent. Thank you.",missing_item
CONV-04623,"Hello, I entered the wrong delivery address. Can it be corrected? I haven't changed anything on my account.",address_change
CONV-04624,Quick question: I think I was charged more than once for a single checkout. I placed the order earlier today. I'd appreciate your help.,duplicate_charge
CONV-04625,Quick question: I have a question about the charge on my recurring plan. I placed the order earlier today. I’d like to resolve this today.,subscription_billing
CONV-04626,Quick question: I need to create a new password because I can't remember mine. I noticed this while reviewing my recent activity. Thanks.,password_reset
CONV-04627,"Hi, Something different was packed instead of what I purchased. I placed the order earlier today. Any guidance would be helpful.",wrong_item
CONV-04628,"Hello, When should ORD-100580 arrive? Please let me know.",delivery_estimate
CONV-04629,Could you help me? My payment is being declined at checkout. I placed the order earlier today. Thanks.,payment_failure
CONV-04630,I’m contacting support because Why was my subscription charged this month? Please let me know.,subscription_billing
CONV-04631,"Hello, I received a security alert for an unfamiliar sign-in. This is my first time dealing with this issue.",account_security
CONV-04632,Please advise: Does this product come with the accessories shown? I placed the order earlier today. I’d like to resolve this today.,product_information
CONV-04633,Please update the destination before the order ships. This is my first time dealing with this issue. Please let me know.,address_change
CONV-04634,Just checking — I’m planning around the delivery. When is it expected? I noticed this while reviewing my recent activity. I’d like to resolve this today.,delivery_estimate
CONV-04635,I wanted to check whether I keep getting rejected when I try to sign in. I haven't changed anything on my account.,account_access
CONV-04636,I wanted to check whether Can you give me an ETA for this shipment? I haven't changed anything on my account. Thank you.,delivery_estimate
CONV-04637,Please advise: I'm still waiting for the money from my return. Can you check? I placed the order earlier today. I'd appreciate your help.,refund_status
CONV-04638,I wanted to check whether I think I was charged more than once for a single checkout. This is my first time dealing with this issue. Please let me know.,duplicate_charge
CONV-04639,Could you tell me the current status of my refund? This is my first time dealing with this issue.,refund_status
CONV-04640,I no longer want this order. Is cancellation still possible? Please let me know.,order_cancellation
CONV-04641,I need some help. Has the refund for ORD-101150 been issued yet? This is my first time dealing with this issue. Thank you.,refund_status
CONV-04642,Could you help me? My account suddenly won't let me log in. I placed the order earlier today. I'd appreciate your help.,account_access
CONV-04643,I wanted to check whether Do you have an update on ORD-100116? I want to know where it stands. This is my first time dealing with this issue. Can you check?,order_status
CONV-04644,"Hello, When should ORD-100740 arrive? I haven't changed anything on my account. Please let me know.",delivery_estimate
CONV-04645,Please advise: Can you show me the latest tracking update for my shipment? I’m trying to sort this out before the end of the day. I'd appreciate your help.,delivery_tracking
CONV-04646,Just checking — Can I change the shipping address for ORD-103675? I placed the order earlier today. I’d like to resolve this today.,address_change
CONV-04647,Quick question: I want to return ORD-100830. How do I start? I placed the order earlier today. I'd appreciate your help.,return_request
CONV-04648,Please advise: Would you mind checking the latest status of ORD-100119? I placed the order earlier today. Thanks.,order_status
CONV-04649,I wanted to check whether I want to track the package that was just dispatched. Can you check?,delivery_tracking
CONV-04650,"Hello, Does this product come with the accessories shown? I haven't changed anything on my account. Can you check?",product_information
CONV-04651,Please advise: When should ORD-100635 arrive? I’m trying to sort this out before the end of the day. I'd appreciate your help.,delivery_estimate
CONV-04652,"Hello, My discount code isn't working. Please let me know.",promo_code
CONV-04653,Just checking — The discount isn't being applied even though I entered the code. I’m trying to sort this out before the end of the day. I’d like to resolve this today.,promo_code
CONV-04654,"Hello, I don't recognize the amount billed for my membership. Please let me know.",subscription_billing
CONV-04655,I’m contacting support because Could you explain the return process for this purchase? I haven't changed anything on my account. Please let me know.,return_request
CONV-04656,"Hi, Could you explain the return process for this purchase? I noticed this while reviewing my recent activity. Any guidance would be helpful.",return_request
CONV-04657,"Hello, Would you mind checking the latest status of ORD-100004? I haven't changed anything on my account. Can you check?",order_status
CONV-04658,Could you help me? Can you send me through the password recovery process? I noticed this while reviewing my recent activity. Thanks.,password_reset
CONV-04659,I need some help. I can't recall my password and need to change it. I haven't changed anything on my account.,password_reset
CONV-04660,One product from my order is missing. Please let me know.,missing_item
CONV-04661,"Hello, My package contains a different product. I haven't changed anything on my account.",wrong_item
CONV-04662,Please advise: Could you help me end my recurring plan? I placed the order earlier today. I’d like to resolve this today.,subscription_cancel
CONV-04663,"Hi, I see two charges for the same purchase. I placed the order earlier today. I’d like to resolve this today.",duplicate_charge
CONV-04664,"I wanted to check whether The item was returned, but I haven't received the refund.",refund_status
CONV-04665,I’m contacting support because I think someone may have accessed my account. I haven't changed anything on my account. Please let me know.,account_security
CONV-04666,I need some help. I’m planning around the delivery. When is it expected?,delivery_estimate
CONV-04667,"Hello, Could you help me end my recurring plan? I haven't changed anything on my account. Can you check?",subscription_cancel
CONV-04668,"Hello, I entered the wrong delivery address. Can it be corrected? Please let me know.",address_change
CONV-04669,I need some help. Can you explain the latest recurring charge? I haven't changed anything on my account. Thank you.,subscription_billing
CONV-04670,"Hello, What steps do I need to follow to return this product? I haven't changed anything on my account. Can you check?",return_request
CONV-04671,Quick question: Please stop ORD-101982 before it is dispatched. I noticed this while reviewing my recent activity. I’d like to resolve this today.,order_cancellation
CONV-04672,Quick question: I keep getting rejected when I try to sign in. I’m trying to sort this out before the end of the day. I'd appreciate your help.,account_access
CONV-04673,"Hello, I'm still waiting for the money from my return. Can you check? Thank you.",refund_status
CONV-04674,I’m contacting support because Could you explain the return process for this purchase? This is my first time dealing with this issue. Thank you.,return_request
CONV-04675,"Quick question: The box arrived, but cable wasn't inside. I placed the order earlier today. Thanks.",missing_item
CONV-04676,"Hello, My discount code isn't working. Can you check?",promo_code
CONV-04677,I’m contacting support because How can I prevent the plan from renewing? I haven't changed anything on my account. Thank you.,subscription_cancel
CONV-04678,Quick question: The delivered item doesn't match my order. I’m trying to sort this out before the end of the day. I'd appreciate your help.,wrong_item
CONV-04679,"Hi, Why was my subscription charged this month? I noticed this while reviewing my recent activity. Any guidance would be helpful.",duplicate_charge
CONV-04680,Just checking — Can you explain the latest recurring charge? I’m trying to sort this out before the end of the day. Any guidance would be helpful.,subscription_billing
CONV-04681,"Hi, I can't sign in to my account. I noticed this while reviewing my recent activity. I'd appreciate your help.",account_access
CONV-04682,I need some help. I’m planning around the delivery. When is it expected? I haven't changed anything on my account. Please let me know.,delivery_estimate
CONV-04683,I need some help. The item I received isn't the one I ordered. I haven't changed anything on my account. Can you check?,wrong_item
CONV-04684,I no longer want this order. Is cancellation still possible? Can you check?,order_cancellation
CONV-04685,Quick question: Can you give me an ETA for this shipment? I placed the order earlier today. Any guidance would be helpful.,delivery_estimate
CONV-04686,Just checking — The login page won't let me access my account. I noticed this while reviewing my recent activity. I'd appreciate your help.,account_access
CONV-04687,Why is the coupon being rejected at checkout? This is my first time dealing with this issue. Thank you.,promo_code
CONV-04688,Please advise: I forgot my password. How can I reset it? I’m trying to sort this out before the end of the day. Any guidance would be helpful.,password_reset
CONV-04689,Could you help me? Please help me arrange a return. I’m trying to sort this out before the end of the day. Thanks.,return_request
CONV-04690,Please advise: I don't recognize the amount billed for my membership. I placed the order earlier today. I’d like to resolve this today.,subscription_billing
CONV-04691,"Hello, I can't finish the purchase because the payment isn't accepted. I haven't changed anything on my account. Thank you.",payment_failure
CONV-04692,"Hi, My multi-item order is incomplete. I noticed this while reviewing my recent activity. Any guidance would be helpful.",missing_item
CONV-04693,"Hello, Would you mind checking the latest status of ORD-100154? I haven't changed anything on my account. Thank you.",order_status
CONV-04694,Just checking — I can't recall my password and need to change it. I noticed this while reviewing my recent activity. I'd appreciate your help.,password_reset
CONV-04695,I need some help. It looks like I was billed twice for ORD-101686. Can you check?,duplicate_charge
CONV-04696,I need some help. The login page won't let me access my account. This is my first time dealing with this issue. Can you check?,account_access
CONV-04697,I’m contacting support because Could you tell me the current location or transit stage of my parcel? Can you check?,delivery_tracking
CONV-04698,I need some help. I don't want the subscription to continue after this billing period. This is my first time dealing with this issue. Thank you.,subscription_cancel
CONV-04699,Just checking — Part of ORD-102733 was not included in the delivery. I’m trying to sort this out before the end of the day. Thanks.,missing_item
CONV-04700,"Hello, Can you cancel ORD-101895 for me? Thank you.",order_cancellation
CONV-04701,Just checking — I’m planning around the delivery. When is it expected? I’m trying to sort this out before the end of the day. Any guidance would be helpful.,delivery_estimate
CONV-04702,Could you help me? I no longer want this order. Is cancellation still possible? I placed the order earlier today. Any guidance would be helpful.,order_cancellation
CONV-04703,Quick question: The item arrived damaged. What should I do? I noticed this while reviewing my recent activity. I’d like to resolve this today.,damaged_item
CONV-04704,"Hi, Can you see what stage ORD-100127 is at right now? I’m trying to sort this out before the end of the day. Thanks.",order_status
CONV-04705,Could you help me? Something about my account activity looks suspicious. I placed the order earlier today. Any guidance would be helpful.,account_security
CONV-04706,I need some help. There are changes in my profile that I didn't make. I haven't changed anything on my account.,account_security
CONV-04707,Please advise: Can you show me the latest tracking update for my shipment? I’m trying to sort this out before the end of the day. I’d like to resolve this today.,delivery_tracking
CONV-04708,I’m contacting support because I can't sign in to my account. I haven't changed anything on my account. Please let me know.,account_access
CONV-04709,Quick question: I want to return ORD-100980. How do I start? I placed the order earlier today. Any guidance would be helpful.,return_request
CONV-04710,Just checking — The item I received isn't the one I ordered. I placed the order earlier today. I’d like to resolve this today.,wrong_item
CONV-04711,I’m checking on ORD-100190. Could you tell me its current status? I haven't changed anything on my account. Please let me know.,order_status
CONV-04712,"Hi, When should the refund appear in my account? I noticed this while reviewing my recent activity. Thanks.",refund_status
CONV-04713,Just checking — I’m planning around the delivery. When is it expected? I placed the order earlier today. I'd appreciate your help.,delivery_estimate
CONV-04714,Just checking — Where is ORD-104780 right now? I placed the order earlier today. Any guidance would be helpful.,delivery_tracking
CONV-04715,What is the estimated delivery date for my package? This is my first time dealing with this issue.,delivery_estimate
CONV-04716,Could you help me? Why is the coupon being rejected at checkout? I noticed this while reviewing my recent activity. I’d like to resolve this today.,promo_code
CONV-04717,I need some help. The delivery date for ORD-100301 has passed and I'm still waiting. This is my first time dealing with this issue. Thank you.,delivery_delay
CONV-04718,Quick question: I noticed a login I don't recognize. I’m trying to sort this out before the end of the day. I'd appreciate your help.,account_security
CONV-04719,Just checking — Where is ORD-104820 right now? I noticed this while reviewing my recent activity. Any guidance would be helpful.,delivery_tracking
CONV-04720,I need some help. Has the refund for ORD-101060 been issued yet? This is my first time dealing with this issue.,refund_status
CONV-04721,Could you help me? One product from my order is missing. I’m trying to sort this out before the end of the day. Thanks.,missing_item
CONV-04722,"Hi, Could you tell me the current location or transit stage of my parcel? I noticed this while reviewing my recent activity. I’d like to resolve this today.",delivery_tracking
CONV-04723,"Hi, When should the refund appear in my account? I placed the order earlier today. I’d like to resolve this today.",refund_status
CONV-04724,"Hello, I received the package, but one of the products is absent. This is my first time dealing with this issue. Please let me know.",missing_item
CONV-04725,Quick question: The item arrived damaged. What should I do? I placed the order earlier today. I'd appreciate your help.,damaged_item
CONV-04726,"Quick question: The item was returned, but I haven't received the refund. I placed the order earlier today. Thanks.",refund_status
CONV-04727,I wanted to check whether Do you have an update on ORD-100016? I want to know where it stands. I haven't changed anything on my account.,order_status
CONV-04728,"Hello, I forgot my password. How can I reset it? Can you check?",password_reset
CONV-04729,I need some help. What exactly is included with this item? I haven't changed anything on my account. Can you check?,product_information
CONV-04730,I wanted to check whether I want to return ORD-100815. How do I start? This is my first time dealing with this issue. Please let me know.,return_request
CONV-04731,Quick question: I need to create a new password because I can't remember mine. I’m trying to sort this out before the end of the day. Thanks.,password_reset
CONV-04732,"Hi, Could you tell me the current location or transit stage of my parcel? I noticed this while reviewing my recent activity. Thanks.",delivery_tracking
CONV-04733,Please help me arrange a return. This is my first time dealing with this issue. Please let me know.,return_request
CONV-04734,Could you help me? I’m checking on ORD-100225. Could you tell me its current status? I noticed this while reviewing my recent activity. I’d like to resolve this today.,order_status
CONV-04735,Could you help me? Something about my account activity looks suspicious. I’m trying to sort this out before the end of the day. Any guidance would be helpful.,account_access
CONV-04736,I need some help. The item I received isn't the one I ordered. I haven't changed anything on my account. Thank you.,wrong_item
CONV-04737,I wanted to check whether Can you give me an ETA for this shipment? Can you check?,delivery_estimate
CONV-04738,"Hi, I think someone may have accessed my account. I placed the order earlier today. I'd appreciate your help.",account_security
CONV-04739,Could you help me? The same purchase appears twice on my card statement. I’m trying to sort this out before the end of the day. Any guidance would be helpful.,duplicate_charge
CONV-04740,Just checking — Has the refund for ORD-101045 been issued yet? I placed the order earlier today. I’d like to resolve this today.,refund_status
CONV-04741,"Hi, I think someone may have accessed my account. I noticed this while reviewing my recent activity. Thanks.",account_security
CONV-04742,Quick question: Can you tell me more about this product's features? I placed the order earlier today. Thanks.,product_information
CONV-04743,Could you help me? Please help me arrange a return. I noticed this while reviewing my recent activity. I’d like to resolve this today.,return_request
CONV-04744,I need some help. Where is ORD-104985 right now?,delivery_tracking
CONV-04745,Could you help me? One product from my order is missing. I noticed this while reviewing my recent activity. I’d like to resolve this today.,missing_item
CONV-04746,I wanted to check whether I want to track the package that was just dispatched. This is my first time dealing with this issue. Please let me know.,delivery_tracking
CONV-04747,Quick question: Can you tell me more about this product's features? I’m trying to sort this out before the end of the day. I’d like to resolve this today.,product_information
CONV-04748,I wanted to check whether I want to track the package that was just dispatched. Please let me know.,delivery_tracking
CONV-04749,"I wanted to check whether The item was returned, but I haven't received the refund. I haven't changed anything on my account. Please let me know.",refund_status
CONV-04750,Please advise: Why are there duplicate transactions for one order? I noticed this while reviewing my recent activity. I'd appreciate your help.,duplicate_charge
CONV-04751,I’m contacting support because How can I prevent the plan from renewing? Please let me know.,subscription_cancel
CONV-04752,Could you help me? My payment is being declined at checkout. I noticed this while reviewing my recent activity. I'd appreciate your help.,payment_failure
CONV-04753,"Hello, Can you show me the latest tracking update for my shipment? This is my first time dealing with this issue. Thank you.",delivery_tracking
CONV-04754,I’m checking on ORD-100160. Could you tell me its current status? I haven't changed anything on my account.,order_status
CONV-04755,Please advise: I don't recognize the amount billed for my membership. I noticed this while reviewing my recent activity. Any guidance would be helpful.,subscription_billing
CONV-04756,"Hi, Could you explain the return process for this purchase? I placed the order earlier today. Any guidance would be helpful.",return_request
CONV-04757,I wanted to check whether Please stop my recurring membership. This is my first time dealing with this issue. Thank you.,subscription_cancel
CONV-04758,I need some help. I can't recall my password and need to change it. Please let me know.,password_reset
CONV-04759,I wanted to check whether I keep getting rejected when I try to sign in. Can you check?,account_access
CONV-04760,I’m contacting support because How can I prevent the plan from renewing? Can you check?,subscription_cancel
CONV-04761,I’m contacting support because Where should I enter my promo code? I haven't changed anything on my account. Please let me know.,promo_code
CONV-04762,I need some help. The login page won't let me access my account. This is my first time dealing with this issue.,account_access
CONV-04763,I wanted to check whether The item arrived damaged. What should I do?,damaged_item
CONV-04764,I need some help. I placed ORD-100098 recently. What is happening with it? This is my first time dealing with this issue. Thank you.,order_status
CONV-04765,"Hi, My multi-item order is incomplete. I placed the order earlier today. Thanks.",missing_item
CONV-04766,"Hi, Where can I request a password reset? I noticed this while reviewing my recent activity. Any guidance would be helpful.",password_reset
CONV-04767,"I expected this shipment already, but it hasn't turned up. This is my first time dealing with this issue. Thank you.",delivery_delay
CONV-04768,I need some help. I don't want the subscription to continue after this billing period. This is my first time dealing with this issue. Please let me know.,subscription_cancel
CONV-04769,Quick question: I have a question about the charge on my recurring plan. I noticed this while reviewing my recent activity. Thanks.,subscription_billing
CONV-04770,My payment is being declined at checkout. I haven't changed anything on my account. Please let me know.,payment_failure
CONV-04771,The same purchase appears twice on my card statement. I haven't changed anything on my account. Please let me know.,duplicate_charge
CONV-04772,I need some help. What exactly is included with this item? This is my first time dealing with this issue. Can you check?,product_information
CONV-04773,Please advise: Does this product come with the accessories shown? I’m trying to sort this out before the end of the day. I'd appreciate your help.,product_information
CONV-04774,I wanted to check whether Please stop my recurring membership. I haven't changed anything on my account. Thank you.,subscription_cancel
CONV-04775,I need some help. It looks like I was billed twice for ORD-101696. I haven't changed anything on my account. Please let me know.,duplicate_charge
CONV-04776,Could you help me? Can you send me through the password recovery process? I placed the order earlier today. Any guidance would be helpful.,password_reset
CONV-04777,I need some help. The discount isn't being applied even though I entered the code. I haven't changed anything on my account.,promo_code
CONV-04778,I’m contacting support because When should the refund appear in my account? Please let me know.,refund_status
CONV-04779,I need some help. The item I received isn't the one I ordered. This is my first time dealing with this issue. Can you check?,wrong_item
CONV-04780,"Hello, Why are there duplicate transactions for one order? This is my first time dealing with this issue.",duplicate_charge
CONV-04781,"Hello, I forgot my password. How can I reset it? This is my first time dealing with this issue. Please let me know.",password_reset
CONV-04782,I’m contacting support because I opened the package and found the product broken.,damaged_item
CONV-04783,I’m contacting support because Why was my subscription charged this month? This is my first time dealing with this issue. Thank you.,subscription_billing
CONV-04784,I’m contacting support because Where can I request a password reset?,password_reset
CONV-04785,"Hello, Does this product come with the accessories shown? Please let me know.",product_information
CONV-04786,Quick question: I need to redirect this package to another address. I placed the order earlier today. I’d like to resolve this today.,address_change
CONV-04787,"Could you help me? My delivery arrived, but the item inside is damaged. I placed the order earlier today. I’d like to resolve this today.",damaged_item
CONV-04788,Quick question: I need to redirect this package to another address. I noticed this while reviewing my recent activity. I’d like to resolve this today.,address_change
CONV-04789,Has the courier scanned ORD-104927 yet? This is my first time dealing with this issue. Please let me know.,delivery_tracking
CONV-04790,"Hi, Roughly how long will delivery take? I’m trying to sort this out before the end of the day. I’d like to resolve this today.",delivery_estimate
CONV-04791,Please advise: My parcel is 1 days late. Can you investigate? I placed the order earlier today. Any guidance would be helpful.,delivery_delay
CONV-04792,Something about my account activity looks suspicious. I haven't changed anything on my account. Thank you.,account_security
CONV-04793,Just checking — Can you explain the latest recurring charge? I noticed this while reviewing my recent activity. I'd appreciate your help.,subscription_billing
CONV-04794,Quick question: Please stop ORD-101802 before it is dispatched. I noticed this while reviewing my recent activity. I'd appreciate your help.,order_cancellation
CONV-04795,I’m contacting support because I need the specifications before I decide whether to buy it. This is my first time dealing with this issue. Thank you.,product_information
CONV-04796,Could you help me? Has the courier scanned ORD-104992 yet? I’m trying to sort this out before the end of the day. Thanks.,delivery_tracking
CONV-04797,I need some help. The item I received isn't the one I ordered. Please let me know.,wrong_item
CONV-04798,I need some help. Can you help me cancel my recent order? I haven't changed anything on my account. Thank you.,order_cancellation
CONV-04799,Just checking — The login page won't let me access my account. I placed the order earlier today. Thanks.,account_access
CONV-04800,"Could you help me? I expected this shipment already, but it hasn't turned up. I noticed this while reviewing my recent activity. I'd appreciate your help.",delivery_delay
CONV-04801,I’m contacting support because I'd like to withdraw this purchase if it hasn't shipped. This is my first time dealing with this issue. Please let me know.,order_cancellation
CONV-04802,I wanted to check whether I think I was charged more than once for a single checkout. Can you check?,duplicate_charge
CONV-04803,I need some help. The login page won't let me access my account. Please let me know.,account_access
CONV-04804,Just checking — I can't recall my password and need to change it. I noticed this while reviewing my recent activity. Thanks.,password_reset
CONV-04805,I wanted to check whether Do you have an update on ORD-100146? I want to know where it stands. This is my first time dealing with this issue. Thank you.,order_status
CONV-04806,Could you help me? I no longer want this order. Is cancellation still possible? I’m trying to sort this out before the end of the day. I'd appreciate your help.,order_cancellation
CONV-04807,"Hello, I can't finish the purchase because the payment isn't accepted. Thank you.",payment_failure
CONV-04808,I need some help. The login page won't let me access my account. This is my first time dealing with this issue. Thank you.,account_access
CONV-04809,Just checking — I’m planning around the delivery. When is it expected? I’m trying to sort this out before the end of the day. I'd appreciate your help.,delivery_estimate
CONV-04810,Just checking — Can you help me cancel my recent order? I’m trying to sort this out before the end of the day. I'd appreciate your help.,order_cancellation
CONV-04811,"Quick question: The box arrived, but headphones wasn't inside. I’m trying to sort this out before the end of the day. I’d like to resolve this today.",missing_item
CONV-04812,I need some help. There are changes in my profile that I didn't make. This is my first time dealing with this issue. Please let me know.,account_security
CONV-04813,Quick question: The promotional code says it is invalid. I noticed this while reviewing my recent activity. Thanks.,promo_code
CONV-04814,Could you help me? Could you tell me the current status of my refund? I placed the order earlier today. Thanks.,refund_status
CONV-04815,Just checking — There are changes in my profile that I didn't make. I noticed this while reviewing my recent activity. I’d like to resolve this today.,account_security
CONV-04816,I’m contacting support because Roughly how long will delivery take? I haven't changed anything on my account. Thank you.,delivery_estimate
CONV-04817,Please update the destination before the order ships. This is my first time dealing with this issue. Can you check?,address_change
CONV-04818,Please advise: Can you cancel ORD-101930 for me? I placed the order earlier today. I'd appreciate your help.,order_cancellation
CONV-04819,"Hi, Can you see what stage ORD-100197 is at right now? I placed the order earlier today. I'd appreciate your help.",order_status
CONV-04820,I need some help. The login page won't let me access my account. This is my first time dealing with this issue. Thank you.,account_access
CONV-04821,I was sent the wrong model. This is my first time dealing with this issue. Can you check?,wrong_item
CONV-04822,I need some help. The discount isn't being applied even though I entered the code. This is my first time dealing with this issue. Thank you.,promo_code
CONV-04823,"Hi, Could you explain the return process for this purchase? I’m trying to sort this out before the end of the day. I'd appreciate your help.",return_request
CONV-04824,Could you help me? Why is the coupon being rejected at checkout? I’m trying to sort this out before the end of the day. I'd appreciate your help.,promo_code
CONV-04825,My subscription payment was higher than I expected. I haven't changed anything on my account. Thank you.,subscription_billing
CONV-04826,I wanted to check whether I noticed a login I don't recognize. I haven't changed anything on my account.,account_security
CONV-04827,I’m contacting support because Can you see what stage ORD-100202 is at right now? I haven't changed anything on my account. Thank you.,order_status
CONV-04828,I need some help. Can I change the shipping address for ORD-103510? This is my first time dealing with this issue. Can you check?,address_change
CONV-04829,Could you help me? The same purchase appears twice on my card statement. I placed the order earlier today. Any guidance would be helpful.,duplicate_charge
CONV-04830,"Hello, I'm locked out of my account and need access. I haven't changed anything on my account.",account_access
CONV-04831,Please advise: Why are there duplicate transactions for one order? I noticed this while reviewing my recent activity. I’d like to resolve this today.,duplicate_charge
CONV-04832,Could you help me? Something about my account activity looks suspicious. I’m trying to sort this out before the end of the day. Any guidance would be helpful.,account_security
CONV-04833,Could you help me? Please help me arrange a return. I placed the order earlier today. I'd appreciate your help.,return_request
CONV-04834,Just checking — What exactly is included with this item? I noticed this while reviewing my recent activity. Any guidance would be helpful.,product_information
CONV-04835,Please advise: I don't recognize the amount billed for my membership. I noticed this while reviewing my recent activity. I’d like to resolve this today.,subscription_billing
CONV-04836,I wanted to check whether The item arrived damaged. What should I do? This is my first time dealing with this issue.,damaged_item
CONV-04837,I’m contacting support because Roughly how long will delivery take? I haven't changed anything on my account. Can you check?,delivery_estimate
CONV-04838,Has the courier scanned ORD-104947 yet? I haven't changed anything on my account. Thank you.,delivery_tracking
CONV-04839,I wanted to check whether I keep getting rejected when I try to sign in. I haven't changed anything on my account. Please let me know.,account_access
CONV-04840,"Hello, I entered the wrong delivery address. Can it be corrected? This is my first time dealing with this issue. Please let me know.",address_change
CONV-04841,I need some help. It looks like I was billed twice for ORD-101636. I haven't changed anything on my account. Thank you.,duplicate_charge
CONV-04842,I need some help. There are changes in my profile that I didn't make. This is my first time dealing with this issue. Thank you.,account_security
CONV-04843,Please advise: I entered the wrong delivery address. Can it be corrected? I’m trying to sort this out before the end of the day. Any guidance would be helpful.,address_change
CONV-04844,"I wanted to check whether I have tried several times, but the transaction won't go through. Can you check?",payment_failure
CONV-04845,Could you help me? Could you explain the available options for this product? I noticed this while reviewing my recent activity. I'd appreciate your help.,product_information
CONV-04846,I’m contacting support because I'd like to withdraw this purchase if it hasn't shipped.,order_cancellation
CONV-04847,I need some help. I don't want the subscription to continue after this billing period. I haven't changed anything on my account. Please let me know.,subscription_cancel
CONV-04848,Could you help me? Something about my account activity looks suspicious. I placed the order earlier today. I’d like to resolve this today.,account_security
CONV-04849,Could you help me? Has the courier scanned ORD-104912 yet? I placed the order earlier today. Thanks.,delivery_tracking
CONV-04850,Quick question: I need to redirect this package to another address. I’m trying to sort this out before the end of the day. I'd appreciate your help.,address_change
CONV-04851,I wanted to check whether I noticed a login I don't recognize. This is my first time dealing with this issue. Please let me know.,account_security
CONV-04852,"Hi, I'd like to withdraw this purchase if it hasn't shipped. I’m trying to sort this out before the end of the day. I’d like to resolve this today.",order_cancellation
CONV-04853,"Hi, Roughly how long will delivery take? I placed the order earlier today. I’d like to resolve this today.",delivery_estimate
CONV-04854,I’m contacting support because Could you tell me the current location or transit stage of my parcel? I haven't changed anything on my account. Thank you.,delivery_tracking
CONV-04855,I wanted to check whether I need to redirect this package to another address. Thank you.,address_change
CONV-04856,I’m contacting support because Where should I enter my promo code? This is my first time dealing with this issue. Thank you.,promo_code
CONV-04857,Could you explain the available options for this product? I haven't changed anything on my account. Thank you.,product_information
CONV-04858,Just checking — I’m planning around the delivery. When is it expected? I noticed this while reviewing my recent activity. Thanks.,delivery_estimate
CONV-04859,"Hi, Checkout keeps rejecting my payment. I noticed this while reviewing my recent activity. Any guidance would be helpful.",payment_failure
CONV-04860,Could you help me? One product from my order is missing. I noticed this while reviewing my recent activity. I'd appreciate your help.,missing_item
CONV-04861,Quick question: I have a question about the charge on my recurring plan. I’m trying to sort this out before the end of the day. I'd appreciate your help.,subscription_billing
CONV-04862,"Quick question: I have tried several times, but the transaction won't go through. I noticed this while reviewing my recent activity. Any guidance would be helpful.",payment_failure
CONV-04863,Just checking — There is visible damage on the item I received. I’m trying to sort this out before the end of the day. I'd appreciate your help.,damaged_item
CONV-04864,Just checking — There are changes in my profile that I didn't make. I noticed this while reviewing my recent activity. Thanks.,account_security
CONV-04865,"Hello, The product has a crack that wasn't shown in the listing. Please let me know.",damaged_item
CONV-04866,Quick question: I think I was charged more than once for a single checkout. I placed the order earlier today. Thanks.,duplicate_charge
CONV-04867,Could you help me? The same purchase appears twice on my card statement. I’m trying to sort this out before the end of the day. I'd appreciate your help.,duplicate_charge
CONV-04868,"Hi, Could you tell me the current location or transit stage of my parcel? I noticed this while reviewing my recent activity. I'd appreciate your help.",delivery_tracking
CONV-04869,I wanted to check whether I want to track the package that was just dispatched. I haven't changed anything on my account.,delivery_tracking
CONV-04870,Could you help me? Please update the destination before the order ships. I placed the order earlier today. I’d like to resolve this today.,address_change
CONV-04871,Just checking — Part of ORD-102693 was not included in the delivery. I noticed this while reviewing my recent activity. Thanks.,missing_item
CONV-04872,"Hello, I forgot my password. How can I reset it?",password_reset
CONV-04873,Please advise: Why are there duplicate transactions for one order? I’m trying to sort this out before the end of the day. Any guidance would be helpful.,duplicate_charge
CONV-04874,"Please advise: I received the package, but one of the products is absent. I noticed this while reviewing my recent activity. Any guidance would be helpful.",missing_item
CONV-04875,Could you help me? One product from my order is missing. I’m trying to sort this out before the end of the day. Any guidance would be helpful.,missing_item
CONV-04876,Quick question: I need to create a new password because I can't remember mine. I’m trying to sort this out before the end of the day. I’d like to resolve this today.,password_reset
CONV-04877,Could you help me? Something about my account activity looks suspicious. I noticed this while reviewing my recent activity. Any guidance would be helpful.,account_security
CONV-04878,"Hello, Why are there duplicate transactions for one order?",duplicate_charge
CONV-04879,"Hi, When should the refund appear in my account? I’m trying to sort this out before the end of the day. Thanks.",refund_status
CONV-04880,I’m contacting support because I need the specifications before I decide whether to buy it. I haven't changed anything on my account. Please let me know.,product_information
CONV-04881,I wanted to check whether I need to create a new password because I can't remember mine. This is my first time dealing with this issue. Please let me know.,password_reset
CONV-04882,The same purchase appears twice on my card statement. I haven't changed anything on my account. Can you check?,duplicate_charge
CONV-04883,I wanted to check whether Please stop ORD-101757 before it is dispatched.,order_cancellation
CONV-04884,Just checking — Can you explain the latest recurring charge? I’m trying to sort this out before the end of the day. Thanks.,subscription_billing
CONV-04885,"Hi, Roughly how long will delivery take? I’m trying to sort this out before the end of the day. I'd appreciate your help.",delivery_estimate
CONV-04886,"Hi, I can't sign in to my account. I placed the order earlier today. I'd appreciate your help.",account_access
CONV-04887,"Hello, What steps do I need to follow to return this product? This is my first time dealing with this issue. Please let me know.",return_request
CONV-04888,Please advise: I can't finish the purchase because the payment isn't accepted. I’m trying to sort this out before the end of the day. I'd appreciate your help.,payment_failure
CONV-04889,I wanted to check whether Do you have an update on ORD-100206? I want to know where it stands. This is my first time dealing with this issue. Please let me know.,order_status
CONV-04890,"Hi, Where should I enter my promo code? I placed the order earlier today. I'd appreciate your help.",promo_code
CONV-04891,Quick question: I want to return ORD-100870. How do I start? I noticed this while reviewing my recent activity. I'd appreciate your help.,return_request
CONV-04892,I’m contacting support because Where should I enter my promo code? I haven't changed anything on my account. Thank you.,promo_code
CONV-04893,I wanted to check whether Can you give me an ETA for this shipment?,delivery_estimate
CONV-04894,"I wanted to check whether The item was returned, but I haven't received the refund.",refund_status
CONV-04895,Could you help me? I want to cancel my subscription. I noticed this while reviewing my recent activity. Any guidance would be helpful.,subscription_cancel
CONV-04896,One product from my order is missing. Can you check?,missing_item
CONV-04897,I’m contacting support because I see two charges for the same purchase. I haven't changed anything on my account.,duplicate_charge
CONV-04898,My account suddenly won't let me log in. Can you check?,account_access
CONV-04899,"Quick question: The box arrived, but notebook wasn't inside. I placed the order earlier today. I'd appreciate your help.",missing_item
CONV-04900,Could you help me? Please help me arrange a return. I noticed this while reviewing my recent activity. Any guidance would be helpful.,return_request
CONV-04901,Just checking — Can I change the shipping address for ORD-103645? I placed the order earlier today. Any guidance would be helpful.,address_change
CONV-04902,"Hi, Something different was packed instead of what I purchased. I noticed this while reviewing my recent activity. Any guidance would be helpful.",wrong_item
CONV-04903,"Hello, Does this product come with the accessories shown? This is my first time dealing with this issue.",product_information
CONV-04904,I need some help. I can't recall my password and need to change it. This is my first time dealing with this issue. Can you check?,password_reset
CONV-04905,I need some help. Where is ORD-104875 right now? I haven't changed anything on my account. Thank you.,delivery_tracking
CONV-04906,I’m checking on ORD-100200. Could you tell me its current status? This is my first time dealing with this issue.,order_status
CONV-04907,Just checking — I can't recall my password and need to change it. I noticed this while reviewing my recent activity. Thanks.,password_reset
CONV-04908,Quick question: The delivered item doesn't match my order. I’m trying to sort this out before the end of the day. Any guidance would be helpful.,wrong_item
CONV-04909,Please advise: I entered the wrong delivery address. Can it be corrected? I placed the order earlier today. Thanks.,address_change
CONV-04910,Just checking — The discount isn't being applied even though I entered the code. I noticed this while reviewing my recent activity. Thanks.,promo_code
CONV-04911,Could you explain the available options for this product? This is my first time dealing with this issue. Can you check?,product_information
CONV-04912,I need some help. The delivery date for ORD-100391 has passed and I'm still waiting. This is my first time dealing with this issue. Can you check?,delivery_delay
CONV-04913,My payment is being declined at checkout.,payment_failure
CONV-04914,Could you help me? One product from my order is missing. I placed the order earlier today. I’d like to resolve this today.,missing_item
CONV-04915,Just checking — There is visible damage on the item I received. I’m trying to sort this out before the end of the day. Any guidance would be helpful.,damaged_item
CONV-04916,I need some help. Part of ORD-102568 was not included in the delivery. I haven't changed anything on my account. Thank you.,missing_item
CONV-04917,"Hello, Would you mind checking the latest status of ORD-100064? I haven't changed anything on my account.",order_status
CONV-04918,Please advise: Could you help me end my recurring plan? I placed the order earlier today. Thanks.,subscription_cancel
CONV-04919,I need some help. There is visible damage on the item I received. Please let me know.,damaged_item
CONV-04920,Please advise: My parcel is 3 days late. Can you investigate? I’m trying to sort this out before the end of the day. I’d like to resolve this today.,delivery_delay
CONV-04921,I wanted to check whether The promised delivery window is over for ORD-100379. This is my first time dealing with this issue.,delivery_delay
CONV-04922,I’m contacting support because Could you tell me the current location or transit stage of my parcel? Thank you.,delivery_tracking
CONV-04923,I need some help. I don't want the subscription to continue after this billing period. Can you check?,subscription_cancel
CONV-04924,Has the courier scanned ORD-104887 yet? I haven't changed anything on my account. Please let me know.,delivery_tracking
CONV-04925,"Hello, I'm still waiting for the money from my return. Can you check?",refund_status
CONV-04926,Please advise: What steps do I need to follow to return this product? I placed the order earlier today. I'd appreciate your help.,return_request
CONV-04927,"Hello, My parcel is 4 days late. Can you investigate? This is my first time dealing with this issue. Please let me know.",delivery_delay
CONV-04928,"Hello, I'm still waiting for the money from my return. Can you check? Can you check?",refund_status
CONV-04929,My payment is being declined at checkout. This is my first time dealing with this issue. Can you check?,payment_failure
CONV-04930,Just checking — I don't want the subscription to continue after this billing period. I noticed this while reviewing my recent activity. I’d like to resolve this today.,subscription_cancel
CONV-04931,"Hi, I need the specifications before I decide whether to buy it. I noticed this while reviewing my recent activity. I’d like to resolve this today.",promo_code
CONV-04932,Just checking — There are changes in my profile that I didn't make. I’m trying to sort this out before the end of the day. Thanks.,account_security
CONV-04933,"Hello, Can you show me the latest tracking update for my shipment? I haven't changed anything on my account. Please let me know.",delivery_tracking
CONV-04934,I wanted to check whether I want to return ORD-100995. How do I start? This is my first time dealing with this issue. Thank you.,return_request
CONV-04935,I no longer want this order. Is cancellation still possible? This is my first time dealing with this issue.,order_cancellation
CONV-04936,I wanted to check whether The promotional code says it is invalid. Please let me know.,promo_code
CONV-04937,Quick question: Do you have an update on ORD-100161? I want to know where it stands. I placed the order earlier today. I’d like to resolve this today.,order_status
CONV-04938,Quick question: I want to track the package that was just dispatched. I placed the order earlier today. I'd appreciate your help.,delivery_tracking
CONV-04939,I’m contacting support because I see two charges for the same purchase. Thank you.,duplicate_charge
CONV-04940,I need some help. I don't want the subscription to continue after this billing period. Please let me know.,subscription_cancel
CONV-04941,Just checking — Part of ORD-102613 was not included in the delivery. I’m trying to sort this out before the end of the day. Thanks.,missing_item
CONV-04942,I’m contacting support because I think someone may have accessed my account. Please let me know.,account_security
CONV-04943,Please advise: I'm still waiting for the money from my return. Can you check? I placed the order earlier today. I’d like to resolve this today.,refund_status
CONV-04944,"Hi, Where can I request a password reset? I’m trying to sort this out before the end of the day. I'd appreciate your help.",password_reset
CONV-04945,I need some help. I don't want the subscription to continue after this billing period. I haven't changed anything on my account. Thank you.,subscription_cancel
CONV-04946,"Hi, I see two charges for the same purchase. I’m trying to sort this out before the end of the day. Thanks.",duplicate_charge
CONV-04947,"Hello, Can you cancel ORD-101955 for me? Please let me know.",order_cancellation
CONV-04948,I wanted to check whether I need to create a new password because I can't remember mine. This is my first time dealing with this issue. Can you check?,password_reset
CONV-04949,"Hello, Would you mind checking the latest status of ORD-100034? I haven't changed anything on my account. Thank you.",order_status
CONV-04950,I wanted to check whether I have a question about the charge on my recurring plan. I haven't changed anything on my account. Please let me know.,subscription_billing
CONV-04951,I wanted to check whether I want to return ORD-100775. How do I start? I haven't changed anything on my account. Please let me know.,return_request
CONV-04952,"I wanted to check whether The box arrived, but charger wasn't inside. I haven't changed anything on my account. Please let me know.",missing_item
CONV-04953,Just checking — Why does the payment fail whenever I try to complete the order? I’m trying to sort this out before the end of the day. Thanks.,payment_failure
CONV-04954,I need some help. Why does the payment fail whenever I try to complete the order? Can you check?,payment_failure
CONV-04955,I’m contacting support because My multi-item order is incomplete. Please let me know.,missing_item
CONV-04956,Quick question: I keep getting rejected when I try to sign in. I noticed this while reviewing my recent activity. Thanks.,account_access
CONV-04957,"Hi, I opened the package and found the product broken. I noticed this while reviewing my recent activity. I’d like to resolve this today.",damaged_item
CONV-04958,Quick question: Do you have an update on ORD-100241? I want to know where it stands. I’m trying to sort this out before the end of the day. I’d like to resolve this today.,order_status
CONV-04959,"Hi, I opened the package and found the product broken. I placed the order earlier today. I'd appreciate your help.",damaged_item
CONV-04960,I wanted to check whether The delivered item doesn't match my order. This is my first time dealing with this issue.,wrong_item
CONV-04961,"Hello, When should ORD-100600 arrive? This is my first time dealing with this issue. Thank you.",delivery_estimate
CONV-04962,I need some help. The item I received isn't the one I ordered. This is my first time dealing with this issue.,wrong_item
CONV-04963,Could you help me? My account suddenly won't let me log in. I’m trying to sort this out before the end of the day. Thanks.,account_access
CONV-04964,What is the estimated delivery date for my package?,delivery_estimate
CONV-04965,Could you help me? I want to cancel my subscription. I placed the order earlier today. I'd appreciate your help.,subscription_cancel
CONV-04966,"Hello, I entered the wrong delivery address. Can it be corrected? Thank you.",address_change
CONV-04967,I wanted to check whether I need to create a new password because I can't remember mine. I haven't changed anything on my account. Please let me know.,password_reset
CONV-04968,The same purchase appears twice on my card statement. I haven't changed anything on my account. Please let me know.,duplicate_charge
CONV-04969,I’m contacting support because Checkout keeps rejecting my payment. Can you check?,payment_failure
CONV-04970,I need some help. Can you help me cancel my recent order? I haven't changed anything on my account. Please let me know.,order_cancellation
CONV-04971,"Hello, Does this product come with the accessories shown? This is my first time dealing with this issue. Can you check?",product_information
CONV-04972,Please advise: I forgot my password. How can I reset it? I placed the order earlier today. I’d like to resolve this today.,password_reset
CONV-04973,"Hello, I received the package, but one of the products is absent. This is my first time dealing with this issue.",missing_item
CONV-04974,Please advise: Would you mind checking the latest status of ORD-100189? I noticed this while reviewing my recent activity. I'd appreciate your help.,order_status
CONV-04975,Could you help me? I no longer want this order. Is cancellation still possible? I’m trying to sort this out before the end of the day. I’d like to resolve this today.,order_cancellation
CONV-04976,I wanted to check whether I want to return ORD-100975. How do I start? Please let me know.,return_request
CONV-04977,"Hi, My multi-item order is incomplete. I noticed this while reviewing my recent activity. I'd appreciate your help.",missing_item
CONV-04978,Just checking — There is visible damage on the item I received. I noticed this while reviewing my recent activity. Thanks.,damaged_item
CONV-04979,I need some help. Part of ORD-102558 was not included in the delivery.,missing_item
CONV-04980,Could you tell me the current status of my refund? Please let me know.,refund_status
CONV-04981,Quick question: The promised delivery window is over for ORD-100474. I’m trying to sort this out before the end of the day. Thanks.,delivery_delay
CONV-04982,Quick question: I keep getting rejected when I try to sign in. I placed the order earlier today. Thanks.,account_access
CONV-04983,I wanted to check whether I want to track the package that was just dispatched. This is my first time dealing with this issue. Thank you.,delivery_tracking
CONV-04984,Please advise: I don't recognize the amount billed for my membership. I placed the order earlier today. I'd appreciate your help.,subscription_billing
CONV-04985,I wanted to check whether I noticed a login I don't recognize. This is my first time dealing with this issue. Thank you.,account_security
CONV-04986,Quick question: Can you tell me more about this product's features? I’m trying to sort this out before the end of the day. I'd appreciate your help.,product_information
CONV-04987,I’m contacting support because When should the refund appear in my account? Can you check?,refund_status
CONV-04988,I wanted to check whether The delivered item doesn't match my order. Please let me know.,wrong_item
CONV-04989,"Hello, My package contains a different product. Can you check?",wrong_item
CONV-04990,Please help me arrange a return. I haven't changed anything on my account.,return_request
CONV-04991,"Hi, I see two charges for the same purchase. I placed the order earlier today. Any guidance would be helpful.",duplicate_charge
CONV-04992,I’m checking on ORD-100130. Could you tell me its current status? I haven't changed anything on my account. Thank you.,order_status
CONV-04993,I wanted to check whether I keep getting rejected when I try to sign in. This is my first time dealing with this issue. Please let me know.,account_access
CONV-04994,Could you help me? Can you send me through the password recovery process? I noticed this while reviewing my recent activity. Thanks.,password_reset
CONV-04995,Could you help me? Something about my account activity looks suspicious. I’m trying to sort this out before the end of the day. I'd appreciate your help.,account_security
CONV-04996,Could you help me? Why is the coupon being rejected at checkout? I noticed this while reviewing my recent activity. Thanks.,promo_code
CONV-04997,Just checking — The delivery date for ORD-100466 has passed and I'm still waiting. I placed the order earlier today. Thanks.,delivery_delay
CONV-04998,I wanted to check whether I need to create a new password because I can't remember mine. This is my first time dealing with this issue.,password_reset
CONV-04999,"Hi, How can I prevent the plan from renewing? I’m trying to sort this out before the end of the day. Thanks.",subscription_cancel
CONV-05000,Quick question: I want to return ORD-100860. How do I start? I placed the order earlier today. Any guidance would be helpful.,return_request
