conversation_id,channel,customer_message,language,synthetic
CONV-00001,email,Just checking — It looks like I was billed twice for ORD-101501. I’m trying to sort this out before the end of the day. Any guidance would be helpful.,en,True
CONV-00002,web_form,"I wanted to check whether The box arrived, but shirt wasn't inside. I haven't changed anything on my account. Can you check?",en,True
CONV-00003,email,Just checking — Part of ORD-102653 was not included in the delivery. I placed the order earlier today. Thanks.,en,True
CONV-00004,mobile_app,Just checking — Has the refund for ORD-101055 been issued yet? I noticed this while reviewing my recent activity. Any guidance would be helpful.,en,True
CONV-00005,email,Please advise: When should ORD-100705 arrive? I placed the order earlier today. Any guidance would be helpful.,en,True
CONV-00006,web_form,I wanted to check whether Do you have an update on ORD-100106? I want to know where it stands. I haven't changed anything on my account. Thank you.,en,True
CONV-00007,email,Just checking — I’m planning around the delivery. When is it expected? I noticed this while reviewing my recent activity. Thanks.,en,True
CONV-00008,web_form,Quick question: The delivered item doesn't match my order. I placed the order earlier today. I’d like to resolve this today.,en,True
CONV-00009,mobile_app,I wanted to check whether The delivered item doesn't match my order. I haven't changed anything on my account. Thank you.,en,True
CONV-00010,chat,I’m contacting support because I see two charges for the same purchase. I haven't changed anything on my account. Please let me know.,en,True
CONV-00011,web_form,"Hi, Something different was packed instead of what I purchased. I’m trying to sort this out before the end of the day. I'd appreciate your help.",en,True
CONV-00012,chat,I need some help. I placed ORD-100228 recently. What is happening with it? Can you check?,en,True
CONV-00013,email,I wanted to check whether I want to return ORD-100915. How do I start? Thank you.,en,True
CONV-00014,chat,Could you help me? Please help me arrange a return. I placed the order earlier today. I’d like to resolve this today.,en,True
CONV-00015,email,Could you help me? Can you send me through the password recovery process? I noticed this while reviewing my recent activity. I’d like to resolve this today.,en,True
CONV-00016,mobile_app,Quick question: I need to redirect this package to another address. I placed the order earlier today. I'd appreciate your help.,en,True
CONV-00017,email,"Quick question: The item was returned, but I haven't received the refund. I noticed this while reviewing my recent activity. I'd appreciate your help.",en,True
CONV-00018,email,I’m contacting support because I think someone may have accessed my account. I haven't changed anything on my account.,en,True
CONV-00019,chat,I wanted to check whether I think I was charged more than once for a single checkout. I haven't changed anything on my account. Please let me know.,en,True
CONV-00020,chat,I’m contacting support because When should the refund appear in my account? This is my first time dealing with this issue.,en,True
CONV-00021,chat,"Hi, Could you explain the return process for this purchase? I placed the order earlier today. I'd appreciate your help.",en,True
CONV-00022,email,Just checking — I can't recall my password and need to change it. I’m trying to sort this out before the end of the day. I'd appreciate your help.,en,True
CONV-00023,email,Could you help me? Could you tell me the current status of my refund? I placed the order earlier today. I’d like to resolve this today.,en,True
CONV-00024,web_form,I wanted to check whether Can you give me an ETA for this shipment? This is my first time dealing with this issue. Can you check?,en,True
CONV-00025,email,Has the courier scanned ORD-104767 yet? I haven't changed anything on my account. Please let me know.,en,True
CONV-00026,email,Could you help me? What is the estimated delivery date for my package? I placed the order earlier today. Thanks.,en,True
CONV-00027,web_form,I need some help. Can you explain the latest recurring charge? This is my first time dealing with this issue. Thank you.,en,True
CONV-00028,mobile_app,"I expected this shipment already, but it hasn't turned up. I haven't changed anything on my account. Thank you.",en,True
CONV-00029,chat,Could you explain the available options for this product? I haven't changed anything on my account. Please let me know.,en,True
CONV-00030,chat,Just checking — The delivery date for ORD-100486 has passed and I'm still waiting. I’m trying to sort this out before the end of the day. Any guidance would be helpful.,en,True
CONV-00031,chat,Quick question: Please stop ORD-101962 before it is dispatched. I’m trying to sort this out before the end of the day. I'd appreciate your help.,en,True
CONV-00032,mobile_app,"I expected this shipment already, but it hasn't turned up. I haven't changed anything on my account. Please let me know.",en,True
CONV-00033,chat,Could you help me? Has the courier scanned ORD-104842 yet? I’m trying to sort this out before the end of the day. I’d like to resolve this today.,en,True
CONV-00034,chat,Please advise: Can you show me the latest tracking update for my shipment? I’m trying to sort this out before the end of the day. I’d like to resolve this today.,en,True
CONV-00035,email,"Hello, Can you cancel ORD-101755 for me? I haven't changed anything on my account. Please let me know.",en,True
CONV-00036,mobile_app,Could you help me? One product from my order is missing. I placed the order earlier today. I'd appreciate your help.,en,True
CONV-00037,email,Just checking — Can I change the shipping address for ORD-103585? I placed the order earlier today. Thanks.,en,True
CONV-00038,email,"Hello, My discount code isn't working.",en,True
CONV-00039,chat,Please advise: Can you show me the latest tracking update for my shipment? I placed the order earlier today. I'd appreciate your help.,en,True
CONV-00040,mobile_app,"Could you help me? My delivery arrived, but the item inside is damaged. I’m trying to sort this out before the end of the day. Any guidance would be helpful.",en,True
CONV-00041,mobile_app,"Hi, How do I change the address attached to my order? I’m trying to sort this out before the end of the day. I'd appreciate your help.",en,True
CONV-00042,email,Just checking — Can you explain the latest recurring charge? I noticed this while reviewing my recent activity. I’d like to resolve this today.,en,True
CONV-00043,email,Please advise: Would you mind checking the latest status of ORD-100029? I placed the order earlier today. I'd appreciate your help.,en,True
CONV-00044,email,Could you help me? I’m checking on ORD-100065. Could you tell me its current status? I placed the order earlier today. I’d like to resolve this today.,en,True
CONV-00045,chat,Please advise: What steps do I need to follow to return this product? I’m trying to sort this out before the end of the day. I'd appreciate your help.,en,True
CONV-00046,chat,Quick question: Please stop my recurring membership. I noticed this while reviewing my recent activity. I'd appreciate your help.,en,True
CONV-00047,mobile_app,I need some help. I don't want the subscription to continue after this billing period. This is my first time dealing with this issue.,en,True
CONV-00048,mobile_app,Quick question: Can you tell me more about this product's features? I noticed this while reviewing my recent activity. I'd appreciate your help.,en,True
CONV-00049,email,Could you help me? Can you send me through the password recovery process? I placed the order earlier today. I'd appreciate your help.,en,True
CONV-00050,mobile_app,"Please advise: I received the package, but one of the products is absent. I placed the order earlier today. I'd appreciate your help.",en,True
CONV-00051,mobile_app,Quick question: Can you tell me more about this product's features? I’m trying to sort this out before the end of the day. I’d like to resolve this today.,en,True
CONV-00052,chat,"Hello, Does this product come with the accessories shown? This is my first time dealing with this issue. Please let me know.",en,True
CONV-00053,email,"Hello, My package contains a different product.",en,True
CONV-00054,chat,Just checking — The login page won't let me access my account. I’m trying to sort this out before the end of the day. I'd appreciate your help.,en,True
CONV-00055,chat,I’m contacting support because When should the refund appear in my account? This is my first time dealing with this issue. Can you check?,en,True
CONV-00056,web_form,I’m contacting support because Where can I request a password reset? Thank you.,en,True
CONV-00057,mobile_app,"Quick question: The item was returned, but I haven't received the refund. I noticed this while reviewing my recent activity. Any guidance would be helpful.",en,True
CONV-00058,chat,I need some help. I placed ORD-100168 recently. What is happening with it?,en,True
CONV-00059,web_form,I’m contacting support because I see two charges for the same purchase. This is my first time dealing with this issue. Can you check?,en,True
CONV-00060,web_form,One product from my order is missing. Can you check?,en,True
CONV-00061,mobile_app,I was sent the wrong model. I haven't changed anything on my account. Please let me know.,en,True
CONV-00062,email,"Hello, My discount code isn't working. This is my first time dealing with this issue.",en,True
CONV-00063,mobile_app,I wanted to check whether The promotional code says it is invalid. This is my first time dealing with this issue. Please let me know.,en,True
CONV-00064,chat,"Hi, How can I prevent the plan from renewing? I’m trying to sort this out before the end of the day. I’d like to resolve this today.",en,True
CONV-00065,mobile_app,Just checking — I placed ORD-100023 recently. What is happening with it? I placed the order earlier today. Thanks.,en,True
CONV-00066,email,Just checking — Part of ORD-102633 was not included in the delivery. I noticed this while reviewing my recent activity. Any guidance would be helpful.,en,True
CONV-00067,web_form,Quick question: I noticed a login I don't recognize. I placed the order earlier today. I'd appreciate your help.,en,True
CONV-00068,mobile_app,Quick question: The item arrived damaged. What should I do? I noticed this while reviewing my recent activity. Thanks.,en,True
CONV-00069,web_form,Please update the destination before the order ships.,en,True
CONV-00070,chat,Could you explain the available options for this product? This is my first time dealing with this issue. Please let me know.,en,True
CONV-00071,email,I wanted to check whether Please stop ORD-101907 before it is dispatched. Please let me know.,en,True
CONV-00072,chat,"Hello, Would you mind checking the latest status of ORD-100084? Can you check?",en,True
CONV-00073,mobile_app,"Hi, Can you see what stage ORD-100227 is at right now? I placed the order earlier today. Any guidance would be helpful.",en,True
CONV-00074,web_form,Just checking — The delivery date for ORD-100296 has passed and I'm still waiting. I noticed this while reviewing my recent activity. I'd appreciate your help.,en,True
CONV-00075,email,Please advise: I'm still waiting for the money from my return. Can you check? I noticed this while reviewing my recent activity. I'd appreciate your help.,en,True
CONV-00076,web_form,"Hello, The product has a crack that wasn't shown in the listing. I haven't changed anything on my account. Thank you.",en,True
CONV-00077,mobile_app,Could you help me? What is the estimated delivery date for my package? I placed the order earlier today. I’d like to resolve this today.,en,True
CONV-00078,mobile_app,I need some help. The login page won't let me access my account. I haven't changed anything on my account.,en,True
CONV-00079,mobile_app,"Hi, My multi-item order is incomplete. I placed the order earlier today. I’d like to resolve this today.",en,True
CONV-00080,web_form,"Hi, How can I prevent the plan from renewing? I placed the order earlier today. Any guidance would be helpful.",en,True
CONV-00081,mobile_app,I’m contacting support because I think someone may have accessed my account. I haven't changed anything on my account. Thank you.,en,True
CONV-00082,email,Could you help me? Can you send me through the password recovery process? I’m trying to sort this out before the end of the day. I’d like to resolve this today.,en,True
CONV-00083,mobile_app,Could you help me? My subscription payment was higher than I expected. I placed the order earlier today. Thanks.,en,True
CONV-00084,mobile_app,"Hi, I see two charges for the same purchase. I’m trying to sort this out before the end of the day. I'd appreciate your help.",en,True
CONV-00085,chat,I need some help. I can't recall my password and need to change it. Can you check?,en,True
CONV-00086,mobile_app,I need some help. Why does the payment fail whenever I try to complete the order? This is my first time dealing with this issue. Please let me know.,en,True
CONV-00087,email,"Hello, What steps do I need to follow to return this product? I haven't changed anything on my account. Thank you.",en,True
CONV-00088,mobile_app,Please advise: When should ORD-100655 arrive? I noticed this while reviewing my recent activity. I’d like to resolve this today.,en,True
CONV-00089,mobile_app,Has the courier scanned ORD-104797 yet? I haven't changed anything on my account. Can you check?,en,True
CONV-00090,mobile_app,"Hello, Could you help me end my recurring plan? Can you check?",en,True
CONV-00091,email,Could you help me? My subscription payment was higher than I expected. I placed the order earlier today. I’d like to resolve this today.,en,True
CONV-00092,web_form,"Could you help me? I expected this shipment already, but it hasn't turned up. I’m trying to sort this out before the end of the day. I’d like to resolve this today.",en,True
CONV-00093,email,"Hi, Can you see what stage ORD-100157 is at right now? I’m trying to sort this out before the end of the day. I'd appreciate your help.",en,True
CONV-00094,email,My payment is being declined at checkout. I haven't changed anything on my account.,en,True
CONV-00095,mobile_app,"Hello, My parcel is 2 days late. Can you investigate? Please let me know.",en,True
CONV-00096,chat,I wanted to check whether Can you tell me more about this product's features? Please let me know.,en,True
CONV-00097,web_form,"Hi, I can't sign in to my account. I placed the order earlier today. Any guidance would be helpful.",en,True
CONV-00098,web_form,"Hi, I think someone may have accessed my account. I’m trying to sort this out before the end of the day. I’d like to resolve this today.",en,True
CONV-00099,mobile_app,"I expected this shipment already, but it hasn't turned up. This is my first time dealing with this issue. Thank you.",en,True
CONV-00100,mobile_app,Please advise: Would you mind checking the latest status of ORD-100079? I’m trying to sort this out before the end of the day. Thanks.,en,True
CONV-00101,email,Could you help me? The same purchase appears twice on my card statement. I placed the order earlier today. Thanks.,en,True
CONV-00102,email,Quick question: I think I was charged more than once for a single checkout. I’m trying to sort this out before the end of the day. Any guidance would be helpful.,en,True
CONV-00103,mobile_app,"Hi, I opened the package and found the product broken. I noticed this while reviewing my recent activity. Any guidance would be helpful.",en,True
CONV-00104,email,I need some help. The discount isn't being applied even though I entered the code. I haven't changed anything on my account. Can you check?,en,True
CONV-00105,mobile_app,"I’m contacting support because ORD-100465 was due on Saturday, but it still hasn't arrived. I haven't changed anything on my account. Please let me know.",en,True
CONV-00106,chat,I need some help. I placed ORD-100248 recently. What is happening with it? This is my first time dealing with this issue.,en,True
CONV-00107,email,I’m contacting support because Could you explain the return process for this purchase? I haven't changed anything on my account. Thank you.,en,True
CONV-00108,email,My payment is being declined at checkout. This is my first time dealing with this issue.,en,True
CONV-00109,chat,Could you explain the available options for this product? Please let me know.,en,True
CONV-00110,chat,Just checking — Why does the payment fail whenever I try to complete the order? I placed the order earlier today. Any guidance would be helpful.,en,True
CONV-00111,chat,"Quick question: I have tried several times, but the transaction won't go through. I’m trying to sort this out before the end of the day. Thanks.",en,True
CONV-00112,web_form,I need some help. Has the refund for ORD-101090 been issued yet? This is my first time dealing with this issue. Please let me know.,en,True
CONV-00113,email,Quick question: I have a question about the charge on my recurring plan. I’m trying to sort this out before the end of the day. I’d like to resolve this today.,en,True
CONV-00114,web_form,I wanted to check whether Can you give me an ETA for this shipment?,en,True
CONV-00115,email,I wanted to check whether The delivered item doesn't match my order. I haven't changed anything on my account.,en,True
CONV-00116,email,Please advise: I entered the wrong delivery address. Can it be corrected? I noticed this while reviewing my recent activity. Thanks.,en,True
CONV-00117,mobile_app,Please advise: The product has a crack that wasn't shown in the listing. I’m trying to sort this out before the end of the day. Any guidance would be helpful.,en,True
CONV-00118,web_form,"My delivery arrived, but the item inside is damaged. This is my first time dealing with this issue. Please let me know.",en,True
CONV-00119,chat,I’m checking on ORD-100240. Could you tell me its current status?,en,True
CONV-00120,email,"Hello, My package contains a different product. This is my first time dealing with this issue. Can you check?",en,True
CONV-00121,chat,Could you help me? My payment is being declined at checkout. I’m trying to sort this out before the end of the day. Any guidance would be helpful.,en,True
CONV-00122,email,Could you help me? Could you tell me the current status of my refund? I placed the order earlier today. I'd appreciate your help.,en,True
CONV-00123,web_form,Please advise: Can you show me the latest tracking update for my shipment? I placed the order earlier today. Thanks.,en,True
CONV-00124,mobile_app,Please advise: Would you mind checking the latest status of ORD-100199? I’m trying to sort this out before the end of the day. Thanks.,en,True
CONV-00125,web_form,Just checking — The item I received isn't the one I ordered. I noticed this while reviewing my recent activity. I'd appreciate your help.,en,True
CONV-00126,email,Could you help me? Could you explain the available options for this product? I noticed this while reviewing my recent activity. Thanks.,en,True
CONV-00127,chat,I wanted to check whether The item arrived damaged. What should I do? This is my first time dealing with this issue. Can you check?,en,True
CONV-00128,email,"Hello, Can you show me the latest tracking update for my shipment? This is my first time dealing with this issue. Thank you.",en,True
CONV-00129,email,I wanted to check whether I keep getting rejected when I try to sign in. I haven't changed anything on my account. Thank you.,en,True
CONV-00130,web_form,"Hello, I forgot my password. How can I reset it? Thank you.",en,True
CONV-00131,web_form,Could you help me? Why is the coupon being rejected at checkout? I’m trying to sort this out before the end of the day. I'd appreciate your help.,en,True
CONV-00132,mobile_app,Quick question: I need to create a new password because I can't remember mine. I placed the order earlier today. Thanks.,en,True
CONV-00133,mobile_app,I’m contacting support because I'd like to withdraw this purchase if it hasn't shipped.,en,True
CONV-00134,email,My payment is being declined at checkout.,en,True
CONV-00135,web_form,Just checking — I don't want the subscription to continue after this billing period. I placed the order earlier today. Any guidance would be helpful.,en,True
CONV-00136,web_form,"Hello, I don't recognize the amount billed for my membership. I haven't changed anything on my account. Please let me know.",en,True
CONV-00137,mobile_app,"Hello, My discount code isn't working. I haven't changed anything on my account. Thank you.",en,True
CONV-00138,email,Could you help me? Please update the destination before the order ships. I’m trying to sort this out before the end of the day. Any guidance would be helpful.,en,True
CONV-00139,web_form,Could you help me? Please help me arrange a return. I’m trying to sort this out before the end of the day. Any guidance would be helpful.,en,True
CONV-00140,mobile_app,Please advise: Would you mind checking the latest status of ORD-100179? I placed the order earlier today. Any guidance would be helpful.,en,True
CONV-00141,web_form,I wanted to check whether I need to redirect this package to another address. I haven't changed anything on my account.,en,True
CONV-00142,mobile_app,I wanted to check whether Please stop my recurring membership. This is my first time dealing with this issue.,en,True
CONV-00143,chat,Quick question: I want to track the package that was just dispatched. I’m trying to sort this out before the end of the day. I'd appreciate your help.,en,True
CONV-00144,email,"Hello, Could you help me end my recurring plan? This is my first time dealing with this issue. Please let me know.",en,True
CONV-00145,email,I wanted to check whether The promotional code says it is invalid. I haven't changed anything on my account. Can you check?,en,True
CONV-00146,web_form,I’m contacting support because Where can I request a password reset? I haven't changed anything on my account. Thank you.,en,True
CONV-00147,chat,Quick question: I keep getting rejected when I try to sign in. I noticed this while reviewing my recent activity. I'd appreciate your help.,en,True
CONV-00148,chat,I need some help. Can I change the shipping address for ORD-103580? Thank you.,en,True
CONV-00149,email,"Hello, I'm locked out of my account and need access. Please let me know.",en,True
CONV-00150,mobile_app,Could you help me? One product from my order is missing. I placed the order earlier today. I’d like to resolve this today.,en,True
CONV-00151,email,"Hello, I can't finish the purchase because the payment isn't accepted. This is my first time dealing with this issue. Can you check?",en,True
CONV-00152,email,I’m contacting support because How can I prevent the plan from renewing? I haven't changed anything on my account. Please let me know.,en,True
CONV-00153,email,Please advise: Does this product come with the accessories shown? I placed the order earlier today. Any guidance would be helpful.,en,True
CONV-00154,chat,Could you help me? Has the courier scanned ORD-104902 yet? I’m trying to sort this out before the end of the day. I'd appreciate your help.,en,True
CONV-00155,web_form,Please advise: Can you cancel ORD-101860 for me? I’m trying to sort this out before the end of the day. Thanks.,en,True
CONV-00156,chat,I need some help. I placed ORD-100008 recently. What is happening with it? This is my first time dealing with this issue.,en,True
CONV-00157,chat,Quick question: I keep getting rejected when I try to sign in. I’m trying to sort this out before the end of the day. I'd appreciate your help.,en,True
CONV-00158,email,"Hello, I'm locked out of my account and need access. This is my first time dealing with this issue. Please let me know.",en,True
CONV-00159,chat,I’m contacting support because How do I change the address attached to my order? Please let me know.,en,True
CONV-00160,chat,"Hello, Would you mind checking the latest status of ORD-100144?",en,True
CONV-00161,chat,"My delivery arrived, but the item inside is damaged.",en,True
CONV-00162,mobile_app,"Hi, Where can I request a password reset? I placed the order earlier today. Any guidance would be helpful.",en,True
CONV-00163,mobile_app,I’m contacting support because Could you explain the return process for this purchase? I haven't changed anything on my account.,en,True
CONV-00164,chat,"I wanted to check whether The item was returned, but I haven't received the refund. I haven't changed anything on my account. Can you check?",en,True
CONV-00165,mobile_app,Quick question: Do you have an update on ORD-100151? I want to know where it stands. I’m trying to sort this out before the end of the day. Thanks.,en,True
CONV-00166,mobile_app,Please advise: I entered the wrong delivery address. Can it be corrected? I placed the order earlier today. I'd appreciate your help.,en,True
CONV-00167,chat,Could you tell me the current status of my refund?,en,True
CONV-00168,web_form,I’m contacting support because I see two charges for the same purchase. Can you check?,en,True
CONV-00169,chat,I’m contacting support because Where can I request a password reset? This is my first time dealing with this issue. Can you check?,en,True
CONV-00170,email,"Could you help me? My delivery arrived, but the item inside is damaged. I noticed this while reviewing my recent activity. I'd appreciate your help.",en,True
CONV-00171,chat,Please advise: I received a security alert for an unfamiliar sign-in. I placed the order earlier today. Any guidance would be helpful.,en,True
CONV-00172,email,I wanted to check whether Please stop ORD-101807 before it is dispatched. This is my first time dealing with this issue. Thank you.,en,True
CONV-00173,chat,"I wanted to check whether The box arrived, but adapter wasn't inside. Thank you.",en,True
CONV-00174,mobile_app,Just checking — I can't recall my password and need to change it. I noticed this while reviewing my recent activity. Any guidance would be helpful.,en,True
CONV-00175,web_form,Please advise: My parcel is 1 days late. Can you investigate? I placed the order earlier today. I'd appreciate your help.,en,True
CONV-00176,mobile_app,Something about my account activity looks suspicious. This is my first time dealing with this issue. Thank you.,en,True
CONV-00177,web_form,I wanted to check whether I have a question about the charge on my recurring plan. I haven't changed anything on my account. Thank you.,en,True
CONV-00178,web_form,"Hi, I think someone may have accessed my account. I placed the order earlier today. I’d like to resolve this today.",en,True
CONV-00179,email,I wanted to check whether The promised delivery window is over for ORD-100279. I haven't changed anything on my account. Can you check?,en,True
CONV-00180,email,Just checking — It looks like I was billed twice for ORD-101741. I’m trying to sort this out before the end of the day. Any guidance would be helpful.,en,True
CONV-00181,chat,Could you explain the available options for this product? I haven't changed anything on my account. Thank you.,en,True
CONV-00182,chat,Just checking — The login page won't let me access my account. I placed the order earlier today. I'd appreciate your help.,en,True
CONV-00183,mobile_app,I no longer want this order. Is cancellation still possible? I haven't changed anything on my account.,en,True
CONV-00184,chat,I’m checking on ORD-100100. Could you tell me its current status? I haven't changed anything on my account. Can you check?,en,True
CONV-00185,web_form,Quick question: I keep getting rejected when I try to sign in. I’m trying to sort this out before the end of the day. Any guidance would be helpful.,en,True
CONV-00186,web_form,I need some help. Can I change the shipping address for ORD-103570? This is my first time dealing with this issue.,en,True
CONV-00187,chat,I’m contacting support because How do I change the address attached to my order? This is my first time dealing with this issue. Thank you.,en,True
CONV-00188,email,Please advise: I entered the wrong delivery address. Can it be corrected? I noticed this while reviewing my recent activity. Any guidance would be helpful.,en,True
CONV-00189,web_form,"Hello, When should ORD-100530 arrive? I haven't changed anything on my account. Can you check?",en,True
CONV-00190,chat,Could you help me? I no longer want this order. Is cancellation still possible? I noticed this while reviewing my recent activity. I’d like to resolve this today.,en,True
CONV-00191,email,Could you help me? What is the estimated delivery date for my package? I placed the order earlier today. Any guidance would be helpful.,en,True
CONV-00192,chat,Please advise: Could you help me end my recurring plan? I placed the order earlier today. I'd appreciate your help.,en,True
CONV-00193,web_form,Please advise: Could you help me end my recurring plan? I placed the order earlier today. Any guidance would be helpful.,en,True
CONV-00194,web_form,I’m contacting support because I need the specifications before I decide whether to buy it. I haven't changed anything on my account. Can you check?,en,True
CONV-00195,web_form,"Hello, The product has a crack that wasn't shown in the listing. I haven't changed anything on my account. Thank you.",en,True
CONV-00196,chat,"Hello, I'm still waiting for the money from my return. Can you check? This is my first time dealing with this issue. Can you check?",en,True
CONV-00197,mobile_app,Please help me arrange a return. I haven't changed anything on my account. Can you check?,en,True
CONV-00198,mobile_app,I’m contacting support because I can't sign in to my account. This is my first time dealing with this issue. Can you check?,en,True
CONV-00199,mobile_app,"Hello, Could you help me end my recurring plan? I haven't changed anything on my account.",en,True
CONV-00200,mobile_app,Why is the coupon being rejected at checkout? Thank you.,en,True
CONV-00201,email,I wanted to check whether Please stop my recurring membership. Please let me know.,en,True
CONV-00202,web_form,Could you help me? Please help me arrange a return. I placed the order earlier today. Any guidance would be helpful.,en,True
CONV-00203,email,"Hello, I'm locked out of my account and need access. Please let me know.",en,True
CONV-00204,web_form,"Hi, Where should I enter my promo code? I’m trying to sort this out before the end of the day. I'd appreciate your help.",en,True
CONV-00205,email,I wanted to check whether I noticed a login I don't recognize. This is my first time dealing with this issue.,en,True
CONV-00206,web_form,"My delivery arrived, but the item inside is damaged. Thank you.",en,True
CONV-00207,mobile_app,I was sent the wrong model. This is my first time dealing with this issue. Thank you.,en,True
CONV-00208,mobile_app,I wanted to check whether I noticed a login I don't recognize. Thank you.,en,True
CONV-00209,email,"Hello, Could you help me end my recurring plan? I haven't changed anything on my account. Please let me know.",en,True
CONV-00210,email,I’m contacting support because Could you explain the return process for this purchase? This is my first time dealing with this issue. Please let me know.,en,True
CONV-00211,email,Please advise: I forgot my password. How can I reset it? I’m trying to sort this out before the end of the day. I'd appreciate your help.,en,True
CONV-00212,email,Please help me arrange a return. Please let me know.,en,True
CONV-00213,email,Quick question: I need to redirect this package to another address. I’m trying to sort this out before the end of the day. Any guidance would be helpful.,en,True
CONV-00214,email,I wanted to check whether The delivered item doesn't match my order. This is my first time dealing with this issue.,en,True
CONV-00215,chat,I need some help. Can you explain the latest recurring charge? Can you check?,en,True
CONV-00216,chat,Just checking — The item I received isn't the one I ordered. I noticed this while reviewing my recent activity. Thanks.,en,True
CONV-00217,chat,Quick question: I want to track the package that was just dispatched. I noticed this while reviewing my recent activity. I'd appreciate your help.,en,True
CONV-00218,email,Just checking — I placed ORD-100033 recently. What is happening with it? I noticed this while reviewing my recent activity. I’d like to resolve this today.,en,True
CONV-00219,mobile_app,"Hello, Could you help me end my recurring plan?",en,True
CONV-00220,chat,I need some help. Has the refund for ORD-101020 been issued yet? I haven't changed anything on my account.,en,True
CONV-00221,mobile_app,Please advise: Why are there duplicate transactions for one order? I noticed this while reviewing my recent activity. I'd appreciate your help.,en,True
CONV-00222,email,"Hi, Roughly how long will delivery take? I noticed this while reviewing my recent activity. Thanks.",en,True
CONV-00223,web_form,I need some help. What exactly is included with this item? I haven't changed anything on my account.,en,True
CONV-00224,chat,Could you help me? Something about my account activity looks suspicious. I placed the order earlier today. Any guidance would be helpful.,en,True
CONV-00225,chat,I’m contacting support because I see two charges for the same purchase. Thank you.,en,True
CONV-00226,mobile_app,Please advise: I forgot my password. How can I reset it? I noticed this while reviewing my recent activity. Any guidance would be helpful.,en,True
CONV-00227,email,"Please advise: I received the package, but one of the products is absent. I placed the order earlier today. Any guidance would be helpful.",en,True
CONV-00228,mobile_app,"Hi, My multi-item order is incomplete. I placed the order earlier today. I'd appreciate your help.",en,True
CONV-00229,mobile_app,"Hello, My parcel is 6 days late. Can you investigate? I haven't changed anything on my account. Please let me know.",en,True
CONV-00230,email,I’m contacting support because Something different was packed instead of what I purchased. This is my first time dealing with this issue.,en,True
CONV-00231,email,"Hi, Roughly how long will delivery take? I’m trying to sort this out before the end of the day. Thanks.",en,True
CONV-00232,chat,Please advise: Could you help me end my recurring plan? I noticed this while reviewing my recent activity. I’d like to resolve this today.,en,True
CONV-00233,email,My payment is being declined at checkout.,en,True
CONV-00234,chat,I wanted to check whether Can you tell me more about this product's features? This is my first time dealing with this issue. Thank you.,en,True
CONV-00235,web_form,I’m checking on ORD-100230. Could you tell me its current status? This is my first time dealing with this issue. Please let me know.,en,True
CONV-00236,web_form,"Hi, I think someone may have accessed my account. I’m trying to sort this out before the end of the day. I'd appreciate your help.",en,True
CONV-00237,web_form,"Hello, I forgot my password. How can I reset it? This is my first time dealing with this issue. Thank you.",en,True
CONV-00238,mobile_app,Could you help me? What is the estimated delivery date for my package? I noticed this while reviewing my recent activity. I'd appreciate your help.,en,True
CONV-00239,chat,Quick question: I keep getting rejected when I try to sign in. I placed the order earlier today. I’d like to resolve this today.,en,True
CONV-00240,email,I wanted to check whether I want to track the package that was just dispatched. I haven't changed anything on my account. Please let me know.,en,True
CONV-00241,mobile_app,Please help me arrange a return.,en,True
CONV-00242,email,"Hi, Roughly how long will delivery take? I placed the order earlier today. Any guidance would be helpful.",en,True
CONV-00243,chat,"Hello, I don't recognize the amount billed for my membership. I haven't changed anything on my account. Can you check?",en,True
CONV-00244,email,Please advise: I don't recognize the amount billed for my membership. I’m trying to sort this out before the end of the day. I'd appreciate your help.,en,True
CONV-00245,mobile_app,"I wanted to check whether I have tried several times, but the transaction won't go through. Thank you.",en,True
CONV-00246,email,I no longer want this order. Is cancellation still possible? This is my first time dealing with this issue. Thank you.,en,True
CONV-00247,web_form,"Hello, The product has a crack that wasn't shown in the listing. This is my first time dealing with this issue. Thank you.",en,True
CONV-00248,mobile_app,I’m contacting support because Checkout keeps rejecting my payment. Thank you.,en,True
CONV-00249,chat,Quick question: Please stop ORD-101782 before it is dispatched. I’m trying to sort this out before the end of the day. I’d like to resolve this today.,en,True
CONV-00250,mobile_app,Quick question: Can you tell me more about this product's features? I placed the order earlier today. I'd appreciate your help.,en,True
CONV-00251,email,"Hi, I need the specifications before I decide whether to buy it. I noticed this while reviewing my recent activity. Thanks.",en,True
CONV-00252,web_form,My subscription payment was higher than I expected. Please let me know.,en,True
CONV-00253,chat,"Hello, Why are there duplicate transactions for one order? This is my first time dealing with this issue. Thank you.",en,True
CONV-00254,email,I need some help. Why does the payment fail whenever I try to complete the order? Can you check?,en,True
CONV-00255,email,I need some help. The item I received isn't the one I ordered. I haven't changed anything on my account.,en,True
CONV-00256,mobile_app,I need some help. I changed my mind and would like to send the item back. I haven't changed anything on my account. Can you check?,en,True
CONV-00257,email,Just checking — Can I change the shipping address for ORD-103525? I placed the order earlier today. Any guidance would be helpful.,en,True
CONV-00258,chat,I’m contacting support because I opened the package and found the product broken. This is my first time dealing with this issue.,en,True
CONV-00259,chat,Just checking — The delivery date for ORD-100426 has passed and I'm still waiting. I’m trying to sort this out before the end of the day. Thanks.,en,True
CONV-00260,web_form,What is the estimated delivery date for my package? I haven't changed anything on my account. Can you check?,en,True
CONV-00261,email,Quick question: I think I was charged more than once for a single checkout. I placed the order earlier today. Any guidance would be helpful.,en,True
CONV-00262,mobile_app,Please advise: The product has a crack that wasn't shown in the listing. I placed the order earlier today. Thanks.,en,True
CONV-00263,email,Just checking — There is visible damage on the item I received. I placed the order earlier today. I’d like to resolve this today.,en,True
CONV-00264,email,I’m contacting support because Where should I enter my promo code?,en,True
CONV-00265,mobile_app,My payment is being declined at checkout. This is my first time dealing with this issue. Please let me know.,en,True
CONV-00266,mobile_app,Quick question: I think I was charged more than once for a single checkout. I placed the order earlier today. I’d like to resolve this today.,en,True
CONV-00267,web_form,Just checking — The item I received isn't the one I ordered. I placed the order earlier today. I'd appreciate your help.,en,True
CONV-00268,chat,"Hello, I received the package, but one of the products is absent. This is my first time dealing with this issue. Thank you.",en,True
CONV-00269,mobile_app,My account suddenly won't let me log in. Can you check?,en,True
CONV-00270,email,Please advise: Would you mind checking the latest status of ORD-100149? I placed the order earlier today. I'd appreciate your help.,en,True
CONV-00271,chat,What is the estimated delivery date for my package? Please let me know.,en,True
CONV-00272,mobile_app,"I wanted to check whether I have tried several times, but the transaction won't go through. Please let me know.",en,True
CONV-00273,mobile_app,Has the courier scanned ORD-104917 yet? I haven't changed anything on my account. Can you check?,en,True
CONV-00274,chat,I’m contacting support because Can you see what stage ORD-100012 is at right now? Can you check?,en,True
CONV-00275,mobile_app,I’m contacting support because I'd like to withdraw this purchase if it hasn't shipped. I haven't changed anything on my account. Can you check?,en,True
CONV-00276,chat,I’m contacting support because Where can I request a password reset? This is my first time dealing with this issue. Can you check?,en,True
CONV-00277,email,"I wanted to check whether I have tried several times, but the transaction won't go through. This is my first time dealing with this issue. Can you check?",en,True
CONV-00278,mobile_app,"Hi, My multi-item order is incomplete. I’m trying to sort this out before the end of the day. I’d like to resolve this today.",en,True
CONV-00279,web_form,"Hello, I entered the wrong delivery address. Can it be corrected? I haven't changed anything on my account. Can you check?",en,True
CONV-00280,web_form,Please advise: I can't finish the purchase because the payment isn't accepted. I’m trying to sort this out before the end of the day. I’d like to resolve this today.,en,True
CONV-00281,email,Quick question: Can you tell me more about this product's features? I noticed this while reviewing my recent activity. Thanks.,en,True
CONV-00282,mobile_app,Quick question: Can you tell me more about this product's features? I placed the order earlier today. I'd appreciate your help.,en,True
CONV-00283,mobile_app,Could you help me? What is the estimated delivery date for my package? I’m trying to sort this out before the end of the day. I'd appreciate your help.,en,True
CONV-00284,mobile_app,Please advise: I'm still waiting for the money from my return. Can you check? I placed the order earlier today. Any guidance would be helpful.,en,True
CONV-00285,web_form,I wanted to check whether I think I was charged more than once for a single checkout. This is my first time dealing with this issue.,en,True
CONV-00286,web_form,Quick question: Please stop my recurring membership. I noticed this while reviewing my recent activity. Any guidance would be helpful.,en,True
CONV-00287,web_form,I need some help. Has the refund for ORD-101210 been issued yet? This is my first time dealing with this issue. Please let me know.,en,True
CONV-00288,web_form,Please advise: I received a security alert for an unfamiliar sign-in. I placed the order earlier today. I'd appreciate your help.,en,True
CONV-00289,chat,Just checking — Can you help me cancel my recent order? I noticed this while reviewing my recent activity. I’d like to resolve this today.,en,True
CONV-00290,email,"Hi, Roughly how long will delivery take? I noticed this while reviewing my recent activity. Any guidance would be helpful.",en,True
CONV-00291,email,I need some help. The delivery date for ORD-100491 has passed and I'm still waiting.,en,True
CONV-00292,chat,Please advise: I'm locked out of my account and need access. I noticed this while reviewing my recent activity. I’d like to resolve this today.,en,True
CONV-00293,mobile_app,I’m contacting support because Something different was packed instead of what I purchased. I haven't changed anything on my account. Please let me know.,en,True
CONV-00294,mobile_app,Quick question: The item arrived damaged. What should I do? I’m trying to sort this out before the end of the day. Any guidance would be helpful.,en,True
CONV-00295,chat,I need some help. I can't recall my password and need to change it. I haven't changed anything on my account. Can you check?,en,True
CONV-00296,email,Quick question: Can you give me an ETA for this shipment? I placed the order earlier today. Any guidance would be helpful.,en,True
CONV-00297,chat,"Hi, Something different was packed instead of what I purchased. I’m trying to sort this out before the end of the day. Any guidance would be helpful.",en,True
CONV-00298,email,Quick question: The item arrived damaged. What should I do? I’m trying to sort this out before the end of the day. I’d like to resolve this today.,en,True
CONV-00299,web_form,Just checking — The discount isn't being applied even though I entered the code. I noticed this while reviewing my recent activity. I'd appreciate your help.,en,True
CONV-00300,web_form,I need some help. Has the refund for ORD-101170 been issued yet? I haven't changed anything on my account. Please let me know.,en,True
CONV-00301,chat,I’m contacting support because Can you see what stage ORD-100132 is at right now? Can you check?,en,True
CONV-00302,email,I need some help. The delivery date for ORD-100471 has passed and I'm still waiting. I haven't changed anything on my account. Can you check?,en,True
CONV-00303,email,Please advise: I forgot my password. How can I reset it? I noticed this while reviewing my recent activity. I'd appreciate your help.,en,True
CONV-00304,mobile_app,My payment is being declined at checkout. Please let me know.,en,True
CONV-00305,web_form,Just checking — The login page won't let me access my account. I’m trying to sort this out before the end of the day. Any guidance would be helpful.,en,True
CONV-00306,chat,Could you explain the available options for this product? I haven't changed anything on my account. Thank you.,en,True
CONV-00307,chat,I need some help. What exactly is included with this item? Please let me know.,en,True
CONV-00308,chat,Just checking — The login page won't let me access my account. I placed the order earlier today. I’d like to resolve this today.,en,True
CONV-00309,email,"Hello, My parcel is 2 days late. Can you investigate? Can you check?",en,True
CONV-00310,mobile_app,I need some help. Can you help me cancel my recent order? I haven't changed anything on my account.,en,True
CONV-00311,web_form,I need some help. I can't recall my password and need to change it. Please let me know.,en,True
CONV-00312,email,Just checking — Can I change the shipping address for ORD-103625? I noticed this while reviewing my recent activity. Thanks.,en,True
CONV-00313,web_form,Could you help me? I was sent the wrong model. I placed the order earlier today. I'd appreciate your help.,en,True
CONV-00314,email,I wanted to check whether I want to track the package that was just dispatched. I haven't changed anything on my account. Thank you.,en,True
CONV-00315,web_form,The same purchase appears twice on my card statement. I haven't changed anything on my account.,en,True
CONV-00316,chat,Could you help me? Please help me arrange a return. I’m trying to sort this out before the end of the day. I’d like to resolve this today.,en,True
CONV-00317,email,I’m contacting support because I'd like to withdraw this purchase if it hasn't shipped. I haven't changed anything on my account. Please let me know.,en,True
CONV-00318,web_form,I’m contacting support because My multi-item order is incomplete. Can you check?,en,True
CONV-00319,chat,Could you help me? Has the courier scanned ORD-104802 yet? I noticed this while reviewing my recent activity. I’d like to resolve this today.,en,True
CONV-00320,mobile_app,Just checking — Can I change the shipping address for ORD-103535? I noticed this while reviewing my recent activity. I'd appreciate your help.,en,True
CONV-00321,email,"Hello, Can you show me the latest tracking update for my shipment? This is my first time dealing with this issue. Please let me know.",en,True
CONV-00322,email,I wanted to check whether Please stop my recurring membership. This is my first time dealing with this issue. Thank you.,en,True
CONV-00323,mobile_app,Just checking — There is visible damage on the item I received. I noticed this while reviewing my recent activity. Any guidance would be helpful.,en,True
CONV-00324,chat,I need some help. I can't recall my password and need to change it. This is my first time dealing with this issue.,en,True
CONV-00325,web_form,Just checking — The delivery date for ORD-100416 has passed and I'm still waiting. I noticed this while reviewing my recent activity. I'd appreciate your help.,en,True
CONV-00326,mobile_app,I need some help. I changed my mind and would like to send the item back. This is my first time dealing with this issue.,en,True
CONV-00327,mobile_app,I was sent the wrong model. This is my first time dealing with this issue. Please let me know.,en,True
CONV-00328,email,Please advise: When should ORD-100505 arrive? I noticed this while reviewing my recent activity. Any guidance would be helpful.,en,True
CONV-00329,chat,"Hello, I don't recognize the amount billed for my membership. I haven't changed anything on my account.",en,True
CONV-00330,email,"Hello, My discount code isn't working. Can you check?",en,True
CONV-00331,mobile_app,I wanted to check whether Please stop my recurring membership. This is my first time dealing with this issue.,en,True
CONV-00332,chat,Quick question: The promised delivery window is over for ORD-100414. I’m trying to sort this out before the end of the day. Any guidance would be helpful.,en,True
CONV-00333,chat,My subscription payment was higher than I expected. Can you check?,en,True
CONV-00334,mobile_app,"Quick question: The item was returned, but I haven't received the refund. I placed the order earlier today. Any guidance would be helpful.",en,True
CONV-00335,mobile_app,"I’m contacting support because ORD-100485 was due on Tuesday, but it still hasn't arrived. Thank you.",en,True
CONV-00336,mobile_app,"Hello, What steps do I need to follow to return this product? This is my first time dealing with this issue. Can you check?",en,True
CONV-00337,mobile_app,I wanted to check whether I want to return ORD-100805. How do I start? I haven't changed anything on my account. Can you check?,en,True
CONV-00338,mobile_app,Please advise: When should ORD-100555 arrive? I placed the order earlier today. I'd appreciate your help.,en,True
CONV-00339,mobile_app,I want to cancel my subscription. Can you check?,en,True
CONV-00340,email,Could you help me? Could you tell me the current status of my refund? I’m trying to sort this out before the end of the day. I’d like to resolve this today.,en,True
CONV-00341,mobile_app,I’m contacting support because Where should I enter my promo code? I haven't changed anything on my account. Thank you.,en,True
CONV-00342,web_form,My subscription payment was higher than I expected. Thank you.,en,True
CONV-00343,mobile_app,I need some help. Why does the payment fail whenever I try to complete the order? This is my first time dealing with this issue. Please let me know.,en,True
CONV-00344,email,"Hi, I opened the package and found the product broken. I noticed this while reviewing my recent activity. I'd appreciate your help.",en,True
CONV-00345,chat,I’m contacting support because How do I change the address attached to my order? This is my first time dealing with this issue. Please let me know.,en,True
CONV-00346,web_form,I’m contacting support because How do I change the address attached to my order? This is my first time dealing with this issue. Can you check?,en,True
CONV-00347,chat,Quick question: I want to track the package that was just dispatched. I’m trying to sort this out before the end of the day. I'd appreciate your help.,en,True
CONV-00348,web_form,Can you send me through the password recovery process? Thank you.,en,True
CONV-00349,email,Please advise: The product has a crack that wasn't shown in the listing. I’m trying to sort this out before the end of the day. I'd appreciate your help.,en,True
CONV-00350,mobile_app,Just checking — There is visible damage on the item I received. I placed the order earlier today. Any guidance would be helpful.,en,True
CONV-00351,chat,Can you send me through the password recovery process?,en,True
CONV-00352,chat,Just checking — I don't want the subscription to continue after this billing period. I noticed this while reviewing my recent activity. I’d like to resolve this today.,en,True
CONV-00353,web_form,"Hi, Checkout keeps rejecting my payment. I placed the order earlier today. I’d like to resolve this today.",en,True
CONV-00354,chat,"Hi, ORD-100290 was due on Friday, but it still hasn't arrived. I noticed this while reviewing my recent activity. Thanks.",en,True
CONV-00355,email,Has the courier scanned ORD-104827 yet? I haven't changed anything on my account. Thank you.,en,True
CONV-00356,web_form,Please advise: My parcel is 3 days late. Can you investigate? I’m trying to sort this out before the end of the day. I’d like to resolve this today.,en,True
CONV-00357,email,Please advise: I forgot my password. How can I reset it? I placed the order earlier today. I’d like to resolve this today.,en,True
CONV-00358,chat,"Hi, ORD-100350 was due on Friday, but it still hasn't arrived. I noticed this while reviewing my recent activity. Any guidance would be helpful.",en,True
CONV-00359,mobile_app,Could you help me? Could you tell me the current status of my refund? I noticed this while reviewing my recent activity. Thanks.,en,True
CONV-00360,mobile_app,I no longer want this order. Is cancellation still possible? Can you check?,en,True
CONV-00361,chat,Please advise: My parcel is 5 days late. Can you investigate? I noticed this while reviewing my recent activity. Any guidance would be helpful.,en,True
CONV-00362,web_form,I’m checking on ORD-100090. Could you tell me its current status? Thank you.,en,True
CONV-00363,email,"Hi, How do I change the address attached to my order? I placed the order earlier today. Thanks.",en,True
CONV-00364,chat,I’m contacting support because I opened the package and found the product broken. Can you check?,en,True
CONV-00365,web_form,"Hello, When should ORD-100670 arrive?",en,True
CONV-00366,chat,"Hello, I forgot my password. How can I reset it? I haven't changed anything on my account. Can you check?",en,True
CONV-00367,web_form,I wanted to check whether Do you have an update on ORD-100026? I want to know where it stands. This is my first time dealing with this issue. Thank you.,en,True
CONV-00368,mobile_app,I wanted to check whether The promised delivery window is over for ORD-100429. I haven't changed anything on my account. Thank you.,en,True
CONV-00369,mobile_app,"Hi, Roughly how long will delivery take? I’m trying to sort this out before the end of the day. I'd appreciate your help.",en,True
CONV-00370,email,I’m contacting support because Where should I enter my promo code? I haven't changed anything on my account. Can you check?,en,True
CONV-00371,mobile_app,I want to cancel my subscription. Can you check?,en,True
CONV-00372,mobile_app,Quick question: I need to redirect this package to another address. I noticed this while reviewing my recent activity. I’d like to resolve this today.,en,True
CONV-00373,email,Just checking — It looks like I was billed twice for ORD-101541. I placed the order earlier today. Any guidance would be helpful.,en,True
CONV-00374,mobile_app,"Hi, I opened the package and found the product broken. I placed the order earlier today. Thanks.",en,True
CONV-00375,chat,I need some help. There is visible damage on the item I received. This is my first time dealing with this issue.,en,True
CONV-00376,chat,I’m contacting support because Why was my subscription charged this month? This is my first time dealing with this issue.,en,True
CONV-00377,mobile_app,Please advise: I forgot my password. How can I reset it? I’m trying to sort this out before the end of the day. Thanks.,en,True
CONV-00378,chat,Quick question: The promised delivery window is over for ORD-100254. I noticed this while reviewing my recent activity. Any guidance would be helpful.,en,True
CONV-00379,email,"Hi, When should the refund appear in my account? I’m trying to sort this out before the end of the day. I’d like to resolve this today.",en,True
CONV-00380,web_form,Quick question: The promotional code says it is invalid. I placed the order earlier today. I'd appreciate your help.,en,True
CONV-00381,web_form,Could you help me? I want to cancel my subscription. I placed the order earlier today. Any guidance would be helpful.,en,True
CONV-00382,chat,Please advise: My discount code isn't working. I’m trying to sort this out before the end of the day. Any guidance would be helpful.,en,True
CONV-00383,email,"Please advise: I received the package, but one of the products is absent. I placed the order earlier today. Thanks.",en,True
CONV-00384,web_form,Could you help me? I was sent the wrong model. I noticed this while reviewing my recent activity. I’d like to resolve this today.,en,True
CONV-00385,email,I need some help. Why does the payment fail whenever I try to complete the order? This is my first time dealing with this issue. Can you check?,en,True
CONV-00386,web_form,I’m contacting support because I see two charges for the same purchase. This is my first time dealing with this issue. Can you check?,en,True
CONV-00387,mobile_app,Just checking — What exactly is included with this item? I noticed this while reviewing my recent activity. I’d like to resolve this today.,en,True
CONV-00388,email,"I’m contacting support because ORD-100315 was due on Saturday, but it still hasn't arrived. I haven't changed anything on my account.",en,True
CONV-00389,web_form,Could you tell me the current status of my refund? I haven't changed anything on my account. Please let me know.,en,True
CONV-00390,chat,Just checking — The item I received isn't the one I ordered. I placed the order earlier today. Thanks.,en,True
CONV-00391,web_form,The same purchase appears twice on my card statement.,en,True
CONV-00392,email,Quick question: Can you tell me more about this product's features? I placed the order earlier today. Any guidance would be helpful.,en,True
CONV-00393,chat,Can you send me through the password recovery process? This is my first time dealing with this issue.,en,True
CONV-00394,email,Please advise: Would you mind checking the latest status of ORD-100069? I noticed this while reviewing my recent activity. I'd appreciate your help.,en,True
CONV-00395,email,Please help me arrange a return. I haven't changed anything on my account. Thank you.,en,True
CONV-00396,mobile_app,My account suddenly won't let me log in. I haven't changed anything on my account.,en,True
CONV-00397,chat,"Hello, Why are there duplicate transactions for one order? Please let me know.",en,True
CONV-00398,web_form,I’m contacting support because I see two charges for the same purchase.,en,True
CONV-00399,web_form,Could you help me? I want to cancel my subscription. I placed the order earlier today. Thanks.,en,True
CONV-00400,web_form,Can you send me through the password recovery process? I haven't changed anything on my account. Please let me know.,en,True
CONV-00401,web_form,I’m contacting support because When should the refund appear in my account? I haven't changed anything on my account. Please let me know.,en,True
CONV-00402,email,Just checking — Can you explain the latest recurring charge? I noticed this while reviewing my recent activity. I’d like to resolve this today.,en,True
CONV-00403,email,I need some help. I changed my mind and would like to send the item back. I haven't changed anything on my account. Thank you.,en,True
CONV-00404,email,Could you help me? One product from my order is missing. I placed the order earlier today. Thanks.,en,True
CONV-00405,web_form,I need some help. Can I change the shipping address for ORD-103630? This is my first time dealing with this issue. Can you check?,en,True
CONV-00406,email,"Hi, I opened the package and found the product broken. I placed the order earlier today. I’d like to resolve this today.",en,True
CONV-00407,chat,Just checking — Can you help me cancel my recent order? I noticed this while reviewing my recent activity. I'd appreciate your help.,en,True
CONV-00408,email,I’m contacting support because Could you explain the return process for this purchase? I haven't changed anything on my account. Thank you.,en,True
CONV-00409,email,"Hello, My parcel is 6 days late. Can you investigate? I haven't changed anything on my account.",en,True
CONV-00410,chat,Please advise: I'm locked out of my account and need access. I’m trying to sort this out before the end of the day. I’d like to resolve this today.,en,True
CONV-00411,mobile_app,Just checking — Has the refund for ORD-101175 been issued yet? I noticed this while reviewing my recent activity. Any guidance would be helpful.,en,True
CONV-00412,email,Quick question: I need to create a new password because I can't remember mine. I placed the order earlier today. I’d like to resolve this today.,en,True
CONV-00413,mobile_app,Just checking — Part of ORD-102623 was not included in the delivery. I placed the order earlier today. I’d like to resolve this today.,en,True
CONV-00414,email,"I wanted to check whether I have tried several times, but the transaction won't go through.",en,True
CONV-00415,chat,"Hi, ORD-100410 was due on Friday, but it still hasn't arrived. I noticed this while reviewing my recent activity. Thanks.",en,True
CONV-00416,chat,"Hello, I don't recognize the amount billed for my membership. I haven't changed anything on my account. Can you check?",en,True
CONV-00417,email,Please advise: Would you mind checking the latest status of ORD-100109? I’m trying to sort this out before the end of the day. I'd appreciate your help.,en,True
CONV-00418,email,I need some help. Where is ORD-104995 right now? I haven't changed anything on my account. Thank you.,en,True
CONV-00419,mobile_app,Something about my account activity looks suspicious. I haven't changed anything on my account. Please let me know.,en,True
CONV-00420,mobile_app,I wanted to check whether I keep getting rejected when I try to sign in.,en,True
CONV-00421,web_form,"Hello, I received the package, but one of the products is absent. Can you check?",en,True
CONV-00422,web_form,Just checking — The login page won't let me access my account. I noticed this while reviewing my recent activity. Any guidance would be helpful.,en,True
CONV-00423,web_form,Could you help me? I was sent the wrong model. I placed the order earlier today. I’d like to resolve this today.,en,True
CONV-00424,mobile_app,Just checking — Has the refund for ORD-101235 been issued yet? I noticed this while reviewing my recent activity. Thanks.,en,True
CONV-00425,web_form,I’m contacting support because I opened the package and found the product broken. Thank you.,en,True
CONV-00426,email,I need some help. Where is ORD-104975 right now? This is my first time dealing with this issue. Please let me know.,en,True
CONV-00427,mobile_app,Just checking — I’m planning around the delivery. When is it expected? I’m trying to sort this out before the end of the day. I’d like to resolve this today.,en,True
CONV-00428,chat,Please advise: I can't finish the purchase because the payment isn't accepted. I placed the order earlier today. Any guidance would be helpful.,en,True
CONV-00429,web_form,Please advise: Can you show me the latest tracking update for my shipment? I placed the order earlier today. Any guidance would be helpful.,en,True
CONV-00430,web_form,I’m contacting support because Roughly how long will delivery take? Can you check?,en,True
CONV-00431,email,Could you help me? What is the estimated delivery date for my package? I noticed this while reviewing my recent activity. Any guidance would be helpful.,en,True
CONV-00432,chat,Please advise: My discount code isn't working. I placed the order earlier today. Thanks.,en,True
CONV-00433,web_form,Quick question: Please stop ORD-101872 before it is dispatched. I’m trying to sort this out before the end of the day. Any guidance would be helpful.,en,True
CONV-00434,mobile_app,I’m contacting support because I can't sign in to my account. Can you check?,en,True
CONV-00435,email,Please advise: The product has a crack that wasn't shown in the listing. I noticed this while reviewing my recent activity. I'd appreciate your help.,en,True
CONV-00436,email,"Hello, I'm locked out of my account and need access. This is my first time dealing with this issue. Thank you.",en,True
CONV-00437,chat,"Hi, Something different was packed instead of what I purchased. I’m trying to sort this out before the end of the day. Any guidance would be helpful.",en,True
CONV-00438,web_form,"Hi, How can I prevent the plan from renewing? I noticed this while reviewing my recent activity. Any guidance would be helpful.",en,True
CONV-00439,email,"Hi, Can you see what stage ORD-100177 is at right now? I noticed this while reviewing my recent activity. I’d like to resolve this today.",en,True
CONV-00440,chat,"Hi, I can't sign in to my account. I noticed this while reviewing my recent activity. I’d like to resolve this today.",en,True
CONV-00441,email,Quick question: I need to redirect this package to another address. I noticed this while reviewing my recent activity. Thanks.,en,True
CONV-00442,chat,I’m checking on ORD-100080. Could you tell me its current status? This is my first time dealing with this issue.,en,True
CONV-00443,email,"Quick question: The box arrived, but mug wasn't inside. I noticed this while reviewing my recent activity. Any guidance would be helpful.",en,True
CONV-00444,mobile_app,Could you help me? The same purchase appears twice on my card statement. I’m trying to sort this out before the end of the day. I’d like to resolve this today.,en,True
CONV-00445,email,Please advise: Why are there duplicate transactions for one order? I noticed this while reviewing my recent activity. Thanks.,en,True
CONV-00446,web_form,I wanted to check whether I think I was charged more than once for a single checkout. I haven't changed anything on my account. Can you check?,en,True
CONV-00447,web_form,Quick question: The delivered item doesn't match my order. I noticed this while reviewing my recent activity. I'd appreciate your help.,en,True
CONV-00448,email,Please advise: Does this product come with the accessories shown? I placed the order earlier today. Thanks.,en,True
CONV-00449,email,Quick question: Do you have an update on ORD-100221? I want to know where it stands. I placed the order earlier today. I'd appreciate your help.,en,True
CONV-00450,email,Just checking — I placed ORD-100093 recently. What is happening with it? I noticed this while reviewing my recent activity. I'd appreciate your help.,en,True
CONV-00451,email,"Please advise: I received the package, but one of the products is absent. I noticed this while reviewing my recent activity. Any guidance would be helpful.",en,True
CONV-00452,chat,Just checking — There are changes in my profile that I didn't make. I placed the order earlier today. Thanks.,en,True
CONV-00453,email,"Hello, My discount code isn't working. I haven't changed anything on my account. Can you check?",en,True
CONV-00454,mobile_app,I’m contacting support because Checkout keeps rejecting my payment. I haven't changed anything on my account. Please let me know.,en,True
CONV-00455,web_form,I’m contacting support because I need the specifications before I decide whether to buy it.,en,True
CONV-00456,web_form,"Hi, Checkout keeps rejecting my payment. I’m trying to sort this out before the end of the day. I'd appreciate your help.",en,True
CONV-00457,chat,"My delivery arrived, but the item inside is damaged. Can you check?",en,True
CONV-00458,email,I wanted to check whether I keep getting rejected when I try to sign in. I haven't changed anything on my account. Thank you.,en,True
CONV-00459,chat,I wanted to check whether I need to redirect this package to another address. I haven't changed anything on my account. Thank you.,en,True
CONV-00460,web_form,Just checking — I changed my mind and would like to send the item back. I placed the order earlier today. Any guidance would be helpful.,en,True
CONV-00461,chat,Just checking — Why does the payment fail whenever I try to complete the order? I noticed this while reviewing my recent activity. Any guidance would be helpful.,en,True
CONV-00462,mobile_app,Please help me arrange a return. I haven't changed anything on my account.,en,True
CONV-00463,email,"I wanted to check whether I have tried several times, but the transaction won't go through. I haven't changed anything on my account. Can you check?",en,True
CONV-00464,web_form,"Hi, I think someone may have accessed my account. I placed the order earlier today. I'd appreciate your help.",en,True
CONV-00465,mobile_app,"Please advise: I received the package, but one of the products is absent. I’m trying to sort this out before the end of the day. I’d like to resolve this today.",en,True
CONV-00466,web_form,I’m contacting support because How do I change the address attached to my order? Can you check?,en,True
CONV-00467,chat,One product from my order is missing. This is my first time dealing with this issue. Thank you.,en,True
CONV-00468,mobile_app,"Hi, I need the specifications before I decide whether to buy it. I’m trying to sort this out before the end of the day. I'd appreciate your help.",en,True
CONV-00469,email,"Hello, Can you show me the latest tracking update for my shipment? Thank you.",en,True
CONV-00470,mobile_app,Could you help me? Could you explain the available options for this product? I placed the order earlier today. I’d like to resolve this today.,en,True
CONV-00471,web_form,Quick question: I keep getting rejected when I try to sign in. I placed the order earlier today. Any guidance would be helpful.,en,True
CONV-00472,chat,I’m contacting support because My multi-item order is incomplete. Thank you.,en,True
CONV-00473,email,Could you help me? What is the estimated delivery date for my package? I placed the order earlier today. Any guidance would be helpful.,en,True
CONV-00474,chat,Could you help me? My account suddenly won't let me log in. I placed the order earlier today. I’d like to resolve this today.,en,True
CONV-00475,web_form,Could you help me? My account suddenly won't let me log in. I’m trying to sort this out before the end of the day. Any guidance would be helpful.,en,True
CONV-00476,mobile_app,"Hello, I'm locked out of my account and need access. This is my first time dealing with this issue.",en,True
CONV-00477,chat,Could you help me? My account suddenly won't let me log in. I noticed this while reviewing my recent activity. I'd appreciate your help.,en,True
CONV-00478,web_form,Could you help me? I no longer want this order. Is cancellation still possible? I placed the order earlier today. Thanks.,en,True
CONV-00479,chat,I need some help. I’m planning around the delivery. When is it expected? Please let me know.,en,True
CONV-00480,mobile_app,Please advise: Would you mind checking the latest status of ORD-100219? I noticed this while reviewing my recent activity. Any guidance would be helpful.,en,True
CONV-00481,mobile_app,Quick question: I have a question about the charge on my recurring plan. I noticed this while reviewing my recent activity. Any guidance would be helpful.,en,True
CONV-00482,mobile_app,I’m contacting support because How can I prevent the plan from renewing?,en,True
CONV-00483,chat,The same purchase appears twice on my card statement. I haven't changed anything on my account. Thank you.,en,True
CONV-00484,email,I need some help. There are changes in my profile that I didn't make. Can you check?,en,True
CONV-00485,chat,Could you help me? I want to cancel my subscription. I’m trying to sort this out before the end of the day. I'd appreciate your help.,en,True
CONV-00486,mobile_app,Just checking — What exactly is included with this item? I noticed this while reviewing my recent activity. I'd appreciate your help.,en,True
CONV-00487,mobile_app,Just checking — I placed ORD-100043 recently. What is happening with it? I’m trying to sort this out before the end of the day. Any guidance would be helpful.,en,True
CONV-00488,email,Could you help me? Can you send me through the password recovery process? I’m trying to sort this out before the end of the day. I'd appreciate your help.,en,True
CONV-00489,web_form,I’m checking on ORD-100210. Could you tell me its current status? Thank you.,en,True
CONV-00490,email,Quick question: Can you give me an ETA for this shipment? I’m trying to sort this out before the end of the day. Thanks.,en,True
CONV-00491,chat,Quick question: The promised delivery window is over for ORD-100354. I’m trying to sort this out before the end of the day. Thanks.,en,True
CONV-00492,mobile_app,I need some help. Why does the payment fail whenever I try to complete the order? I haven't changed anything on my account. Thank you.,en,True
CONV-00493,mobile_app,Please help me arrange a return. I haven't changed anything on my account. Can you check?,en,True
CONV-00494,email,My account suddenly won't let me log in. I haven't changed anything on my account. Thank you.,en,True
CONV-00495,email,Quick question: Can you give me an ETA for this shipment? I noticed this while reviewing my recent activity. Any guidance would be helpful.,en,True
CONV-00496,web_form,Just checking — I don't want the subscription to continue after this billing period. I’m trying to sort this out before the end of the day. Any guidance would be helpful.,en,True
CONV-00497,chat,I need some help. I’m planning around the delivery. When is it expected? Thank you.,en,True
CONV-00498,email,"Hello, My parcel is 4 days late. Can you investigate? This is my first time dealing with this issue. Can you check?",en,True
CONV-00499,chat,"Hello, Why are there duplicate transactions for one order? I haven't changed anything on my account. Thank you.",en,True
CONV-00500,web_form,I need some help. Can I change the shipping address for ORD-103550? Can you check?,en,True
CONV-00501,chat,"Hello, I entered the wrong delivery address. Can it be corrected? I haven't changed anything on my account. Thank you.",en,True
CONV-00502,email,"Hello, Could you help me end my recurring plan? This is my first time dealing with this issue. Please let me know.",en,True
CONV-00503,mobile_app,Could you help me? I’m checking on ORD-100135. Could you tell me its current status? I noticed this while reviewing my recent activity. Thanks.,en,True
CONV-00504,web_form,Please advise: My discount code isn't working. I noticed this while reviewing my recent activity. I'd appreciate your help.,en,True
CONV-00505,mobile_app,I’m contacting support because Checkout keeps rejecting my payment. This is my first time dealing with this issue. Please let me know.,en,True
CONV-00506,mobile_app,"Hi, Can you see what stage ORD-100047 is at right now? I placed the order earlier today. Thanks.",en,True
CONV-00507,web_form,Could you help me? My payment is being declined at checkout. I noticed this while reviewing my recent activity. I’d like to resolve this today.,en,True
CONV-00508,web_form,I need some help. I’m planning around the delivery. When is it expected? I haven't changed anything on my account.,en,True
CONV-00509,web_form,I wanted to check whether I think I was charged more than once for a single checkout. I haven't changed anything on my account. Can you check?,en,True
CONV-00510,chat,"My delivery arrived, but the item inside is damaged. This is my first time dealing with this issue. Can you check?",en,True
CONV-00511,email,I want to cancel my subscription. Please let me know.,en,True
CONV-00512,mobile_app,"Please advise: I received the package, but one of the products is absent. I noticed this while reviewing my recent activity. I’d like to resolve this today.",en,True
CONV-00513,web_form,Quick question: Please stop ORD-101972 before it is dispatched. I placed the order earlier today. Thanks.,en,True
CONV-00514,web_form,"Hi, Could you explain the return process for this purchase? I noticed this while reviewing my recent activity. Any guidance would be helpful.",en,True
CONV-00515,email,Quick question: Do you have an update on ORD-100061? I want to know where it stands. I’m trying to sort this out before the end of the day. I'd appreciate your help.,en,True
CONV-00516,chat,"I wanted to check whether The item was returned, but I haven't received the refund. This is my first time dealing with this issue.",en,True
CONV-00517,mobile_app,I need some help. The item I received isn't the one I ordered. This is my first time dealing with this issue. Thank you.,en,True
CONV-00518,mobile_app,Could you help me? I’m checking on ORD-100095. Could you tell me its current status? I placed the order earlier today. Thanks.,en,True
CONV-00519,chat,"Could you help me? I expected this shipment already, but it hasn't turned up. I placed the order earlier today. Any guidance would be helpful.",en,True
CONV-00520,email,I need some help. The discount isn't being applied even though I entered the code. This is my first time dealing with this issue. Can you check?,en,True
CONV-00521,chat,"Hello, I don't recognize the amount billed for my membership.",en,True
CONV-00522,mobile_app,Could you help me? Please update the destination before the order ships. I’m trying to sort this out before the end of the day. I’d like to resolve this today.,en,True
CONV-00523,email,Please advise: I'm still waiting for the money from my return. Can you check? I’m trying to sort this out before the end of the day. I’d like to resolve this today.,en,True
CONV-00524,web_form,"I wanted to check whether The box arrived, but shirt wasn't inside. This is my first time dealing with this issue. Can you check?",en,True
CONV-00525,web_form,I wanted to check whether The item arrived damaged. What should I do? Thank you.,en,True
CONV-00526,chat,Please advise: My parcel is 1 days late. Can you investigate? I placed the order earlier today. Thanks.,en,True
CONV-00527,chat,Just checking — The discount isn't being applied even though I entered the code. I placed the order earlier today. Any guidance would be helpful.,en,True
CONV-00528,web_form,I wanted to check whether I need to create a new password because I can't remember mine. I haven't changed anything on my account. Thank you.,en,True
CONV-00529,email,Could you help me? Please update the destination before the order ships. I placed the order earlier today. Thanks.,en,True
CONV-00530,mobile_app,I need some help. Where is ORD-104925 right now? Can you check?,en,True
CONV-00531,web_form,Quick question: I keep getting rejected when I try to sign in. I’m trying to sort this out before the end of the day. Any guidance would be helpful.,en,True
CONV-00532,email,"Hi, When should the refund appear in my account? I’m trying to sort this out before the end of the day. I’d like to resolve this today.",en,True
CONV-00533,email,Could you help me? Please update the destination before the order ships. I’m trying to sort this out before the end of the day. Thanks.,en,True
CONV-00534,email,I need some help. The delivery date for ORD-100291 has passed and I'm still waiting. I haven't changed anything on my account.,en,True
CONV-00535,email,"Hi, How do I change the address attached to my order? I’m trying to sort this out before the end of the day. Any guidance would be helpful.",en,True
CONV-00536,web_form,"Hello, I entered the wrong delivery address. Can it be corrected?",en,True
CONV-00537,email,"Hi, Roughly how long will delivery take? I’m trying to sort this out before the end of the day. Thanks.",en,True
CONV-00538,mobile_app,Could you help me? Please update the destination before the order ships. I noticed this while reviewing my recent activity. I'd appreciate your help.,en,True
CONV-00539,chat,I need some help. Part of ORD-102648 was not included in the delivery. Thank you.,en,True
CONV-00540,chat,Just checking — Where is ORD-104810 right now? I placed the order earlier today. I’d like to resolve this today.,en,True
CONV-00541,email,I’m contacting support because I'd like to withdraw this purchase if it hasn't shipped. I haven't changed anything on my account. Thank you.,en,True
CONV-00542,web_form,Please advise: I'm locked out of my account and need access. I noticed this while reviewing my recent activity. Any guidance would be helpful.,en,True
CONV-00543,chat,I need some help. It looks like I was billed twice for ORD-101536. Please let me know.,en,True
CONV-00544,web_form,Could you explain the available options for this product? I haven't changed anything on my account.,en,True
CONV-00545,chat,"Hello, I don't recognize the amount billed for my membership. Can you check?",en,True
CONV-00546,web_form,Quick question: I noticed a login I don't recognize. I’m trying to sort this out before the end of the day. I’d like to resolve this today.,en,True
CONV-00547,email,Just checking — Can I change the shipping address for ORD-103665? I’m trying to sort this out before the end of the day. Thanks.,en,True
CONV-00548,email,"Hi, Why was my subscription charged this month? I’m trying to sort this out before the end of the day. I'd appreciate your help.",en,True
CONV-00549,web_form,"Hello, I entered the wrong delivery address. Can it be corrected? I haven't changed anything on my account.",en,True
CONV-00550,web_form,What is the estimated delivery date for my package? Can you check?,en,True
CONV-00551,web_form,"Hi, I think someone may have accessed my account. I placed the order earlier today. I’d like to resolve this today.",en,True
CONV-00552,chat,Quick question: The delivered item doesn't match my order. I noticed this while reviewing my recent activity. Thanks.,en,True
CONV-00553,web_form,Just checking — I don't want the subscription to continue after this billing period. I’m trying to sort this out before the end of the day. Thanks.,en,True
CONV-00554,chat,I need some help. I’m planning around the delivery. When is it expected? I haven't changed anything on my account. Thank you.,en,True
CONV-00555,email,I wanted to check whether The delivered item doesn't match my order. This is my first time dealing with this issue. Can you check?,en,True
CONV-00556,email,"I wanted to check whether I have tried several times, but the transaction won't go through. I haven't changed anything on my account.",en,True
CONV-00557,email,Quick question: Can you tell me more about this product's features? I’m trying to sort this out before the end of the day. Thanks.,en,True
CONV-00558,web_form,Just checking — Where is ORD-104920 right now? I’m trying to sort this out before the end of the day. Thanks.,en,True
CONV-00559,web_form,Just checking — Where is ORD-104800 right now? I’m trying to sort this out before the end of the day. Thanks.,en,True
CONV-00560,chat,"Hello, I forgot my password. How can I reset it? Can you check?",en,True
CONV-00561,mobile_app,Why is the coupon being rejected at checkout? This is my first time dealing with this issue. Please let me know.,en,True
CONV-00562,chat,Please advise: I received a security alert for an unfamiliar sign-in. I noticed this while reviewing my recent activity. Any guidance would be helpful.,en,True
CONV-00563,chat,"Hello, I forgot my password. How can I reset it? I haven't changed anything on my account.",en,True
CONV-00564,mobile_app,"Hi, I opened the package and found the product broken. I’m trying to sort this out before the end of the day. Thanks.",en,True
CONV-00565,web_form,I’m contacting support because When should the refund appear in my account? This is my first time dealing with this issue. Thank you.,en,True
CONV-00566,chat,Could you help me? Has the courier scanned ORD-104862 yet? I noticed this while reviewing my recent activity. I'd appreciate your help.,en,True
CONV-00567,email,I wanted to check whether Please stop my recurring membership. I haven't changed anything on my account. Please let me know.,en,True
CONV-00568,email,I wanted to check whether Please stop ORD-101867 before it is dispatched. This is my first time dealing with this issue. Please let me know.,en,True
CONV-00569,web_form,"Hello, I received the package, but one of the products is absent. This is my first time dealing with this issue.",en,True
CONV-00570,chat,Quick question: Please stop my recurring membership. I placed the order earlier today. I'd appreciate your help.,en,True
CONV-00571,mobile_app,I need some help. Where is ORD-104885 right now? This is my first time dealing with this issue. Can you check?,en,True
CONV-00572,chat,Just checking — I don't want the subscription to continue after this billing period. I’m trying to sort this out before the end of the day. I'd appreciate your help.,en,True
CONV-00573,chat,Quick question: Please stop my recurring membership. I noticed this while reviewing my recent activity. I’d like to resolve this today.,en,True
CONV-00574,web_form,Please advise: My package contains a different product. I’m trying to sort this out before the end of the day. I'd appreciate your help.,en,True
CONV-00575,web_form,I’m checking on ORD-100070. Could you tell me its current status? I haven't changed anything on my account. Please let me know.,en,True
CONV-00576,web_form,Just checking — Where is ORD-104880 right now? I noticed this while reviewing my recent activity. Thanks.,en,True
CONV-00577,web_form,"Hello, I'm still waiting for the money from my return. Can you check? This is my first time dealing with this issue. Thank you.",en,True
CONV-00578,chat,I wanted to check whether I have a question about the charge on my recurring plan. This is my first time dealing with this issue.,en,True
CONV-00579,chat,Quick question: I noticed a login I don't recognize. I placed the order earlier today. Any guidance would be helpful.,en,True
CONV-00580,mobile_app,I wanted to check whether Please stop my recurring membership. I haven't changed anything on my account.,en,True
CONV-00581,mobile_app,Just checking — Has the refund for ORD-101095 been issued yet? I’m trying to sort this out before the end of the day. Any guidance would be helpful.,en,True
CONV-00582,email,Quick question: Can you tell me more about this product's features? I noticed this while reviewing my recent activity. Any guidance would be helpful.,en,True
CONV-00583,chat,Could you tell me the current status of my refund? I haven't changed anything on my account.,en,True
CONV-00584,mobile_app,I wanted to check whether Please stop my recurring membership. Can you check?,en,True
CONV-00585,mobile_app,My payment is being declined at checkout. This is my first time dealing with this issue. Thank you.,en,True
CONV-00586,web_form,Can you send me through the password recovery process? Please let me know.,en,True
CONV-00587,mobile_app,Could you help me? Could you explain the available options for this product? I’m trying to sort this out before the end of the day. I’d like to resolve this today.,en,True
CONV-00588,chat,I wanted to check whether The item arrived damaged. What should I do? This is my first time dealing with this issue. Can you check?,en,True
CONV-00589,email,I need some help. I changed my mind and would like to send the item back. Please let me know.,en,True
CONV-00590,mobile_app,Please advise: Does this product come with the accessories shown? I noticed this while reviewing my recent activity. I’d like to resolve this today.,en,True
CONV-00591,chat,Could you help me? I want to cancel my subscription. I noticed this while reviewing my recent activity. I’d like to resolve this today.,en,True
CONV-00592,chat,"Hi, Checkout keeps rejecting my payment. I placed the order earlier today. Any guidance would be helpful.",en,True
CONV-00593,mobile_app,I was sent the wrong model. I haven't changed anything on my account. Thank you.,en,True
CONV-00594,email,"Hi, I need the specifications before I decide whether to buy it. I noticed this while reviewing my recent activity. Thanks.",en,True
CONV-00595,email,"Hi, I need the specifications before I decide whether to buy it. I’m trying to sort this out before the end of the day. Thanks.",en,True
CONV-00596,email,Just checking — Has the refund for ORD-101025 been issued yet? I noticed this while reviewing my recent activity. I'd appreciate your help.,en,True
CONV-00597,email,Just checking — I can't recall my password and need to change it. I’m trying to sort this out before the end of the day. I’d like to resolve this today.,en,True
CONV-00598,web_form,I wanted to check whether The item arrived damaged. What should I do? Please let me know.,en,True
CONV-00599,email,Please advise: I'm still waiting for the money from my return. Can you check? I’m trying to sort this out before the end of the day. I'd appreciate your help.,en,True
CONV-00600,web_form,Could you help me? I no longer want this order. Is cancellation still possible? I placed the order earlier today. Thanks.,en,True
CONV-00601,mobile_app,I’m contacting support because Could you explain the return process for this purchase? This is my first time dealing with this issue.,en,True
CONV-00602,email,I need some help. The discount isn't being applied even though I entered the code. This is my first time dealing with this issue.,en,True
CONV-00603,chat,Could you tell me the current status of my refund? This is my first time dealing with this issue. Can you check?,en,True
CONV-00604,mobile_app,Just checking — What exactly is included with this item? I noticed this while reviewing my recent activity. I'd appreciate your help.,en,True
CONV-00605,web_form,I wanted to check whether Can you tell me more about this product's features? I haven't changed anything on my account.,en,True
CONV-00606,web_form,I need some help. Can I change the shipping address for ORD-103670? Can you check?,en,True
CONV-00607,chat,I need some help. I’m planning around the delivery. When is it expected? This is my first time dealing with this issue. Thank you.,en,True
CONV-00608,web_form,Just checking — The login page won't let me access my account. I placed the order earlier today. Any guidance would be helpful.,en,True
CONV-00609,email,Why is the coupon being rejected at checkout?,en,True
CONV-00610,web_form,Quick question: I want to track the package that was just dispatched. I’m trying to sort this out before the end of the day. Thanks.,en,True
CONV-00611,email,Just checking — I placed ORD-100233 recently. What is happening with it? I placed the order earlier today. I’d like to resolve this today.,en,True
CONV-00612,web_form,I’m contacting support because I need the specifications before I decide whether to buy it.,en,True
CONV-00613,web_form,"Hello, Why are there duplicate transactions for one order? Can you check?",en,True
CONV-00614,email,"I’m contacting support because ORD-100415 was due on Thursday, but it still hasn't arrived. This is my first time dealing with this issue. Can you check?",en,True
CONV-00615,web_form,I need some help. Can you explain the latest recurring charge? This is my first time dealing with this issue. Please let me know.,en,True
CONV-00616,email,Please advise: The product has a crack that wasn't shown in the listing. I noticed this while reviewing my recent activity. I'd appreciate your help.,en,True
CONV-00617,web_form,"Quick question: I have tried several times, but the transaction won't go through. I noticed this while reviewing my recent activity. I’d like to resolve this today.",en,True
CONV-00618,web_form,What is the estimated delivery date for my package? I haven't changed anything on my account. Can you check?,en,True
CONV-00619,email,"Hi, Can you see what stage ORD-100017 is at right now? I placed the order earlier today. I’d like to resolve this today.",en,True
CONV-00620,chat,I need some help. Has the refund for ORD-101200 been issued yet? I haven't changed anything on my account. Can you check?,en,True
CONV-00621,mobile_app,Quick question: I think I was charged more than once for a single checkout. I’m trying to sort this out before the end of the day. I’d like to resolve this today.,en,True
CONV-00622,mobile_app,"Hello, I received a security alert for an unfamiliar sign-in. This is my first time dealing with this issue. Please let me know.",en,True
CONV-00623,chat,What is the estimated delivery date for my package? I haven't changed anything on my account. Please let me know.,en,True
CONV-00624,web_form,Can you send me through the password recovery process? I haven't changed anything on my account. Please let me know.,en,True
CONV-00625,mobile_app,"Hello, My discount code isn't working. Thank you.",en,True
CONV-00626,mobile_app,Could you help me? Could you explain the available options for this product? I noticed this while reviewing my recent activity. I’d like to resolve this today.,en,True
CONV-00627,email,"Hi, I see two charges for the same purchase. I placed the order earlier today. Thanks.",en,True
CONV-00628,web_form,"Hi, Checkout keeps rejecting my payment. I’m trying to sort this out before the end of the day. I'd appreciate your help.",en,True
CONV-00629,mobile_app,"Hello, Can you cancel ORD-101965 for me? I haven't changed anything on my account.",en,True
CONV-00630,email,I need some help. The delivery date for ORD-100371 has passed and I'm still waiting.,en,True
CONV-00631,web_form,Could you help me? My payment is being declined at checkout. I’m trying to sort this out before the end of the day. I'd appreciate your help.,en,True
CONV-00632,web_form,I’m contacting support because Roughly how long will delivery take?,en,True
CONV-00633,web_form,I need some help. I placed ORD-100238 recently. What is happening with it? I haven't changed anything on my account. Please let me know.,en,True
CONV-00634,web_form,Quick question: I noticed a login I don't recognize. I placed the order earlier today. I’d like to resolve this today.,en,True
CONV-00635,mobile_app,Just checking — There is visible damage on the item I received. I placed the order earlier today. Any guidance would be helpful.,en,True
CONV-00636,chat,Quick question: I want to return ORD-100810. How do I start? I noticed this while reviewing my recent activity. I’d like to resolve this today.,en,True
CONV-00637,web_form,I’m contacting support because When should the refund appear in my account? Thank you.,en,True
CONV-00638,web_form,Just checking — The discount isn't being applied even though I entered the code. I noticed this while reviewing my recent activity. I’d like to resolve this today.,en,True
CONV-00639,web_form,Just checking — Where is ORD-104760 right now? I noticed this while reviewing my recent activity. Thanks.,en,True
CONV-00640,chat,"Hello, I entered the wrong delivery address. Can it be corrected? Thank you.",en,True
CONV-00641,web_form,Could you help me? Something about my account activity looks suspicious. I noticed this while reviewing my recent activity. I’d like to resolve this today.,en,True
CONV-00642,mobile_app,"Hi, Where can I request a password reset? I’m trying to sort this out before the end of the day. Any guidance would be helpful.",en,True
CONV-00643,email,"Please advise: I received the package, but one of the products is absent. I placed the order earlier today. Thanks.",en,True
CONV-00644,email,I need some help. The item I received isn't the one I ordered. Can you check?,en,True
CONV-00645,chat,"Hello, I don't recognize the amount billed for my membership. This is my first time dealing with this issue.",en,True
CONV-00646,chat,I wanted to check whether I need to redirect this package to another address. This is my first time dealing with this issue. Thank you.,en,True
CONV-00647,web_form,I’m contacting support because Where can I request a password reset? Please let me know.,en,True
CONV-00648,web_form,Quick question: The promotional code says it is invalid. I noticed this while reviewing my recent activity. I’d like to resolve this today.,en,True
CONV-00649,email,"Hello, What steps do I need to follow to return this product? This is my first time dealing with this issue. Thank you.",en,True
CONV-00650,web_form,I’m contacting support because Why was my subscription charged this month? Please let me know.,en,True
CONV-00651,email,Just checking — Can I change the shipping address for ORD-103705? I placed the order earlier today. Thanks.,en,True
CONV-00652,email,I’m contacting support because Could you explain the return process for this purchase? I haven't changed anything on my account. Please let me know.,en,True
CONV-00653,chat,Could you explain the available options for this product? Please let me know.,en,True
CONV-00654,mobile_app,"Quick question: The box arrived, but notebook wasn't inside. I noticed this while reviewing my recent activity. I'd appreciate your help.",en,True
CONV-00655,email,Could you help me? What is the estimated delivery date for my package? I placed the order earlier today. Thanks.,en,True
CONV-00656,mobile_app,I was sent the wrong model. This is my first time dealing with this issue. Please let me know.,en,True
CONV-00657,web_form,Just checking — I don't want the subscription to continue after this billing period. I noticed this while reviewing my recent activity. Thanks.,en,True
CONV-00658,web_form,What is the estimated delivery date for my package? I haven't changed anything on my account.,en,True
CONV-00659,mobile_app,Just checking — Has the refund for ORD-101135 been issued yet? I placed the order earlier today. Any guidance would be helpful.,en,True
CONV-00660,chat,I’m contacting support because When should the refund appear in my account? This is my first time dealing with this issue.,en,True
CONV-00661,mobile_app,Could you help me? Could you tell me the current status of my refund? I’m trying to sort this out before the end of the day. Any guidance would be helpful.,en,True
CONV-00662,mobile_app,Quick question: Do you have an update on ORD-100051? I want to know where it stands. I noticed this while reviewing my recent activity. Any guidance would be helpful.,en,True
CONV-00663,mobile_app,Please advise: I entered the wrong delivery address. Can it be corrected? I placed the order earlier today. I’d like to resolve this today.,en,True
CONV-00664,chat,I’m contacting support because When should the refund appear in my account? I haven't changed anything on my account.,en,True
CONV-00665,email,"Hi, I opened the package and found the product broken. I placed the order earlier today. I'd appreciate your help.",en,True
CONV-00666,chat,I need some help. Part of ORD-102688 was not included in the delivery. I haven't changed anything on my account. Thank you.,en,True
CONV-00667,web_form,I need some help. I’m planning around the delivery. When is it expected? This is my first time dealing with this issue.,en,True
CONV-00668,chat,I need some help. I can't recall my password and need to change it. I haven't changed anything on my account. Can you check?,en,True
CONV-00669,mobile_app,I’m contacting support because How can I prevent the plan from renewing? This is my first time dealing with this issue. Can you check?,en,True
CONV-00670,email,"I expected this shipment already, but it hasn't turned up.",en,True
CONV-00671,chat,I’m contacting support because How do I change the address attached to my order? Thank you.,en,True
CONV-00672,mobile_app,Could you help me? I’m checking on ORD-100195. Could you tell me its current status? I noticed this while reviewing my recent activity. Any guidance would be helpful.,en,True
CONV-00673,mobile_app,Just checking — Has the refund for ORD-101115 been issued yet? I noticed this while reviewing my recent activity. Thanks.,en,True
CONV-00674,mobile_app,I wanted to check whether I want to return ORD-100765. How do I start? Can you check?,en,True
CONV-00675,mobile_app,"Hello, Can you cancel ORD-101945 for me? This is my first time dealing with this issue. Can you check?",en,True
CONV-00676,mobile_app,Quick question: I need to create a new password because I can't remember mine. I’m trying to sort this out before the end of the day. Any guidance would be helpful.,en,True
CONV-00677,web_form,I wanted to check whether I need to create a new password because I can't remember mine. This is my first time dealing with this issue. Please let me know.,en,True
CONV-00678,web_form,"Hi, Checkout keeps rejecting my payment. I noticed this while reviewing my recent activity. I’d like to resolve this today.",en,True
CONV-00679,chat,I’m contacting support because Why was my subscription charged this month? I haven't changed anything on my account.,en,True
CONV-00680,mobile_app,Please advise: I forgot my password. How can I reset it? I placed the order earlier today. Any guidance would be helpful.,en,True
CONV-00681,chat,Please advise: I'm locked out of my account and need access. I placed the order earlier today. I’d like to resolve this today.,en,True
CONV-00682,chat,I need some help. I’m planning around the delivery. When is it expected? I haven't changed anything on my account. Please let me know.,en,True
CONV-00683,email,"Hi, When should the refund appear in my account? I noticed this while reviewing my recent activity. I'd appreciate your help.",en,True
CONV-00684,email,Just checking — Can I change the shipping address for ORD-103745? I noticed this while reviewing my recent activity. Thanks.,en,True
CONV-00685,email,Could you help me? My subscription payment was higher than I expected. I placed the order earlier today. I'd appreciate your help.,en,True
CONV-00686,email,I’m contacting support because Where should I enter my promo code? I haven't changed anything on my account.,en,True
CONV-00687,chat,I’m checking on ORD-100120. Could you tell me its current status?,en,True
CONV-00688,chat,I need some help. There is visible damage on the item I received. This is my first time dealing with this issue. Can you check?,en,True
CONV-00689,chat,"Hi, Where should I enter my promo code? I noticed this while reviewing my recent activity. Thanks.",en,True
CONV-00690,web_form,Quick question: I want to track the package that was just dispatched. I placed the order earlier today. Thanks.,en,True
CONV-00691,chat,Just checking — The discount isn't being applied even though I entered the code. I’m trying to sort this out before the end of the day. Any guidance would be helpful.,en,True
CONV-00692,mobile_app,"Hi, I need the specifications before I decide whether to buy it. I placed the order earlier today. I'd appreciate your help.",en,True
CONV-00693,web_form,"Hello, Would you mind checking the latest status of ORD-100134? This is my first time dealing with this issue. Please let me know.",en,True
CONV-00694,web_form,Just checking — The item I received isn't the one I ordered. I noticed this while reviewing my recent activity. I’d like to resolve this today.,en,True
CONV-00695,chat,Just checking — Can you help me cancel my recent order? I placed the order earlier today. I'd appreciate your help.,en,True
CONV-00696,email,I wanted to check whether The delivered item doesn't match my order. Can you check?,en,True
CONV-00697,chat,"Hello, Would you mind checking the latest status of ORD-100184? I haven't changed anything on my account.",en,True
CONV-00698,web_form,"Hi, Checkout keeps rejecting my payment. I placed the order earlier today. I’d like to resolve this today.",en,True
CONV-00699,web_form,Please advise: My package contains a different product. I placed the order earlier today. I’d like to resolve this today.,en,True
CONV-00700,mobile_app,Could you help me? What is the estimated delivery date for my package? I noticed this while reviewing my recent activity. I’d like to resolve this today.,en,True
CONV-00701,email,Could you help me? Could you explain the available options for this product? I’m trying to sort this out before the end of the day. Any guidance would be helpful.,en,True
CONV-00702,web_form,I wanted to check whether I have a question about the charge on my recurring plan. This is my first time dealing with this issue. Please let me know.,en,True
CONV-00703,email,Quick question: I need to create a new password because I can't remember mine. I placed the order earlier today. I'd appreciate your help.,en,True
CONV-00704,email,"Please advise: I received the package, but one of the products is absent. I noticed this while reviewing my recent activity. Thanks.",en,True
CONV-00705,mobile_app,I wanted to check whether I want to track the package that was just dispatched. I haven't changed anything on my account. Can you check?,en,True
CONV-00706,mobile_app,"Hello, Can you show me the latest tracking update for my shipment? This is my first time dealing with this issue. Can you check?",en,True
CONV-00707,email,Just checking — There is visible damage on the item I received. I’m trying to sort this out before the end of the day. I'd appreciate your help.,en,True
CONV-00708,email,I need some help. The delivery date for ORD-100251 has passed and I'm still waiting.,en,True
CONV-00709,web_form,"Hello, I entered the wrong delivery address. Can it be corrected? Can you check?",en,True
CONV-00710,mobile_app,"Hi, How do I change the address attached to my order? I noticed this while reviewing my recent activity. I'd appreciate your help.",en,True
CONV-00711,mobile_app,Just checking — Can you explain the latest recurring charge? I’m trying to sort this out before the end of the day. Any guidance would be helpful.,en,True
CONV-00712,mobile_app,Please advise: Why are there duplicate transactions for one order? I’m trying to sort this out before the end of the day. I’d like to resolve this today.,en,True
CONV-00713,web_form,I’m contacting support because Can you see what stage ORD-100122 is at right now? This is my first time dealing with this issue. Thank you.,en,True
CONV-00714,email,I need some help. The discount isn't being applied even though I entered the code. I haven't changed anything on my account.,en,True
CONV-00715,mobile_app,"Hello, I received a security alert for an unfamiliar sign-in. I haven't changed anything on my account. Please let me know.",en,True
CONV-00716,email,I no longer want this order. Is cancellation still possible? Thank you.,en,True
CONV-00717,chat,Please update the destination before the order ships. I haven't changed anything on my account. Thank you.,en,True
CONV-00718,mobile_app,Quick question: Can you give me an ETA for this shipment? I placed the order earlier today. I’d like to resolve this today.,en,True
CONV-00719,email,"I wanted to check whether I have tried several times, but the transaction won't go through. This is my first time dealing with this issue. Can you check?",en,True
CONV-00720,email,Please advise: I forgot my password. How can I reset it? I placed the order earlier today. I'd appreciate your help.,en,True
CONV-00721,email,I want to cancel my subscription. I haven't changed anything on my account. Please let me know.,en,True
CONV-00722,chat,"Hello, I'm still waiting for the money from my return. Can you check? I haven't changed anything on my account. Can you check?",en,True
CONV-00723,web_form,"Hi, Could you explain the return process for this purchase? I’m trying to sort this out before the end of the day. Thanks.",en,True
CONV-00724,chat,Just checking — I don't want the subscription to continue after this billing period. I’m trying to sort this out before the end of the day. I’d like to resolve this today.,en,True
CONV-00725,web_form,"Hi, I can't sign in to my account. I noticed this while reviewing my recent activity. Any guidance would be helpful.",en,True
CONV-00726,mobile_app,I’m contacting support because Could you tell me the current location or transit stage of my parcel?,en,True
CONV-00727,web_form,"Hi, Could you explain the return process for this purchase? I placed the order earlier today. Thanks.",en,True
CONV-00728,chat,"Hello, When should ORD-100720 arrive? This is my first time dealing with this issue. Thank you.",en,True
CONV-00729,web_form,One product from my order is missing. This is my first time dealing with this issue.,en,True
CONV-00730,web_form,"Hello, I received the package, but one of the products is absent.",en,True
CONV-00731,mobile_app,Has the courier scanned ORD-104877 yet? Can you check?,en,True
CONV-00732,web_form,I wanted to check whether Can you give me an ETA for this shipment? I haven't changed anything on my account. Can you check?,en,True
CONV-00733,chat,"Hi, How can I prevent the plan from renewing? I noticed this while reviewing my recent activity. I’d like to resolve this today.",en,True
CONV-00734,chat,I’m contacting support because When should the refund appear in my account?,en,True
CONV-00735,mobile_app,I need some help. Where is ORD-104845 right now? I haven't changed anything on my account. Can you check?,en,True
CONV-00736,mobile_app,"Hello, Can you show me the latest tracking update for my shipment?",en,True
CONV-00737,chat,"Could you help me? I expected this shipment already, but it hasn't turned up. I’m trying to sort this out before the end of the day. Any guidance would be helpful.",en,True
CONV-00738,web_form,Please advise: What steps do I need to follow to return this product? I noticed this while reviewing my recent activity. Any guidance would be helpful.,en,True
CONV-00739,email,"Hello, I received a security alert for an unfamiliar sign-in.",en,True
CONV-00740,chat,Quick question: The promised delivery window is over for ORD-100274. I placed the order earlier today. Thanks.,en,True
CONV-00741,chat,"Hello, I received the package, but one of the products is absent. I haven't changed anything on my account. Thank you.",en,True
CONV-00742,email,Just checking — I’m planning around the delivery. When is it expected? I placed the order earlier today. Thanks.,en,True
CONV-00743,email,Please advise: I entered the wrong delivery address. Can it be corrected? I’m trying to sort this out before the end of the day. Thanks.,en,True
CONV-00744,email,Could you help me? My subscription payment was higher than I expected. I’m trying to sort this out before the end of the day. I'd appreciate your help.,en,True
CONV-00745,web_form,Could you help me? Has the courier scanned ORD-104892 yet? I noticed this while reviewing my recent activity. Any guidance would be helpful.,en,True
CONV-00746,chat,Quick question: I keep getting rejected when I try to sign in. I placed the order earlier today. I'd appreciate your help.,en,True
CONV-00747,email,Please advise: When should ORD-100605 arrive? I’m trying to sort this out before the end of the day. Thanks.,en,True
CONV-00748,web_form,"Hi, Could you explain the return process for this purchase? I placed the order earlier today. Thanks.",en,True
CONV-00749,mobile_app,Quick question: Can you give me an ETA for this shipment? I’m trying to sort this out before the end of the day. I’d like to resolve this today.,en,True
CONV-00750,mobile_app,Just checking — What exactly is included with this item? I placed the order earlier today. I’d like to resolve this today.,en,True
CONV-00751,email,I was sent the wrong model. I haven't changed anything on my account.,en,True
CONV-00752,email,Something about my account activity looks suspicious. This is my first time dealing with this issue.,en,True
CONV-00753,chat,Quick question: I want to track the package that was just dispatched. I’m trying to sort this out before the end of the day. I'd appreciate your help.,en,True
CONV-00754,chat,Please advise: Can you show me the latest tracking update for my shipment? I noticed this while reviewing my recent activity. I’d like to resolve this today.,en,True
CONV-00755,chat,"Hi, How can I prevent the plan from renewing? I’m trying to sort this out before the end of the day. I'd appreciate your help.",en,True
CONV-00756,chat,"Could you help me? I expected this shipment already, but it hasn't turned up. I placed the order earlier today. Thanks.",en,True
CONV-00757,mobile_app,"Could you help me? My delivery arrived, but the item inside is damaged. I noticed this while reviewing my recent activity. Thanks.",en,True
CONV-00758,chat,"I wanted to check whether The box arrived, but adapter wasn't inside. This is my first time dealing with this issue. Thank you.",en,True
CONV-00759,mobile_app,Could you help me? My subscription payment was higher than I expected. I’m trying to sort this out before the end of the day. Any guidance would be helpful.,en,True
CONV-00760,chat,Could you help me? Something about my account activity looks suspicious. I noticed this while reviewing my recent activity. Thanks.,en,True
CONV-00761,email,Just checking — Can I change the shipping address for ORD-103725? I’m trying to sort this out before the end of the day. Any guidance would be helpful.,en,True
CONV-00762,web_form,Could you help me? My payment is being declined at checkout. I placed the order earlier today. I'd appreciate your help.,en,True
CONV-00763,web_form,The same purchase appears twice on my card statement. I haven't changed anything on my account. Can you check?,en,True
CONV-00764,mobile_app,Something about my account activity looks suspicious. Please let me know.,en,True
CONV-00765,web_form,I need some help. Can you explain the latest recurring charge? Please let me know.,en,True
CONV-00766,web_form,"Hi, Could you explain the return process for this purchase? I noticed this while reviewing my recent activity. Any guidance would be helpful.",en,True
CONV-00767,web_form,I need some help. Has the refund for ORD-101010 been issued yet? Please let me know.,en,True
CONV-00768,chat,Quick question: I keep getting rejected when I try to sign in. I noticed this while reviewing my recent activity. I’d like to resolve this today.,en,True
CONV-00769,mobile_app,I’m contacting support because I can't sign in to my account.,en,True
CONV-00770,chat,Please advise: Can you cancel ORD-101870 for me? I placed the order earlier today. I’d like to resolve this today.,en,True
CONV-00771,email,"Could you help me? My delivery arrived, but the item inside is damaged. I placed the order earlier today. I'd appreciate your help.",en,True
CONV-00772,email,"Quick question: The item was returned, but I haven't received the refund. I’m trying to sort this out before the end of the day. I’d like to resolve this today.",en,True
CONV-00773,web_form,Quick question: Please stop ORD-101832 before it is dispatched. I noticed this while reviewing my recent activity. Any guidance would be helpful.,en,True
CONV-00774,web_form,Just checking — The delivery date for ORD-100376 has passed and I'm still waiting. I placed the order earlier today. I'd appreciate your help.,en,True
CONV-00775,mobile_app,I need some help. I don't want the subscription to continue after this billing period. I haven't changed anything on my account.,en,True
CONV-00776,chat,"Hello, I entered the wrong delivery address. Can it be corrected? Please let me know.",en,True
CONV-00777,chat,Please advise: What steps do I need to follow to return this product? I noticed this while reviewing my recent activity. I'd appreciate your help.,en,True
CONV-00778,chat,"Could you help me? I expected this shipment already, but it hasn't turned up. I’m trying to sort this out before the end of the day. Thanks.",en,True
CONV-00779,web_form,"I wanted to check whether The item was returned, but I haven't received the refund. I haven't changed anything on my account. Thank you.",en,True
CONV-00780,email,"Hello, Could you help me end my recurring plan? Please let me know.",en,True
CONV-00781,web_form,Please advise: I'm locked out of my account and need access. I’m trying to sort this out before the end of the day. Thanks.,en,True
CONV-00782,chat,I wanted to check whether The item arrived damaged. What should I do? I haven't changed anything on my account.,en,True
CONV-00783,mobile_app,"Hi, Why was my subscription charged this month? I’m trying to sort this out before the end of the day. Any guidance would be helpful.",en,True
CONV-00784,web_form,I’m contacting support because My multi-item order is incomplete. This is my first time dealing with this issue.,en,True
CONV-00785,chat,"Hello, I don't recognize the amount billed for my membership. This is my first time dealing with this issue. Can you check?",en,True
CONV-00786,mobile_app,"Hello, I'm locked out of my account and need access. I haven't changed anything on my account. Can you check?",en,True
CONV-00787,email,I’m contacting support because How can I prevent the plan from renewing? Thank you.,en,True
CONV-00788,web_form,"I wanted to check whether The item was returned, but I haven't received the refund. I haven't changed anything on my account. Thank you.",en,True
CONV-00789,email,Something about my account activity looks suspicious. This is my first time dealing with this issue. Can you check?,en,True
CONV-00790,web_form,Please advise: I can't finish the purchase because the payment isn't accepted. I placed the order earlier today. I’d like to resolve this today.,en,True
CONV-00791,email,Could you help me? One product from my order is missing. I’m trying to sort this out before the end of the day. Any guidance would be helpful.,en,True
CONV-00792,email,Just checking — It looks like I was billed twice for ORD-101721. I placed the order earlier today. Thanks.,en,True
CONV-00793,mobile_app,Please advise: Does this product come with the accessories shown? I’m trying to sort this out before the end of the day. I’d like to resolve this today.,en,True
CONV-00794,mobile_app,Could you help me? I’m checking on ORD-100175. Could you tell me its current status? I’m trying to sort this out before the end of the day. Thanks.,en,True
CONV-00795,mobile_app,I wanted to check whether I want to track the package that was just dispatched. I haven't changed anything on my account. Can you check?,en,True
CONV-00796,mobile_app,I need some help. Can you help me cancel my recent order? This is my first time dealing with this issue.,en,True
CONV-00797,email,Could you help me? I’m checking on ORD-100045. Could you tell me its current status? I noticed this while reviewing my recent activity. I'd appreciate your help.,en,True
CONV-00798,mobile_app,Something about my account activity looks suspicious. This is my first time dealing with this issue. Thank you.,en,True
CONV-00799,web_form,Could you explain the available options for this product? Can you check?,en,True
CONV-00800,mobile_app,Just checking — Has the refund for ORD-101075 been issued yet? I placed the order earlier today. Thanks.,en,True
CONV-00801,mobile_app,I wanted to check whether I keep getting rejected when I try to sign in. This is my first time dealing with this issue. Can you check?,en,True
CONV-00802,chat,I wanted to check whether I think I was charged more than once for a single checkout. I haven't changed anything on my account. Please let me know.,en,True
CONV-00803,mobile_app,I’m contacting support because Something different was packed instead of what I purchased. This is my first time dealing with this issue. Thank you.,en,True
CONV-00804,web_form,"Quick question: I have tried several times, but the transaction won't go through. I’m trying to sort this out before the end of the day. I'd appreciate your help.",en,True
CONV-00805,chat,Quick question: The delivered item doesn't match my order. I noticed this while reviewing my recent activity. Thanks.,en,True
CONV-00806,chat,Quick question: Please stop my recurring membership. I placed the order earlier today. I'd appreciate your help.,en,True
CONV-00807,web_form,I’m contacting support because Where can I request a password reset? This is my first time dealing with this issue. Please let me know.,en,True
CONV-00808,chat,"Hello, Does this product come with the accessories shown? I haven't changed anything on my account. Please let me know.",en,True
CONV-00809,email,"I expected this shipment already, but it hasn't turned up. This is my first time dealing with this issue.",en,True
CONV-00810,chat,Quick question: I want to track the package that was just dispatched. I placed the order earlier today. I'd appreciate your help.,en,True
CONV-00811,chat,Just checking — I changed my mind and would like to send the item back. I placed the order earlier today. I’d like to resolve this today.,en,True
CONV-00812,email,Could you help me? The same purchase appears twice on my card statement. I’m trying to sort this out before the end of the day. Thanks.,en,True
CONV-00813,chat,"I wanted to check whether The item was returned, but I haven't received the refund. This is my first time dealing with this issue. Can you check?",en,True
CONV-00814,chat,"Hello, Why are there duplicate transactions for one order? This is my first time dealing with this issue. Please let me know.",en,True
CONV-00815,web_form,Quick question: I noticed a login I don't recognize. I placed the order earlier today. I'd appreciate your help.,en,True
CONV-00816,email,Please advise: I forgot my password. How can I reset it? I noticed this while reviewing my recent activity. I’d like to resolve this today.,en,True
CONV-00817,web_form,"Hi, Something different was packed instead of what I purchased. I’m trying to sort this out before the end of the day. I’d like to resolve this today.",en,True
CONV-00818,mobile_app,Just checking — Can I change the shipping address for ORD-103575? I’m trying to sort this out before the end of the day. I'd appreciate your help.,en,True
CONV-00819,chat,Just checking — Where is ORD-104870 right now? I placed the order earlier today. I'd appreciate your help.,en,True
CONV-00820,mobile_app,I need some help. The item I received isn't the one I ordered. I haven't changed anything on my account. Please let me know.,en,True
CONV-00821,web_form,Just checking — I changed my mind and would like to send the item back. I’m trying to sort this out before the end of the day. Thanks.,en,True
CONV-00822,chat,Could you help me? Has the courier scanned ORD-104942 yet? I placed the order earlier today. I'd appreciate your help.,en,True
CONV-00823,email,"Hi, Where can I request a password reset? I placed the order earlier today. I’d like to resolve this today.",en,True
CONV-00824,mobile_app,Could you help me? Could you explain the available options for this product? I placed the order earlier today. I’d like to resolve this today.,en,True
CONV-00825,email,Could you help me? One product from my order is missing. I’m trying to sort this out before the end of the day. Thanks.,en,True
CONV-00826,mobile_app,"Hello, I can't finish the purchase because the payment isn't accepted. Thank you.",en,True
CONV-00827,email,I need some help. I changed my mind and would like to send the item back. Please let me know.,en,True
CONV-00828,email,"Hi, When should the refund appear in my account? I’m trying to sort this out before the end of the day. I'd appreciate your help.",en,True
CONV-00829,mobile_app,I need some help. I don't want the subscription to continue after this billing period. I haven't changed anything on my account.,en,True
CONV-00830,email,Just checking — Can I change the shipping address for ORD-103545? I’m trying to sort this out before the end of the day. Thanks.,en,True
CONV-00831,mobile_app,Why is the coupon being rejected at checkout? I haven't changed anything on my account. Please let me know.,en,True
CONV-00832,mobile_app,I no longer want this order. Is cancellation still possible? This is my first time dealing with this issue. Can you check?,en,True
CONV-00833,email,I need some help. The delivery date for ORD-100351 has passed and I'm still waiting. I haven't changed anything on my account. Can you check?,en,True
CONV-00834,chat,Quick question: I want to track the package that was just dispatched. I noticed this while reviewing my recent activity. I’d like to resolve this today.,en,True
CONV-00835,mobile_app,"Hello, I received a security alert for an unfamiliar sign-in. I haven't changed anything on my account. Thank you.",en,True
CONV-00836,email,"Quick question: The box arrived, but mug wasn't inside. I’m trying to sort this out before the end of the day. Any guidance would be helpful.",en,True
CONV-00837,mobile_app,"Hello, Can you show me the latest tracking update for my shipment? This is my first time dealing with this issue. Can you check?",en,True
CONV-00838,web_form,I’m contacting support because Roughly how long will delivery take?,en,True
CONV-00839,web_form,I’m contacting support because My multi-item order is incomplete.,en,True
CONV-00840,web_form,I’m contacting support because My multi-item order is incomplete. This is my first time dealing with this issue. Can you check?,en,True
CONV-00841,email,"Hi, I need the specifications before I decide whether to buy it. I’m trying to sort this out before the end of the day. Any guidance would be helpful.",en,True
CONV-00842,web_form,"Could you help me? I expected this shipment already, but it hasn't turned up. I noticed this while reviewing my recent activity. I’d like to resolve this today.",en,True
CONV-00843,mobile_app,"Hi, I see two charges for the same purchase. I’m trying to sort this out before the end of the day. I’d like to resolve this today.",en,True
CONV-00844,mobile_app,"Hello, What steps do I need to follow to return this product? This is my first time dealing with this issue.",en,True
CONV-00845,chat,Just checking — The delivery date for ORD-100366 has passed and I'm still waiting. I’m trying to sort this out before the end of the day. Any guidance would be helpful.,en,True
CONV-00846,web_form,I’m contacting support because I need the specifications before I decide whether to buy it. Can you check?,en,True
CONV-00847,web_form,"Hello, The product has a crack that wasn't shown in the listing. I haven't changed anything on my account. Please let me know.",en,True
CONV-00848,web_form,My subscription payment was higher than I expected. I haven't changed anything on my account. Please let me know.,en,True
CONV-00849,chat,Please advise: Can you show me the latest tracking update for my shipment? I placed the order earlier today. I'd appreciate your help.,en,True
CONV-00850,email,I need some help. The discount isn't being applied even though I entered the code. This is my first time dealing with this issue. Can you check?,en,True
CONV-00851,web_form,I need some help. It looks like I was billed twice for ORD-101746.,en,True
CONV-00852,mobile_app,Please advise: Would you mind checking the latest status of ORD-100019? I’m trying to sort this out before the end of the day. Any guidance would be helpful.,en,True
CONV-00853,chat,"Hi, Checkout keeps rejecting my payment. I’m trying to sort this out before the end of the day. Any guidance would be helpful.",en,True
CONV-00854,mobile_app,Could you help me? Please update the destination before the order ships. I placed the order earlier today. I'd appreciate your help.,en,True
CONV-00855,email,"Quick question: The box arrived, but mug wasn't inside. I placed the order earlier today. Any guidance would be helpful.",en,True
CONV-00856,web_form,I need some help. I placed ORD-100218 recently. What is happening with it? This is my first time dealing with this issue. Thank you.,en,True
CONV-00857,email,I’m contacting support because Checkout keeps rejecting my payment. I haven't changed anything on my account.,en,True
CONV-00858,chat,"Could you help me? I expected this shipment already, but it hasn't turned up. I’m trying to sort this out before the end of the day. Any guidance would be helpful.",en,True
CONV-00859,web_form,I wanted to check whether I have a question about the charge on my recurring plan. This is my first time dealing with this issue. Please let me know.,en,True
CONV-00860,chat,"Hi, I can't sign in to my account. I’m trying to sort this out before the end of the day. I'd appreciate your help.",en,True
CONV-00861,web_form,Please advise: I received a security alert for an unfamiliar sign-in. I’m trying to sort this out before the end of the day. I’d like to resolve this today.,en,True
CONV-00862,mobile_app,"Hello, I received a security alert for an unfamiliar sign-in. This is my first time dealing with this issue. Thank you.",en,True
CONV-00863,email,Could you help me? One product from my order is missing. I noticed this while reviewing my recent activity. Thanks.,en,True
CONV-00864,web_form,I wanted to check whether Can you tell me more about this product's features? Can you check?,en,True
CONV-00865,chat,I wanted to check whether I need to redirect this package to another address. Please let me know.,en,True
CONV-00866,email,My account suddenly won't let me log in. This is my first time dealing with this issue. Thank you.,en,True
CONV-00867,chat,Just checking — I changed my mind and would like to send the item back. I’m trying to sort this out before the end of the day. I’d like to resolve this today.,en,True
CONV-00868,mobile_app,"Hello, I'm locked out of my account and need access. This is my first time dealing with this issue. Can you check?",en,True
CONV-00869,chat,"Hello, The product has a crack that wasn't shown in the listing. I haven't changed anything on my account. Can you check?",en,True
CONV-00870,mobile_app,I need some help. Where is ORD-104785 right now? I haven't changed anything on my account.,en,True
CONV-00871,email,Just checking — There is visible damage on the item I received. I noticed this while reviewing my recent activity. I'd appreciate your help.,en,True
CONV-00872,web_form,I wanted to check whether Can you give me an ETA for this shipment? This is my first time dealing with this issue.,en,True
CONV-00873,mobile_app,Just checking — I placed ORD-100203 recently. What is happening with it? I placed the order earlier today. Any guidance would be helpful.,en,True
CONV-00874,chat,Could you help me? Why is the coupon being rejected at checkout? I’m trying to sort this out before the end of the day. Thanks.,en,True
CONV-00875,chat,Please advise: I received a security alert for an unfamiliar sign-in. I placed the order earlier today. Thanks.,en,True
CONV-00876,mobile_app,I wanted to check whether I keep getting rejected when I try to sign in.,en,True
CONV-00877,email,Please advise: I forgot my password. How can I reset it? I’m trying to sort this out before the end of the day. I’d like to resolve this today.,en,True
CONV-00878,web_form,"I wanted to check whether The item was returned, but I haven't received the refund. This is my first time dealing with this issue. Please let me know.",en,True
CONV-00879,mobile_app,Could you help me? The same purchase appears twice on my card statement. I placed the order earlier today. I'd appreciate your help.,en,True
CONV-00880,chat,Could you tell me the current status of my refund? I haven't changed anything on my account. Can you check?,en,True
CONV-00881,web_form,The same purchase appears twice on my card statement. This is my first time dealing with this issue. Can you check?,en,True
CONV-00882,mobile_app,"I wanted to check whether I have tried several times, but the transaction won't go through. This is my first time dealing with this issue. Thank you.",en,True
CONV-00883,chat,Quick question: The delivered item doesn't match my order. I placed the order earlier today. Thanks.,en,True
CONV-00884,chat,Quick question: I noticed a login I don't recognize. I noticed this while reviewing my recent activity. Thanks.,en,True
CONV-00885,email,Quick question: Can you give me an ETA for this shipment? I noticed this while reviewing my recent activity. Thanks.,en,True
CONV-00886,mobile_app,Please advise: Why are there duplicate transactions for one order? I’m trying to sort this out before the end of the day. I’d like to resolve this today.,en,True
CONV-00887,chat,I need some help. What exactly is included with this item? This is my first time dealing with this issue. Please let me know.,en,True
CONV-00888,chat,Please update the destination before the order ships. This is my first time dealing with this issue. Thank you.,en,True
CONV-00889,chat,I’m contacting support because Roughly how long will delivery take? I haven't changed anything on my account. Please let me know.,en,True
CONV-00890,mobile_app,Quick question: I have a question about the charge on my recurring plan. I’m trying to sort this out before the end of the day. Any guidance would be helpful.,en,True
CONV-00891,web_form,Can you send me through the password recovery process? This is my first time dealing with this issue. Please let me know.,en,True
CONV-00892,web_form,Could you help me? Has the courier scanned ORD-104932 yet? I’m trying to sort this out before the end of the day. Any guidance would be helpful.,en,True
CONV-00893,chat,"Hi, I think someone may have accessed my account. I placed the order earlier today. Thanks.",en,True
CONV-00894,web_form,One product from my order is missing. This is my first time dealing with this issue. Can you check?,en,True
CONV-00895,mobile_app,I’m contacting support because Where should I enter my promo code? Thank you.,en,True
CONV-00896,chat,I wanted to check whether I need to create a new password because I can't remember mine. Can you check?,en,True
CONV-00897,chat,"My delivery arrived, but the item inside is damaged. This is my first time dealing with this issue. Can you check?",en,True
CONV-00898,email,I wanted to check whether I noticed a login I don't recognize. I haven't changed anything on my account.,en,True
CONV-00899,web_form,Just checking — There are changes in my profile that I didn't make. I noticed this while reviewing my recent activity. I’d like to resolve this today.,en,True
CONV-00900,mobile_app,I wanted to check whether I noticed a login I don't recognize. Please let me know.,en,True
CONV-00901,email,Please help me arrange a return. Please let me know.,en,True
CONV-00902,email,Something about my account activity looks suspicious. This is my first time dealing with this issue. Can you check?,en,True
CONV-00903,web_form,Please advise: My discount code isn't working. I placed the order earlier today. I'd appreciate your help.,en,True
CONV-00904,web_form,"I wanted to check whether The box arrived, but case wasn't inside. I haven't changed anything on my account.",en,True
CONV-00905,chat,Quick question: I want to track the package that was just dispatched. I placed the order earlier today. I’d like to resolve this today.,en,True
CONV-00906,email,I need some help. I changed my mind and would like to send the item back. I haven't changed anything on my account. Thank you.,en,True
CONV-00907,mobile_app,Just checking — Part of ORD-102683 was not included in the delivery. I placed the order earlier today. I'd appreciate your help.,en,True
CONV-00908,web_form,"Hello, Would you mind checking the latest status of ORD-100214? I haven't changed anything on my account. Please let me know.",en,True
CONV-00909,email,I’m contacting support because I think someone may have accessed my account. This is my first time dealing with this issue. Can you check?,en,True
CONV-00910,chat,"Hi, Where should I enter my promo code? I placed the order earlier today. Thanks.",en,True
CONV-00911,email,"Hi, Roughly how long will delivery take? I placed the order earlier today. Thanks.",en,True
CONV-00912,mobile_app,Could you help me? The same purchase appears twice on my card statement. I noticed this while reviewing my recent activity. I'd appreciate your help.,en,True
CONV-00913,chat,"Hi, Something different was packed instead of what I purchased. I placed the order earlier today. Any guidance would be helpful.",en,True
CONV-00914,web_form,"Hello, The product has a crack that wasn't shown in the listing. This is my first time dealing with this issue. Please let me know.",en,True
CONV-00915,chat,Just checking — I don't want the subscription to continue after this billing period. I noticed this while reviewing my recent activity. I'd appreciate your help.,en,True
CONV-00916,chat,Could you help me? I was sent the wrong model. I placed the order earlier today. Any guidance would be helpful.,en,True
CONV-00917,mobile_app,Just checking — Can I change the shipping address for ORD-103635? I’m trying to sort this out before the end of the day. I’d like to resolve this today.,en,True
CONV-00918,email,"Hi, Why was my subscription charged this month? I placed the order earlier today. I’d like to resolve this today.",en,True
CONV-00919,chat,"Hi, Where should I enter my promo code? I’m trying to sort this out before the end of the day. Any guidance would be helpful.",en,True
CONV-00920,chat,I wanted to check whether Do you have an update on ORD-100196? I want to know where it stands. I haven't changed anything on my account. Can you check?,en,True
CONV-00921,mobile_app,Just checking — What exactly is included with this item? I placed the order earlier today. I'd appreciate your help.,en,True
CONV-00922,mobile_app,Could you help me? The same purchase appears twice on my card statement. I’m trying to sort this out before the end of the day. I'd appreciate your help.,en,True
CONV-00923,chat,Could you help me? My payment is being declined at checkout. I noticed this while reviewing my recent activity. Any guidance would be helpful.,en,True
CONV-00924,email,Please help me arrange a return. Please let me know.,en,True
CONV-00925,web_form,I need some help. What exactly is included with this item? This is my first time dealing with this issue.,en,True
CONV-00926,email,Please advise: I entered the wrong delivery address. Can it be corrected? I placed the order earlier today. Any guidance would be helpful.,en,True
CONV-00927,chat,Please advise: Could you help me end my recurring plan? I noticed this while reviewing my recent activity. I’d like to resolve this today.,en,True
CONV-00928,chat,Just checking — Where is ORD-104990 right now? I placed the order earlier today. I'd appreciate your help.,en,True
CONV-00929,email,I need some help. I changed my mind and would like to send the item back. This is my first time dealing with this issue. Please let me know.,en,True
CONV-00930,mobile_app,My payment is being declined at checkout. Thank you.,en,True
CONV-00931,chat,I need some help. I placed ORD-100068 recently. What is happening with it? This is my first time dealing with this issue. Can you check?,en,True
CONV-00932,web_form,I’m contacting support because Why was my subscription charged this month? This is my first time dealing with this issue. Thank you.,en,True
CONV-00933,email,"Hello, Can you cancel ORD-101815 for me? I haven't changed anything on my account. Thank you.",en,True
CONV-00934,chat,I’m contacting support because Roughly how long will delivery take? Thank you.,en,True
CONV-00935,mobile_app,Just checking — There is visible damage on the item I received. I noticed this while reviewing my recent activity. Thanks.,en,True
CONV-00936,chat,I wanted to check whether Do you have an update on ORD-100096? I want to know where it stands.,en,True
CONV-00937,email,Just checking — Can you explain the latest recurring charge? I noticed this while reviewing my recent activity. I'd appreciate your help.,en,True
CONV-00938,mobile_app,"Hello, I received a security alert for an unfamiliar sign-in. Thank you.",en,True
CONV-00939,mobile_app,Please advise: Would you mind checking the latest status of ORD-100139? I’m trying to sort this out before the end of the day. Any guidance would be helpful.,en,True
CONV-00940,chat,"Hi, Could you tell me the current location or transit stage of my parcel? I placed the order earlier today. I’d like to resolve this today.",en,True
CONV-00941,web_form,I’m contacting support because My multi-item order is incomplete. This is my first time dealing with this issue. Can you check?,en,True
CONV-00942,mobile_app,Could you help me? My subscription payment was higher than I expected. I’m trying to sort this out before the end of the day. Thanks.,en,True
CONV-00943,web_form,Could you help me? Has the courier scanned ORD-104772 yet? I noticed this while reviewing my recent activity. Any guidance would be helpful.,en,True
CONV-00944,web_form,I need some help. It looks like I was billed twice for ORD-101606. I haven't changed anything on my account. Can you check?,en,True
CONV-00945,email,Quick question: I think I was charged more than once for a single checkout. I noticed this while reviewing my recent activity. Any guidance would be helpful.,en,True
CONV-00946,mobile_app,Quick question: I think I was charged more than once for a single checkout. I noticed this while reviewing my recent activity. I’d like to resolve this today.,en,True
CONV-00947,web_form,I wanted to check whether I think I was charged more than once for a single checkout. This is my first time dealing with this issue. Can you check?,en,True
CONV-00948,mobile_app,"Could you help me? My delivery arrived, but the item inside is damaged. I noticed this while reviewing my recent activity. Any guidance would be helpful.",en,True
CONV-00949,email,"I expected this shipment already, but it hasn't turned up. This is my first time dealing with this issue. Can you check?",en,True
CONV-00950,chat,Just checking — The item I received isn't the one I ordered. I placed the order earlier today. Thanks.,en,True
CONV-00951,mobile_app,"Hi, Where can I request a password reset? I’m trying to sort this out before the end of the day. Thanks.",en,True
CONV-00952,web_form,Could you explain the available options for this product?,en,True
CONV-00953,web_form,I need some help. I’m planning around the delivery. When is it expected? This is my first time dealing with this issue. Can you check?,en,True
CONV-00954,chat,Please advise: Could you help me end my recurring plan? I’m trying to sort this out before the end of the day. I’d like to resolve this today.,en,True
CONV-00955,email,Please advise: When should ORD-100625 arrive? I noticed this while reviewing my recent activity. Any guidance would be helpful.,en,True
CONV-00956,chat,"Hi, ORD-100450 was due on Wednesday, but it still hasn't arrived. I’m trying to sort this out before the end of the day. Thanks.",en,True
CONV-00957,email,"Hello, I can't finish the purchase because the payment isn't accepted. I haven't changed anything on my account. Can you check?",en,True
CONV-00958,web_form,Please advise: My package contains a different product. I placed the order earlier today. I'd appreciate your help.,en,True
CONV-00959,web_form,I need some help. What exactly is included with this item? Can you check?,en,True
CONV-00960,web_form,Quick question: I keep getting rejected when I try to sign in. I’m trying to sort this out before the end of the day. Thanks.,en,True
CONV-00961,email,Quick question: I think I was charged more than once for a single checkout. I noticed this while reviewing my recent activity. Thanks.,en,True
CONV-00962,web_form,I’m contacting support because When should the refund appear in my account? Please let me know.,en,True
CONV-00963,web_form,I wanted to check whether I need to redirect this package to another address. I haven't changed anything on my account. Can you check?,en,True
CONV-00964,email,Please advise: Why are there duplicate transactions for one order? I noticed this while reviewing my recent activity. Any guidance would be helpful.,en,True
CONV-00965,chat,I’m contacting support because How do I change the address attached to my order? This is my first time dealing with this issue. Please let me know.,en,True
CONV-00966,chat,Could you explain the available options for this product? This is my first time dealing with this issue. Thank you.,en,True
CONV-00967,web_form,I’m checking on ORD-100150. Could you tell me its current status? Please let me know.,en,True
CONV-00968,web_form,Could you help me? My payment is being declined at checkout. I noticed this while reviewing my recent activity. I'd appreciate your help.,en,True
CONV-00969,mobile_app,"Hi, I opened the package and found the product broken. I noticed this while reviewing my recent activity. Any guidance would be helpful.",en,True
CONV-00970,web_form,"I wanted to check whether The box arrived, but case wasn't inside. This is my first time dealing with this issue.",en,True
CONV-00971,chat,Could you help me? I no longer want this order. Is cancellation still possible? I placed the order earlier today. I'd appreciate your help.,en,True
CONV-00972,chat,I need some help. I placed ORD-100088 recently. What is happening with it? I haven't changed anything on my account.,en,True
CONV-00973,mobile_app,"Hello, My parcel is 4 days late. Can you investigate? This is my first time dealing with this issue. Please let me know.",en,True
CONV-00974,mobile_app,My payment is being declined at checkout. This is my first time dealing with this issue. Thank you.,en,True
CONV-00975,mobile_app,I’m contacting support because I can't sign in to my account. This is my first time dealing with this issue. Can you check?,en,True
CONV-00976,chat,Quick question: I noticed a login I don't recognize. I’m trying to sort this out before the end of the day. Thanks.,en,True
CONV-00977,mobile_app,Quick question: I need to create a new password because I can't remember mine. I placed the order earlier today. Thanks.,en,True
CONV-00978,web_form,"Hi, I'd like to withdraw this purchase if it hasn't shipped. I noticed this while reviewing my recent activity. Thanks.",en,True
CONV-00979,chat,Please advise: Could you help me end my recurring plan? I’m trying to sort this out before the end of the day. I'd appreciate your help.,en,True
CONV-00980,web_form,"Hello, I entered the wrong delivery address. Can it be corrected? Can you check?",en,True
CONV-00981,email,I’m contacting support because Could you explain the return process for this purchase? Please let me know.,en,True
CONV-00982,mobile_app,Please advise: Would you mind checking the latest status of ORD-100239? I placed the order earlier today. Thanks.,en,True
CONV-00983,email,"Hi, I need the specifications before I decide whether to buy it. I’m trying to sort this out before the end of the day. Any guidance would be helpful.",en,True
CONV-00984,web_form,I wanted to check whether I need to create a new password because I can't remember mine. I haven't changed anything on my account. Thank you.,en,True
CONV-00985,chat,I’m contacting support because Where can I request a password reset? I haven't changed anything on my account.,en,True
CONV-00986,chat,Could you help me? I no longer want this order. Is cancellation still possible? I noticed this while reviewing my recent activity. I'd appreciate your help.,en,True
CONV-00987,email,I’m contacting support because I can't sign in to my account. This is my first time dealing with this issue. Please let me know.,en,True
CONV-00988,chat,I’m contacting support because Can you see what stage ORD-100192 is at right now?,en,True
CONV-00989,mobile_app,I’m contacting support because Could you tell me the current location or transit stage of my parcel? This is my first time dealing with this issue.,en,True
CONV-00990,email,I’m contacting support because Could you tell me the current location or transit stage of my parcel? This is my first time dealing with this issue. Thank you.,en,True
CONV-00991,web_form,Could you help me? Please help me arrange a return. I placed the order earlier today. Thanks.,en,True
CONV-00992,web_form,Just checking — Why does the payment fail whenever I try to complete the order? I’m trying to sort this out before the end of the day. I'd appreciate your help.,en,True
CONV-00993,mobile_app,Just checking — Can you explain the latest recurring charge? I placed the order earlier today. Thanks.,en,True
CONV-00994,email,I was sent the wrong model.,en,True
CONV-00995,web_form,Just checking — The discount isn't being applied even though I entered the code. I’m trying to sort this out before the end of the day. I'd appreciate your help.,en,True
CONV-00996,mobile_app,"Hi, I need the specifications before I decide whether to buy it. I’m trying to sort this out before the end of the day. I’d like to resolve this today.",en,True
CONV-00997,mobile_app,I wanted to check whether The delivered item doesn't match my order. Please let me know.,en,True
CONV-00998,web_form,I need some help. I can't recall my password and need to change it. I haven't changed anything on my account. Thank you.,en,True
CONV-00999,chat,I’m contacting support because My multi-item order is incomplete. Please let me know.,en,True
CONV-01000,chat,Could you help me? I no longer want this order. Is cancellation still possible? I’m trying to sort this out before the end of the day. I’d like to resolve this today.,en,True
CONV-01001,mobile_app,Please advise: I don't recognize the amount billed for my membership. I’m trying to sort this out before the end of the day. Any guidance would be helpful.,en,True
CONV-01002,chat,I’m contacting support because I need the specifications before I decide whether to buy it. This is my first time dealing with this issue. Please let me know.,en,True
CONV-01003,web_form,Quick question: I want to return ORD-100800. How do I start? I placed the order earlier today. Thanks.,en,True
CONV-01004,mobile_app,Please advise: I entered the wrong delivery address. Can it be corrected? I’m trying to sort this out before the end of the day. I'd appreciate your help.,en,True
CONV-01005,email,Could you help me? My subscription payment was higher than I expected. I noticed this while reviewing my recent activity. I’d like to resolve this today.,en,True
CONV-01006,web_form,Could you help me? My account suddenly won't let me log in. I noticed this while reviewing my recent activity. Thanks.,en,True
CONV-01007,mobile_app,I wanted to check whether I want to track the package that was just dispatched.,en,True
CONV-01008,web_form,"Hi, Where should I enter my promo code? I placed the order earlier today. I'd appreciate your help.",en,True
CONV-01009,web_form,Just checking — The login page won't let me access my account. I noticed this while reviewing my recent activity. Thanks.,en,True
CONV-01010,chat,"Hi, I can't sign in to my account. I placed the order earlier today. I’d like to resolve this today.",en,True
CONV-01011,email,I’m contacting support because How can I prevent the plan from renewing? Please let me know.,en,True
CONV-01012,mobile_app,Could you help me? The same purchase appears twice on my card statement. I noticed this while reviewing my recent activity. I'd appreciate your help.,en,True
CONV-01013,web_form,Just checking — I don't want the subscription to continue after this billing period. I noticed this while reviewing my recent activity. Thanks.,en,True
CONV-01014,chat,"Hi, How can I prevent the plan from renewing? I’m trying to sort this out before the end of the day. I'd appreciate your help.",en,True
CONV-01015,chat,"My delivery arrived, but the item inside is damaged. I haven't changed anything on my account.",en,True
CONV-01016,chat,"Hi, Something different was packed instead of what I purchased. I noticed this while reviewing my recent activity. Thanks.",en,True
CONV-01017,mobile_app,Please advise: Would you mind checking the latest status of ORD-100099? I noticed this while reviewing my recent activity. Any guidance would be helpful.,en,True
CONV-01018,mobile_app,"Hello, Can you show me the latest tracking update for my shipment? This is my first time dealing with this issue.",en,True
CONV-01019,email,I need some help. There are changes in my profile that I didn't make.,en,True
CONV-01020,email,"Hi, Why was my subscription charged this month? I’m trying to sort this out before the end of the day. I'd appreciate your help.",en,True
CONV-01021,mobile_app,Could you help me? Could you explain the available options for this product? I placed the order earlier today. I'd appreciate your help.,en,True
CONV-01022,web_form,Please advise: Can you show me the latest tracking update for my shipment? I noticed this while reviewing my recent activity. Any guidance would be helpful.,en,True
CONV-01023,mobile_app,Quick question: Do you have an update on ORD-100191? I want to know where it stands. I placed the order earlier today. Thanks.,en,True
CONV-01024,chat,I’m contacting support because I need the specifications before I decide whether to buy it. I haven't changed anything on my account. Thank you.,en,True
CONV-01025,web_form,Just checking — Can you help me cancel my recent order? I noticed this while reviewing my recent activity. Any guidance would be helpful.,en,True
CONV-01026,chat,"Hello, Why are there duplicate transactions for one order? This is my first time dealing with this issue. Thank you.",en,True
CONV-01027,chat,Quick question: I keep getting rejected when I try to sign in. I’m trying to sort this out before the end of the day. I’d like to resolve this today.,en,True
CONV-01028,web_form,Just checking — The discount isn't being applied even though I entered the code. I noticed this while reviewing my recent activity. I’d like to resolve this today.,en,True
CONV-01029,email,I need some help. Where is ORD-104915 right now? This is my first time dealing with this issue. Thank you.,en,True
CONV-01030,web_form,The same purchase appears twice on my card statement. This is my first time dealing with this issue. Can you check?,en,True
CONV-01031,email,I need some help. Can you help me cancel my recent order? I haven't changed anything on my account. Please let me know.,en,True
CONV-01032,web_form,Just checking — Where is ORD-104900 right now? I placed the order earlier today. Any guidance would be helpful.,en,True
CONV-01033,web_form,"Hello, I received the package, but one of the products is absent. I haven't changed anything on my account.",en,True
CONV-01034,chat,Please advise: I received a security alert for an unfamiliar sign-in. I noticed this while reviewing my recent activity. Thanks.,en,True
CONV-01035,email,I want to cancel my subscription. Thank you.,en,True
CONV-01036,chat,Could you help me? I want to cancel my subscription. I placed the order earlier today. I'd appreciate your help.,en,True
CONV-01037,web_form,I wanted to check whether Do you have an update on ORD-100166? I want to know where it stands. I haven't changed anything on my account. Please let me know.,en,True
CONV-01038,email,I no longer want this order. Is cancellation still possible? Thank you.,en,True
CONV-01039,email,"Hello, I can't finish the purchase because the payment isn't accepted. This is my first time dealing with this issue.",en,True
CONV-01040,chat,I’m contacting support because When should the refund appear in my account? This is my first time dealing with this issue. Can you check?,en,True
CONV-01041,web_form,"Hi, I'd like to withdraw this purchase if it hasn't shipped. I’m trying to sort this out before the end of the day. Thanks.",en,True
CONV-01042,web_form,"Hi, Something different was packed instead of what I purchased. I placed the order earlier today. I'd appreciate your help.",en,True
CONV-01043,mobile_app,I wanted to check whether The delivered item doesn't match my order. I haven't changed anything on my account. Please let me know.,en,True
CONV-01044,chat,Quick question: Please stop ORD-101822 before it is dispatched. I placed the order earlier today. I’d like to resolve this today.,en,True
CONV-01045,chat,I need some help. Has the refund for ORD-101220 been issued yet?,en,True
CONV-01046,web_form,I need some help. It looks like I was billed twice for ORD-101666. I haven't changed anything on my account.,en,True
CONV-01047,web_form,"Hi, I can't sign in to my account. I’m trying to sort this out before the end of the day. Thanks.",en,True
CONV-01048,chat,I’m contacting support because Can you see what stage ORD-100152 is at right now? This is my first time dealing with this issue.,en,True
CONV-01049,web_form,"Hello, I received the package, but one of the products is absent.",en,True
CONV-01050,chat,"Hello, Does this product come with the accessories shown? This is my first time dealing with this issue. Thank you.",en,True
CONV-01051,chat,"Hi, I'd like to withdraw this purchase if it hasn't shipped. I placed the order earlier today. I'd appreciate your help.",en,True
CONV-01052,mobile_app,"Hello, I can't finish the purchase because the payment isn't accepted. I haven't changed anything on my account. Please let me know.",en,True
CONV-01053,email,"Hello, I'm locked out of my account and need access. I haven't changed anything on my account. Please let me know.",en,True
CONV-01054,chat,I’m contacting support because My multi-item order is incomplete. This is my first time dealing with this issue. Thank you.,en,True
CONV-01055,email,My account suddenly won't let me log in. This is my first time dealing with this issue. Please let me know.,en,True
CONV-01056,web_form,"Hi, I can't sign in to my account. I noticed this while reviewing my recent activity. Any guidance would be helpful.",en,True
CONV-01057,chat,Could you help me? Has the courier scanned ORD-104822 yet? I placed the order earlier today. I'd appreciate your help.,en,True
CONV-01058,email,Quick question: I need to create a new password because I can't remember mine. I placed the order earlier today. I'd appreciate your help.,en,True
CONV-01059,web_form,I need some help. It looks like I was billed twice for ORD-101566. Can you check?,en,True
CONV-01060,mobile_app,Quick question: Do you have an update on ORD-100031? I want to know where it stands. I’m trying to sort this out before the end of the day. Thanks.,en,True
CONV-01061,mobile_app,I need some help. I changed my mind and would like to send the item back. I haven't changed anything on my account.,en,True
CONV-01062,mobile_app,Just checking — Has the refund for ORD-101215 been issued yet? I’m trying to sort this out before the end of the day. Any guidance would be helpful.,en,True
CONV-01063,mobile_app,I wanted to check whether Please stop ORD-101937 before it is dispatched. Can you check?,en,True
CONV-01064,email,"Hi, When should the refund appear in my account? I placed the order earlier today. I'd appreciate your help.",en,True
CONV-01065,mobile_app,I wanted to check whether The promised delivery window is over for ORD-100309. I haven't changed anything on my account. Thank you.,en,True
CONV-01066,mobile_app,"Hello, Can you show me the latest tracking update for my shipment? Can you check?",en,True
CONV-01067,chat,"Hello, The product has a crack that wasn't shown in the listing. I haven't changed anything on my account.",en,True
CONV-01068,email,"Hi, Where can I request a password reset? I placed the order earlier today. I'd appreciate your help.",en,True
CONV-01069,email,"I’m contacting support because ORD-100495 was due on Saturday, but it still hasn't arrived. I haven't changed anything on my account. Can you check?",en,True
CONV-01070,email,Could you help me? I’m checking on ORD-100205. Could you tell me its current status? I’m trying to sort this out before the end of the day. I'd appreciate your help.,en,True
CONV-01071,email,Just checking — Part of ORD-102673 was not included in the delivery. I’m trying to sort this out before the end of the day. Any guidance would be helpful.,en,True
CONV-01072,mobile_app,I need some help. There are changes in my profile that I didn't make. I haven't changed anything on my account. Please let me know.,en,True
CONV-01073,chat,Could you help me? I want to cancel my subscription. I placed the order earlier today. I’d like to resolve this today.,en,True
CONV-01074,mobile_app,"I’m contacting support because ORD-100305 was due on Tuesday, but it still hasn't arrived. Please let me know.",en,True
CONV-01075,mobile_app,I need some help. I don't want the subscription to continue after this billing period. I haven't changed anything on my account. Can you check?,en,True
CONV-01076,email,"Hi, I opened the package and found the product broken. I’m trying to sort this out before the end of the day. I’d like to resolve this today.",en,True
CONV-01077,email,Please advise: I'm still waiting for the money from my return. Can you check? I noticed this while reviewing my recent activity. I’d like to resolve this today.,en,True
CONV-01078,email,"Hello, What steps do I need to follow to return this product? Thank you.",en,True
CONV-01079,web_form,"Hi, How can I prevent the plan from renewing? I placed the order earlier today. Any guidance would be helpful.",en,True
CONV-01080,email,"Hello, My package contains a different product. I haven't changed anything on my account.",en,True
CONV-01081,mobile_app,Quick question: Do you have an update on ORD-100211? I want to know where it stands. I’m trying to sort this out before the end of the day. Any guidance would be helpful.,en,True
CONV-01082,mobile_app,I’m contacting support because How can I prevent the plan from renewing? I haven't changed anything on my account.,en,True
CONV-01083,mobile_app,Just checking — I’m planning around the delivery. When is it expected? I noticed this while reviewing my recent activity. I’d like to resolve this today.,en,True
CONV-01084,email,Please advise: When should ORD-100565 arrive? I noticed this while reviewing my recent activity. Thanks.,en,True
CONV-01085,chat,Quick question: I noticed a login I don't recognize. I noticed this while reviewing my recent activity. Any guidance would be helpful.,en,True
CONV-01086,chat,Just checking — The discount isn't being applied even though I entered the code. I noticed this while reviewing my recent activity. Thanks.,en,True
CONV-01087,chat,"Hello, When should ORD-100680 arrive? I haven't changed anything on my account. Thank you.",en,True
CONV-01088,chat,I’m checking on ORD-100180. Could you tell me its current status? Can you check?,en,True
CONV-01089,email,I need some help. The discount isn't being applied even though I entered the code. Can you check?,en,True
CONV-01090,email,I need some help. The item I received isn't the one I ordered. This is my first time dealing with this issue. Can you check?,en,True
CONV-01091,web_form,Please advise: My package contains a different product. I noticed this while reviewing my recent activity. I’d like to resolve this today.,en,True
CONV-01092,mobile_app,I’m contacting support because Where should I enter my promo code? Please let me know.,en,True
CONV-01093,chat,"Could you help me? I expected this shipment already, but it hasn't turned up. I noticed this while reviewing my recent activity. Any guidance would be helpful.",en,True
CONV-01094,mobile_app,Quick question: I need to redirect this package to another address. I’m trying to sort this out before the end of the day. I’d like to resolve this today.,en,True
CONV-01095,chat,Could you help me? Has the courier scanned ORD-104762 yet? I placed the order earlier today. I’d like to resolve this today.,en,True
CONV-01096,web_form,Please advise: My parcel is 3 days late. Can you investigate? I’m trying to sort this out before the end of the day. I'd appreciate your help.,en,True
CONV-01097,mobile_app,I wanted to check whether The promised delivery window is over for ORD-100289. This is my first time dealing with this issue. Please let me know.,en,True
CONV-01098,mobile_app,Could you help me? Could you tell me the current status of my refund? I placed the order earlier today. Thanks.,en,True
CONV-01099,mobile_app,Please advise: When should ORD-100535 arrive? I noticed this while reviewing my recent activity. I’d like to resolve this today.,en,True
CONV-01100,mobile_app,Please advise: I entered the wrong delivery address. Can it be corrected? I noticed this while reviewing my recent activity. I'd appreciate your help.,en,True
CONV-01101,chat,I need some help. I placed ORD-100188 recently. What is happening with it? This is my first time dealing with this issue. Can you check?,en,True
CONV-01102,web_form,"My delivery arrived, but the item inside is damaged. I haven't changed anything on my account. Please let me know.",en,True
CONV-01103,email,I want to cancel my subscription. Please let me know.,en,True
CONV-01104,chat,Quick question: Please stop ORD-101862 before it is dispatched. I noticed this while reviewing my recent activity. I’d like to resolve this today.,en,True
CONV-01105,chat,"Hi, ORD-100270 was due on Wednesday, but it still hasn't arrived. I’m trying to sort this out before the end of the day. Any guidance would be helpful.",en,True
CONV-01106,chat,The same purchase appears twice on my card statement. Please let me know.,en,True
CONV-01107,mobile_app,"Hi, Why was my subscription charged this month? I placed the order earlier today. Any guidance would be helpful.",en,True
CONV-01108,email,Just checking — There is visible damage on the item I received. I placed the order earlier today. I'd appreciate your help.,en,True
CONV-01109,email,I wanted to check whether Please stop my recurring membership. I haven't changed anything on my account. Please let me know.,en,True
CONV-01110,mobile_app,Quick question: Do you have an update on ORD-100111? I want to know where it stands. I noticed this while reviewing my recent activity. Thanks.,en,True
CONV-01111,web_form,"Hi, Something different was packed instead of what I purchased. I placed the order earlier today. I'd appreciate your help.",en,True
CONV-01112,chat,I’m checking on ORD-100220. Could you tell me its current status? I haven't changed anything on my account. Can you check?,en,True
CONV-01113,mobile_app,Quick question: Can you give me an ETA for this shipment? I placed the order earlier today. I'd appreciate your help.,en,True
CONV-01114,email,Please advise: I'm still waiting for the money from my return. Can you check? I noticed this while reviewing my recent activity. I’d like to resolve this today.,en,True
CONV-01115,mobile_app,I’m contacting support because I think someone may have accessed my account. I haven't changed anything on my account. Please let me know.,en,True
CONV-01116,chat,Could you help me? I was sent the wrong model. I’m trying to sort this out before the end of the day. Any guidance would be helpful.,en,True
CONV-01117,chat,Quick question: I want to return ORD-100790. How do I start? I’m trying to sort this out before the end of the day. I'd appreciate your help.,en,True
CONV-01118,email,"Hello, My discount code isn't working. This is my first time dealing with this issue.",en,True
CONV-01119,mobile_app,I need some help. The delivery date for ORD-100461 has passed and I'm still waiting. Thank you.,en,True
CONV-01120,chat,Quick question: The promotional code says it is invalid. I noticed this while reviewing my recent activity. Thanks.,en,True
CONV-01121,mobile_app,Could you help me? What is the estimated delivery date for my package? I’m trying to sort this out before the end of the day. I’d like to resolve this today.,en,True
CONV-01122,email,Just checking — I can't recall my password and need to change it. I noticed this while reviewing my recent activity. I'd appreciate your help.,en,True
CONV-01123,web_form,Please advise: I can't finish the purchase because the payment isn't accepted. I noticed this while reviewing my recent activity. I'd appreciate your help.,en,True
CONV-01124,web_form,I need some help. I placed ORD-100198 recently. What is happening with it? Please let me know.,en,True
CONV-01125,email,"Please advise: I received the package, but one of the products is absent. I’m trying to sort this out before the end of the day. Thanks.",en,True
CONV-01126,chat,Please advise: My parcel is 3 days late. Can you investigate? I’m trying to sort this out before the end of the day. Thanks.,en,True
CONV-01127,email,"Hello, Could you help me end my recurring plan? This is my first time dealing with this issue. Thank you.",en,True
CONV-01128,email,Quick question: I have a question about the charge on my recurring plan. I placed the order earlier today. I'd appreciate your help.,en,True
CONV-01129,email,I wanted to check whether I want to track the package that was just dispatched. Thank you.,en,True
CONV-01130,mobile_app,Quick question: The item arrived damaged. What should I do? I noticed this while reviewing my recent activity. Thanks.,en,True
CONV-01131,web_form,"Hi, I can't sign in to my account. I’m trying to sort this out before the end of the day. Any guidance would be helpful.",en,True
CONV-01132,chat,Quick question: The promotional code says it is invalid. I noticed this while reviewing my recent activity. Any guidance would be helpful.,en,True
CONV-01133,web_form,"Hello, When should ORD-100650 arrive? I haven't changed anything on my account. Can you check?",en,True
CONV-01134,chat,I’m contacting support because Roughly how long will delivery take? This is my first time dealing with this issue. Please let me know.,en,True
CONV-01135,web_form,Could you help me? My payment is being declined at checkout. I noticed this while reviewing my recent activity. I’d like to resolve this today.,en,True
CONV-01136,chat,Just checking — The discount isn't being applied even though I entered the code. I noticed this while reviewing my recent activity. Any guidance would be helpful.,en,True
CONV-01137,email,Please advise: I forgot my password. How can I reset it? I placed the order earlier today. I'd appreciate your help.,en,True
CONV-01138,email,I need some help. The item I received isn't the one I ordered. I haven't changed anything on my account.,en,True
CONV-01139,mobile_app,I need some help. Can you help me cancel my recent order? Can you check?,en,True
CONV-01140,chat,Quick question: The promised delivery window is over for ORD-100314. I noticed this while reviewing my recent activity. Thanks.,en,True
CONV-01141,mobile_app,I wanted to check whether Please stop my recurring membership. This is my first time dealing with this issue. Can you check?,en,True
CONV-01142,mobile_app,I’m contacting support because Could you tell me the current location or transit stage of my parcel? This is my first time dealing with this issue. Can you check?,en,True
CONV-01143,email,Just checking — I placed ORD-100113 recently. What is happening with it? I placed the order earlier today. I’d like to resolve this today.,en,True
CONV-01144,web_form,Quick question: I want to return ORD-100960. How do I start? I noticed this while reviewing my recent activity. Thanks.,en,True
CONV-01145,chat,"Hi, I can't sign in to my account. I placed the order earlier today. I'd appreciate your help.",en,True
CONV-01146,mobile_app,I wanted to check whether I noticed a login I don't recognize. I haven't changed anything on my account. Please let me know.,en,True
CONV-01147,mobile_app,Could you help me? The same purchase appears twice on my card statement. I noticed this while reviewing my recent activity. I'd appreciate your help.,en,True
CONV-01148,chat,Just checking — There are changes in my profile that I didn't make. I placed the order earlier today. Any guidance would be helpful.,en,True
CONV-01149,email,I’m contacting support because Could you tell me the current location or transit stage of my parcel? This is my first time dealing with this issue. Please let me know.,en,True
CONV-01150,chat,"Hi, I'd like to withdraw this purchase if it hasn't shipped. I’m trying to sort this out before the end of the day. I'd appreciate your help.",en,True
CONV-01151,web_form,I need some help. I can't recall my password and need to change it. This is my first time dealing with this issue. Please let me know.,en,True
CONV-01152,mobile_app,Quick question: I need to create a new password because I can't remember mine. I’m trying to sort this out before the end of the day. Any guidance would be helpful.,en,True
CONV-01153,chat,Could you help me? Something about my account activity looks suspicious. I’m trying to sort this out before the end of the day. Thanks.,en,True
CONV-01154,chat,"Hello, Does this product come with the accessories shown? I haven't changed anything on my account. Thank you.",en,True
CONV-01155,mobile_app,I wanted to check whether Please stop ORD-101897 before it is dispatched. This is my first time dealing with this issue. Can you check?,en,True
CONV-01156,chat,"Hi, I'd like to withdraw this purchase if it hasn't shipped. I placed the order earlier today. I’d like to resolve this today.",en,True
CONV-01157,chat,Could you help me? My payment is being declined at checkout. I noticed this while reviewing my recent activity. Thanks.,en,True
CONV-01158,chat,I need some help. Can you explain the latest recurring charge? I haven't changed anything on my account.,en,True
CONV-01159,chat,Could you help me? Has the courier scanned ORD-104962 yet? I’m trying to sort this out before the end of the day. I’d like to resolve this today.,en,True
CONV-01160,email,I wanted to check whether I want to track the package that was just dispatched. Thank you.,en,True
CONV-01161,web_form,I wanted to check whether I have a question about the charge on my recurring plan. Please let me know.,en,True
CONV-01162,mobile_app,Just checking — I can't recall my password and need to change it. I noticed this while reviewing my recent activity. Any guidance would be helpful.,en,True
CONV-01163,mobile_app,I’m contacting support because I'd like to withdraw this purchase if it hasn't shipped. This is my first time dealing with this issue.,en,True
CONV-01164,chat,Please advise: My package contains a different product. I placed the order earlier today. Thanks.,en,True
CONV-01165,chat,Could you help me? I want to cancel my subscription. I placed the order earlier today. I’d like to resolve this today.,en,True
CONV-01166,web_form,"Hi, Where should I enter my promo code? I placed the order earlier today. I’d like to resolve this today.",en,True
CONV-01167,web_form,I need some help. There is visible damage on the item I received. This is my first time dealing with this issue. Please let me know.,en,True
CONV-01168,web_form,I need some help. It looks like I was billed twice for ORD-101626.,en,True
CONV-01169,mobile_app,Please help me arrange a return. Can you check?,en,True
CONV-01170,chat,Quick question: Please stop my recurring membership. I noticed this while reviewing my recent activity. I'd appreciate your help.,en,True
CONV-01171,web_form,Just checking — Can you help me cancel my recent order? I placed the order earlier today. Any guidance would be helpful.,en,True
CONV-01172,mobile_app,I’m contacting support because I can't sign in to my account. This is my first time dealing with this issue.,en,True
CONV-01173,email,I’m contacting support because Could you explain the return process for this purchase? I haven't changed anything on my account. Please let me know.,en,True
CONV-01174,email,I’m contacting support because I think someone may have accessed my account. This is my first time dealing with this issue.,en,True
CONV-01175,mobile_app,I need some help. I don't want the subscription to continue after this billing period. This is my first time dealing with this issue. Can you check?,en,True
CONV-01176,email,Just checking — I placed ORD-100073 recently. What is happening with it? I’m trying to sort this out before the end of the day. I’d like to resolve this today.,en,True
CONV-01177,web_form,Quick question: Please stop ORD-101752 before it is dispatched. I’m trying to sort this out before the end of the day. Any guidance would be helpful.,en,True
CONV-01178,mobile_app,"I wanted to check whether I have tried several times, but the transaction won't go through. I haven't changed anything on my account. Please let me know.",en,True
CONV-01179,email,Just checking — Can you explain the latest recurring charge? I’m trying to sort this out before the end of the day. I'd appreciate your help.,en,True
CONV-01180,email,Please advise: Does this product come with the accessories shown? I’m trying to sort this out before the end of the day. Thanks.,en,True
CONV-01181,mobile_app,I need some help. The discount isn't being applied even though I entered the code. Please let me know.,en,True
CONV-01182,mobile_app,Quick question: Can you tell me more about this product's features? I noticed this while reviewing my recent activity. I’d like to resolve this today.,en,True
CONV-01183,mobile_app,"Hello, Could you help me end my recurring plan? This is my first time dealing with this issue. Can you check?",en,True
CONV-01184,chat,"My delivery arrived, but the item inside is damaged. This is my first time dealing with this issue. Can you check?",en,True
CONV-01185,mobile_app,Quick question: I need to create a new password because I can't remember mine. I placed the order earlier today. Any guidance would be helpful.,en,True
CONV-01186,mobile_app,I need some help. The item I received isn't the one I ordered. Thank you.,en,True
CONV-01187,chat,Quick question: The promised delivery window is over for ORD-100494. I noticed this while reviewing my recent activity. Any guidance would be helpful.,en,True
CONV-01188,web_form,"Hello, I forgot my password. How can I reset it? I haven't changed anything on my account. Please let me know.",en,True
CONV-01189,mobile_app,Why is the coupon being rejected at checkout? Please let me know.,en,True
CONV-01190,mobile_app,I wanted to check whether The promotional code says it is invalid. I haven't changed anything on my account. Thank you.,en,True
CONV-01191,chat,I’m contacting support because When should the refund appear in my account? I haven't changed anything on my account.,en,True
CONV-01192,web_form,I’m contacting support because How do I change the address attached to my order? I haven't changed anything on my account. Can you check?,en,True
CONV-01193,web_form,I’m contacting support because I see two charges for the same purchase. This is my first time dealing with this issue.,en,True
CONV-01194,web_form,Could you help me? Has the courier scanned ORD-104812 yet? I’m trying to sort this out before the end of the day. Any guidance would be helpful.,en,True
CONV-01195,chat,Could you help me? I was sent the wrong model. I placed the order earlier today. Thanks.,en,True
CONV-01196,email,"Hello, I received a security alert for an unfamiliar sign-in. This is my first time dealing with this issue. Can you check?",en,True
CONV-01197,web_form,I’m contacting support because Roughly how long will delivery take? This is my first time dealing with this issue. Can you check?,en,True
CONV-01198,email,Please advise: Why are there duplicate transactions for one order? I placed the order earlier today. Thanks.,en,True
CONV-01199,email,Quick question: I need to redirect this package to another address. I’m trying to sort this out before the end of the day. Thanks.,en,True
CONV-01200,mobile_app,I wanted to check whether Please stop ORD-101957 before it is dispatched. This is my first time dealing with this issue.,en,True
CONV-01201,email,Please advise: I'm still waiting for the money from my return. Can you check? I’m trying to sort this out before the end of the day. I’d like to resolve this today.,en,True
CONV-01202,email,Please advise: The product has a crack that wasn't shown in the listing. I placed the order earlier today. I’d like to resolve this today.,en,True
CONV-01203,chat,Quick question: I noticed a login I don't recognize. I noticed this while reviewing my recent activity. Any guidance would be helpful.,en,True
CONV-01204,mobile_app,Please help me arrange a return. This is my first time dealing with this issue. Can you check?,en,True
CONV-01205,web_form,I need some help. Part of ORD-102718 was not included in the delivery. I haven't changed anything on my account.,en,True
CONV-01206,web_form,Could you tell me the current status of my refund? This is my first time dealing with this issue. Please let me know.,en,True
CONV-01207,mobile_app,"I wanted to check whether I have tried several times, but the transaction won't go through. I haven't changed anything on my account. Thank you.",en,True
CONV-01208,web_form,Just checking — The delivery date for ORD-100356 has passed and I'm still waiting. I noticed this while reviewing my recent activity. I’d like to resolve this today.,en,True
CONV-01209,web_form,Could you tell me the current status of my refund? This is my first time dealing with this issue. Please let me know.,en,True
CONV-01210,mobile_app,I’m contacting support because I can't sign in to my account. I haven't changed anything on my account. Can you check?,en,True
CONV-01211,web_form,Just checking — There are changes in my profile that I didn't make. I’m trying to sort this out before the end of the day. I'd appreciate your help.,en,True
CONV-01212,chat,Just checking — Why does the payment fail whenever I try to complete the order? I noticed this while reviewing my recent activity. Thanks.,en,True
CONV-01213,mobile_app,Quick question: I need to redirect this package to another address. I placed the order earlier today. I’d like to resolve this today.,en,True
CONV-01214,web_form,Just checking — Where is ORD-104940 right now? I noticed this while reviewing my recent activity. Any guidance would be helpful.,en,True
CONV-01215,email,Please advise: Does this product come with the accessories shown? I noticed this while reviewing my recent activity. Any guidance would be helpful.,en,True
CONV-01216,mobile_app,"Hi, How do I change the address attached to my order? I placed the order earlier today. I'd appreciate your help.",en,True
CONV-01217,mobile_app,I need some help. Why does the payment fail whenever I try to complete the order? I haven't changed anything on my account. Please let me know.,en,True
CONV-01218,mobile_app,I wanted to check whether I noticed a login I don't recognize. Please let me know.,en,True
CONV-01219,web_form,Please advise: My parcel is 5 days late. Can you investigate? I noticed this while reviewing my recent activity. I’d like to resolve this today.,en,True
CONV-01220,web_form,I’m contacting support because How do I change the address attached to my order? Can you check?,en,True
CONV-01221,chat,I wanted to check whether I need to redirect this package to another address. Please let me know.,en,True
CONV-01222,chat,I need some help. Part of ORD-102728 was not included in the delivery. This is my first time dealing with this issue. Thank you.,en,True
CONV-01223,mobile_app,Could you help me? Please update the destination before the order ships. I noticed this while reviewing my recent activity. I’d like to resolve this today.,en,True
CONV-01224,web_form,I’m contacting support because I see two charges for the same purchase. I haven't changed anything on my account. Can you check?,en,True
CONV-01225,chat,"Hello, I'm still waiting for the money from my return. Can you check? I haven't changed anything on my account.",en,True
CONV-01226,mobile_app,I need some help. Can you help me cancel my recent order? This is my first time dealing with this issue. Can you check?,en,True
CONV-01227,web_form,I’m contacting support because How do I change the address attached to my order? I haven't changed anything on my account.,en,True
CONV-01228,email,"Hi, Where can I request a password reset? I noticed this while reviewing my recent activity. I'd appreciate your help.",en,True
CONV-01229,mobile_app,I wanted to check whether I noticed a login I don't recognize. This is my first time dealing with this issue. Thank you.,en,True
CONV-01230,email,"Hi, I see two charges for the same purchase. I noticed this while reviewing my recent activity. Thanks.",en,True
CONV-01231,mobile_app,"I’m contacting support because ORD-100445 was due on Thursday, but it still hasn't arrived. This is my first time dealing with this issue. Thank you.",en,True
CONV-01232,email,Quick question: The item arrived damaged. What should I do? I noticed this while reviewing my recent activity. I'd appreciate your help.,en,True
CONV-01233,web_form,Please advise: My parcel is 5 days late. Can you investigate? I noticed this while reviewing my recent activity. I’d like to resolve this today.,en,True
CONV-01234,mobile_app,Just checking — It looks like I was billed twice for ORD-101551. I noticed this while reviewing my recent activity. I'd appreciate your help.,en,True
CONV-01235,chat,Just checking — The discount isn't being applied even though I entered the code. I placed the order earlier today. Thanks.,en,True
CONV-01236,chat,Quick question: I keep getting rejected when I try to sign in. I’m trying to sort this out before the end of the day. I’d like to resolve this today.,en,True
CONV-01237,web_form,"Hello, Would you mind checking the latest status of ORD-100014? This is my first time dealing with this issue. Please let me know.",en,True
CONV-01238,chat,I wanted to check whether I need to redirect this package to another address. Thank you.,en,True
CONV-01239,mobile_app,I wanted to check whether I want to return ORD-100945. How do I start?,en,True
CONV-01240,mobile_app,"Hi, Can you see what stage ORD-100247 is at right now? I’m trying to sort this out before the end of the day. Thanks.",en,True
CONV-01241,email,Just checking — What exactly is included with this item? I placed the order earlier today. Any guidance would be helpful.,en,True
CONV-01242,web_form,"Hi, ORD-100360 was due on Wednesday, but it still hasn't arrived. I’m trying to sort this out before the end of the day. I'd appreciate your help.",en,True
CONV-01243,chat,I’m contacting support because I need the specifications before I decide whether to buy it. Thank you.,en,True
CONV-01244,web_form,I wanted to check whether I think I was charged more than once for a single checkout. Can you check?,en,True
CONV-01245,email,I wanted to check whether The delivered item doesn't match my order. This is my first time dealing with this issue. Can you check?,en,True
CONV-01246,email,Just checking — Can you explain the latest recurring charge? I placed the order earlier today. I'd appreciate your help.,en,True
CONV-01247,chat,I’m contacting support because Where can I request a password reset? Can you check?,en,True
CONV-01248,chat,Quick question: The delivered item doesn't match my order. I noticed this while reviewing my recent activity. Any guidance would be helpful.,en,True
CONV-01249,web_form,I wanted to check whether I have a question about the charge on my recurring plan. Please let me know.,en,True
CONV-01250,chat,I’m contacting support because Why was my subscription charged this month? This is my first time dealing with this issue. Can you check?,en,True
CONV-01251,web_form,"Hi, Could you tell me the current location or transit stage of my parcel? I’m trying to sort this out before the end of the day. Any guidance would be helpful.",en,True
CONV-01252,mobile_app,"Hi, Where can I request a password reset? I’m trying to sort this out before the end of the day. Thanks.",en,True
CONV-01253,chat,"Hi, ORD-100490 was due on Monday, but it still hasn't arrived. I placed the order earlier today. Thanks.",en,True
CONV-01254,chat,Just checking — I changed my mind and would like to send the item back. I’m trying to sort this out before the end of the day. I'd appreciate your help.,en,True
CONV-01255,chat,I’m contacting support because I see two charges for the same purchase. Thank you.,en,True
CONV-01256,mobile_app,Quick question: I have a question about the charge on my recurring plan. I placed the order earlier today. Any guidance would be helpful.,en,True
CONV-01257,mobile_app,"Hello, My discount code isn't working. I haven't changed anything on my account. Please let me know.",en,True
CONV-01258,email,I was sent the wrong model. This is my first time dealing with this issue. Can you check?,en,True
CONV-01259,web_form,I’m contacting support because Why was my subscription charged this month? I haven't changed anything on my account. Please let me know.,en,True
CONV-01260,web_form,What is the estimated delivery date for my package? I haven't changed anything on my account. Can you check?,en,True
CONV-01261,email,"Hi, My multi-item order is incomplete. I placed the order earlier today. Thanks.",en,True
CONV-01262,email,I’m contacting support because I can't sign in to my account. Thank you.,en,True
CONV-01263,chat,Quick question: Please stop ORD-101942 before it is dispatched. I placed the order earlier today. I’d like to resolve this today.,en,True
CONV-01264,web_form,Could you tell me the current status of my refund? This is my first time dealing with this issue. Thank you.,en,True
CONV-01265,email,"Quick question: The item was returned, but I haven't received the refund. I’m trying to sort this out before the end of the day. I'd appreciate your help.",en,True
CONV-01266,mobile_app,"Hello, Can you cancel ORD-101905 for me? I haven't changed anything on my account. Can you check?",en,True
CONV-01267,email,"Hello, I received a security alert for an unfamiliar sign-in. I haven't changed anything on my account.",en,True
CONV-01268,mobile_app,I wanted to check whether Please stop ORD-101877 before it is dispatched.,en,True
CONV-01269,chat,I need some help. What exactly is included with this item? I haven't changed anything on my account. Thank you.,en,True
CONV-01270,mobile_app,"I expected this shipment already, but it hasn't turned up. This is my first time dealing with this issue. Please let me know.",en,True
CONV-01271,web_form,"Hi, Something different was packed instead of what I purchased. I noticed this while reviewing my recent activity. I’d like to resolve this today.",en,True
CONV-01272,web_form,I need some help. I can't recall my password and need to change it. I haven't changed anything on my account. Please let me know.,en,True
CONV-01273,email,I’m contacting support because I can't sign in to my account. This is my first time dealing with this issue. Thank you.,en,True
CONV-01274,chat,I need some help. There is visible damage on the item I received. Can you check?,en,True
CONV-01275,web_form,"Hello, I forgot my password. How can I reset it? I haven't changed anything on my account. Please let me know.",en,True
CONV-01276,web_form,I wanted to check whether I need to create a new password because I can't remember mine. Please let me know.,en,True
CONV-01277,mobile_app,I’m contacting support because I can't sign in to my account. I haven't changed anything on my account.,en,True
CONV-01278,web_form,Quick question: Please stop my recurring membership. I’m trying to sort this out before the end of the day. Thanks.,en,True
CONV-01279,web_form,Just checking — The login page won't let me access my account. I placed the order earlier today. Any guidance would be helpful.,en,True
CONV-01280,web_form,Could you tell me the current status of my refund? This is my first time dealing with this issue. Thank you.,en,True
CONV-01281,web_form,Just checking — Why does the payment fail whenever I try to complete the order? I’m trying to sort this out before the end of the day. I’d like to resolve this today.,en,True
CONV-01282,chat,I’m contacting support because I see two charges for the same purchase. I haven't changed anything on my account. Please let me know.,en,True
CONV-01283,web_form,"Hello, Does this product come with the accessories shown?",en,True
CONV-01284,chat,"Hi, How can I prevent the plan from renewing? I placed the order earlier today. I'd appreciate your help.",en,True
CONV-01285,chat,I wanted to check whether Do you have an update on ORD-100156? I want to know where it stands. Can you check?,en,True
CONV-01286,chat,Could you help me? My account suddenly won't let me log in. I’m trying to sort this out before the end of the day. I’d like to resolve this today.,en,True
CONV-01287,mobile_app,I’m contacting support because I'd like to withdraw this purchase if it hasn't shipped. I haven't changed anything on my account.,en,True
CONV-01288,mobile_app,Please advise: When should ORD-100615 arrive? I placed the order earlier today. I’d like to resolve this today.,en,True
CONV-01289,mobile_app,"Hi, Roughly how long will delivery take? I noticed this while reviewing my recent activity. I'd appreciate your help.",en,True
CONV-01290,email,"Hello, Can you cancel ORD-101935 for me? I haven't changed anything on my account. Thank you.",en,True
CONV-01291,mobile_app,I wanted to check whether The promotional code says it is invalid. I haven't changed anything on my account. Thank you.,en,True
CONV-01292,chat,"I wanted to check whether The item was returned, but I haven't received the refund. I haven't changed anything on my account.",en,True
CONV-01293,chat,Just checking — The discount isn't being applied even though I entered the code. I’m trying to sort this out before the end of the day. Any guidance would be helpful.,en,True
CONV-01294,web_form,I wanted to check whether I have a question about the charge on my recurring plan. Thank you.,en,True
CONV-01295,mobile_app,Quick question: I have a question about the charge on my recurring plan. I’m trying to sort this out before the end of the day. Thanks.,en,True
CONV-01296,web_form,Quick question: I want to track the package that was just dispatched. I noticed this while reviewing my recent activity. Any guidance would be helpful.,en,True
CONV-01297,chat,"Hi, ORD-100330 was due on Wednesday, but it still hasn't arrived. I’m trying to sort this out before the end of the day. Thanks.",en,True
CONV-01298,email,Just checking — There is visible damage on the item I received. I’m trying to sort this out before the end of the day. I’d like to resolve this today.,en,True
CONV-01299,web_form,"I wanted to check whether The box arrived, but case wasn't inside. I haven't changed anything on my account.",en,True
CONV-01300,mobile_app,"Hi, I opened the package and found the product broken. I noticed this while reviewing my recent activity. Thanks.",en,True
CONV-01301,web_form,I wanted to check whether Can you give me an ETA for this shipment?,en,True
CONV-01302,mobile_app,"Hi, I see two charges for the same purchase. I placed the order earlier today. I’d like to resolve this today.",en,True
CONV-01303,email,I’m contacting support because I can't sign in to my account. I haven't changed anything on my account. Thank you.,en,True
CONV-01304,mobile_app,"Hello, Can you show me the latest tracking update for my shipment? I haven't changed anything on my account. Can you check?",en,True
CONV-01305,chat,Just checking — I don't want the subscription to continue after this billing period. I’m trying to sort this out before the end of the day. I'd appreciate your help.,en,True
CONV-01306,email,I need some help. Can you help me cancel my recent order? Thank you.,en,True
CONV-01307,email,Could you help me? My subscription payment was higher than I expected. I’m trying to sort this out before the end of the day. I'd appreciate your help.,en,True
CONV-01308,mobile_app,I wanted to check whether The promotional code says it is invalid. Thank you.,en,True
CONV-01309,email,I wanted to check whether I want to return ORD-100755. How do I start? This is my first time dealing with this issue. Thank you.,en,True
CONV-01310,web_form,I’m contacting support because Roughly how long will delivery take? I haven't changed anything on my account.,en,True
CONV-01311,email,I need some help. I don't want the subscription to continue after this billing period. This is my first time dealing with this issue. Please let me know.,en,True
CONV-01312,chat,I’m contacting support because Can you see what stage ORD-100032 is at right now? This is my first time dealing with this issue.,en,True
CONV-01313,mobile_app,"Hello, I'm locked out of my account and need access. This is my first time dealing with this issue.",en,True
CONV-01314,email,Could you help me? Could you tell me the current status of my refund? I noticed this while reviewing my recent activity. I’d like to resolve this today.,en,True
CONV-01315,chat,I need some help. I’m planning around the delivery. When is it expected? This is my first time dealing with this issue. Thank you.,en,True
CONV-01316,mobile_app,I’m contacting support because Checkout keeps rejecting my payment. This is my first time dealing with this issue. Thank you.,en,True
CONV-01317,email,Something about my account activity looks suspicious. I haven't changed anything on my account. Can you check?,en,True
CONV-01318,email,I want to cancel my subscription. This is my first time dealing with this issue. Please let me know.,en,True
CONV-01319,mobile_app,"Quick question: The box arrived, but headphones wasn't inside. I noticed this while reviewing my recent activity. I’d like to resolve this today.",en,True
CONV-01320,email,"Hello, What steps do I need to follow to return this product? Please let me know.",en,True
CONV-01321,mobile_app,"Hello, I received a security alert for an unfamiliar sign-in. This is my first time dealing with this issue. Please let me know.",en,True
CONV-01322,mobile_app,I wanted to check whether I keep getting rejected when I try to sign in. This is my first time dealing with this issue. Can you check?,en,True
CONV-01323,email,Please advise: Would you mind checking the latest status of ORD-100229? I’m trying to sort this out before the end of the day. I'd appreciate your help.,en,True
CONV-01324,mobile_app,I need some help. I changed my mind and would like to send the item back. This is my first time dealing with this issue.,en,True
CONV-01325,chat,Please advise: My package contains a different product. I’m trying to sort this out before the end of the day. Thanks.,en,True
CONV-01326,chat,Just checking — The discount isn't being applied even though I entered the code. I’m trying to sort this out before the end of the day. Thanks.,en,True
CONV-01327,web_form,"Could you help me? I expected this shipment already, but it hasn't turned up. I’m trying to sort this out before the end of the day. I'd appreciate your help.",en,True
CONV-01328,web_form,I’m checking on ORD-100170. Could you tell me its current status? This is my first time dealing with this issue. Thank you.,en,True
CONV-01329,chat,"Hello, When should ORD-100540 arrive? This is my first time dealing with this issue. Please let me know.",en,True
CONV-01330,web_form,I wanted to check whether The item arrived damaged. What should I do? I haven't changed anything on my account. Thank you.,en,True
CONV-01331,web_form,"Hi, Something different was packed instead of what I purchased. I noticed this while reviewing my recent activity. I'd appreciate your help.",en,True
CONV-01332,mobile_app,"Hi, My multi-item order is incomplete. I noticed this while reviewing my recent activity. I’d like to resolve this today.",en,True
CONV-01333,email,"Hi, Roughly how long will delivery take? I noticed this while reviewing my recent activity. Thanks.",en,True
CONV-01334,email,"Hi, I opened the package and found the product broken. I noticed this while reviewing my recent activity. I'd appreciate your help.",en,True
CONV-01335,web_form,"Hi, I'd like to withdraw this purchase if it hasn't shipped. I noticed this while reviewing my recent activity. Any guidance would be helpful.",en,True
CONV-01336,chat,Please advise: I received a security alert for an unfamiliar sign-in. I’m trying to sort this out before the end of the day. Thanks.,en,True
CONV-01337,email,Please advise: I'm still waiting for the money from my return. Can you check? I’m trying to sort this out before the end of the day. I'd appreciate your help.,en,True
CONV-01338,email,"Hi, Why was my subscription charged this month? I placed the order earlier today. I’d like to resolve this today.",en,True
CONV-01339,mobile_app,Just checking — I can't recall my password and need to change it. I placed the order earlier today. Any guidance would be helpful.,en,True
CONV-01340,chat,Please update the destination before the order ships. Thank you.,en,True
CONV-01341,web_form,I’m contacting support because I see two charges for the same purchase. This is my first time dealing with this issue.,en,True
CONV-01342,web_form,Quick question: Please stop ORD-101932 before it is dispatched. I’m trying to sort this out before the end of the day. Thanks.,en,True
CONV-01343,mobile_app,Quick question: I need to create a new password because I can't remember mine. I noticed this while reviewing my recent activity. Thanks.,en,True
CONV-01344,chat,I need some help. I’m planning around the delivery. When is it expected? This is my first time dealing with this issue. Please let me know.,en,True
CONV-01345,mobile_app,Please advise: I entered the wrong delivery address. Can it be corrected? I noticed this while reviewing my recent activity. I’d like to resolve this today.,en,True
CONV-01346,mobile_app,Please advise: I don't recognize the amount billed for my membership. I noticed this while reviewing my recent activity. Thanks.,en,True
CONV-01347,web_form,Quick question: The delivered item doesn't match my order. I noticed this while reviewing my recent activity. I’d like to resolve this today.,en,True
CONV-01348,email,"I wanted to check whether I have tried several times, but the transaction won't go through.",en,True
CONV-01349,web_form,One product from my order is missing.,en,True
CONV-01350,email,"Hello, Can you cancel ORD-101835 for me? Please let me know.",en,True
CONV-01351,web_form,Quick question: I want to track the package that was just dispatched. I noticed this while reviewing my recent activity. Thanks.,en,True
CONV-01352,email,I wanted to check whether I noticed a login I don't recognize. This is my first time dealing with this issue. Can you check?,en,True
CONV-01353,email,Could you help me? The same purchase appears twice on my card statement. I noticed this while reviewing my recent activity. Any guidance would be helpful.,en,True
CONV-01354,email,I wanted to check whether The promotional code says it is invalid. Can you check?,en,True
CONV-01355,web_form,"Hi, Something different was packed instead of what I purchased. I noticed this while reviewing my recent activity. I’d like to resolve this today.",en,True
CONV-01356,mobile_app,Please advise: I don't recognize the amount billed for my membership. I placed the order earlier today. Thanks.,en,True
CONV-01357,chat,Could you tell me the current status of my refund?,en,True
CONV-01358,email,I’m contacting support because Checkout keeps rejecting my payment. I haven't changed anything on my account. Can you check?,en,True
CONV-01359,mobile_app,"I’m contacting support because ORD-100325 was due on Thursday, but it still hasn't arrived. This is my first time dealing with this issue. Thank you.",en,True
CONV-01360,mobile_app,Please advise: I'm still waiting for the money from my return. Can you check? I placed the order earlier today. Thanks.,en,True
CONV-01361,email,Something about my account activity looks suspicious. This is my first time dealing with this issue.,en,True
CONV-01362,email,"Hi, I need the specifications before I decide whether to buy it. I placed the order earlier today. Any guidance would be helpful.",en,True
CONV-01363,web_form,Please advise: Could you help me end my recurring plan? I noticed this while reviewing my recent activity. Any guidance would be helpful.,en,True
CONV-01364,mobile_app,Just checking — Part of ORD-102603 was not included in the delivery. I noticed this while reviewing my recent activity. I'd appreciate your help.,en,True
CONV-01365,web_form,The same purchase appears twice on my card statement. I haven't changed anything on my account.,en,True
CONV-01366,chat,"Hello, I'm still waiting for the money from my return. Can you check?",en,True
CONV-01367,chat,"Hello, When should ORD-100620 arrive? I haven't changed anything on my account. Please let me know.",en,True
CONV-01368,chat,Please advise: I can't finish the purchase because the payment isn't accepted. I placed the order earlier today. Thanks.,en,True
CONV-01369,email,I wanted to check whether I keep getting rejected when I try to sign in. I haven't changed anything on my account. Please let me know.,en,True
CONV-01370,email,"Hi, When should the refund appear in my account? I placed the order earlier today. I’d like to resolve this today.",en,True
CONV-01371,web_form,"Could you help me? I expected this shipment already, but it hasn't turned up. I placed the order earlier today. I'd appreciate your help.",en,True
CONV-01372,chat,I’m contacting support because Roughly how long will delivery take? This is my first time dealing with this issue. Thank you.,en,True
CONV-01373,mobile_app,I need some help. I changed my mind and would like to send the item back.,en,True
CONV-01374,chat,"Hi, How can I prevent the plan from renewing? I noticed this while reviewing my recent activity. I'd appreciate your help.",en,True
CONV-01375,mobile_app,"Quick question: The item was returned, but I haven't received the refund. I placed the order earlier today. Thanks.",en,True
CONV-01376,email,I no longer want this order. Is cancellation still possible? This is my first time dealing with this issue. Please let me know.,en,True
CONV-01377,mobile_app,Please advise: Does this product come with the accessories shown? I placed the order earlier today. I'd appreciate your help.,en,True
CONV-01378,email,"Hello, Can you show me the latest tracking update for my shipment? I haven't changed anything on my account. Please let me know.",en,True
CONV-01379,email,Could you help me? Could you explain the available options for this product? I placed the order earlier today. Any guidance would be helpful.,en,True
CONV-01380,web_form,I wanted to check whether I have a question about the charge on my recurring plan. This is my first time dealing with this issue. Thank you.,en,True
CONV-01381,email,Could you help me? The same purchase appears twice on my card statement. I noticed this while reviewing my recent activity. Thanks.,en,True
CONV-01382,web_form,Just checking — There are changes in my profile that I didn't make. I’m trying to sort this out before the end of the day. I’d like to resolve this today.,en,True
CONV-01383,mobile_app,"Hi, My multi-item order is incomplete. I’m trying to sort this out before the end of the day. I'd appreciate your help.",en,True
CONV-01384,email,"Hi, I see two charges for the same purchase. I noticed this while reviewing my recent activity. Thanks.",en,True
CONV-01385,web_form,Could you help me? Why is the coupon being rejected at checkout? I noticed this while reviewing my recent activity. I'd appreciate your help.,en,True
CONV-01386,mobile_app,"Quick question: The item was returned, but I haven't received the refund. I’m trying to sort this out before the end of the day. Any guidance would be helpful.",en,True
CONV-01387,email,I no longer want this order. Is cancellation still possible? I haven't changed anything on my account. Please let me know.,en,True
CONV-01388,web_form,Quick question: I want to track the package that was just dispatched. I noticed this while reviewing my recent activity. Any guidance would be helpful.,en,True
CONV-01389,web_form,I wanted to check whether I think I was charged more than once for a single checkout. I haven't changed anything on my account.,en,True
CONV-01390,email,Please advise: Why are there duplicate transactions for one order? I’m trying to sort this out before the end of the day. Any guidance would be helpful.,en,True
CONV-01391,mobile_app,I’m contacting support because Checkout keeps rejecting my payment. Please let me know.,en,True
CONV-01392,mobile_app,Please help me arrange a return. This is my first time dealing with this issue.,en,True
CONV-01393,chat,"Hi, I can't sign in to my account. I placed the order earlier today. I’d like to resolve this today.",en,True
CONV-01394,chat,Please advise: What steps do I need to follow to return this product? I noticed this while reviewing my recent activity. I’d like to resolve this today.,en,True
CONV-01395,mobile_app,Just checking — What exactly is included with this item? I’m trying to sort this out before the end of the day. I’d like to resolve this today.,en,True
CONV-01396,email,I need some help. Where is ORD-104895 right now? Please let me know.,en,True
CONV-01397,chat,I wanted to check whether I think I was charged more than once for a single checkout. I haven't changed anything on my account. Thank you.,en,True
CONV-01398,chat,I wanted to check whether Can you tell me more about this product's features? I haven't changed anything on my account. Please let me know.,en,True
CONV-01399,web_form,I wanted to check whether I think I was charged more than once for a single checkout. This is my first time dealing with this issue.,en,True
CONV-01400,web_form,"Hi, Something different was packed instead of what I purchased. I’m trying to sort this out before the end of the day. I’d like to resolve this today.",en,True
CONV-01401,email,"Hi, I opened the package and found the product broken. I’m trying to sort this out before the end of the day. I'd appreciate your help.",en,True
CONV-01402,email,Please advise: Does this product come with the accessories shown? I placed the order earlier today. Any guidance would be helpful.,en,True
CONV-01403,email,I wanted to check whether Please stop ORD-101767 before it is dispatched. I haven't changed anything on my account. Thank you.,en,True
CONV-01404,web_form,"Hello, Would you mind checking the latest status of ORD-100174? Please let me know.",en,True
CONV-01405,web_form,I wanted to check whether I think I was charged more than once for a single checkout.,en,True
CONV-01406,mobile_app,"Hi, Why was my subscription charged this month? I’m trying to sort this out before the end of the day. Thanks.",en,True
CONV-01407,chat,"Hi, Checkout keeps rejecting my payment. I placed the order earlier today. Any guidance would be helpful.",en,True
CONV-01408,mobile_app,Why is the coupon being rejected at checkout? This is my first time dealing with this issue. Thank you.,en,True
CONV-01409,email,"Hi, Can you see what stage ORD-100217 is at right now? I’m trying to sort this out before the end of the day. I’d like to resolve this today.",en,True
CONV-01410,chat,Please advise: Could you help me end my recurring plan? I placed the order earlier today. I'd appreciate your help.,en,True
CONV-01411,chat,I need some help. Can I change the shipping address for ORD-103720? This is my first time dealing with this issue. Please let me know.,en,True
CONV-01412,web_form,"Hello, When should ORD-100690 arrive? This is my first time dealing with this issue. Can you check?",en,True
CONV-01413,email,"Hi, My multi-item order is incomplete. I’m trying to sort this out before the end of the day. Any guidance would be helpful.",en,True
CONV-01414,email,Please advise: The product has a crack that wasn't shown in the listing. I noticed this while reviewing my recent activity. I’d like to resolve this today.,en,True
CONV-01415,web_form,"Hello, The product has a crack that wasn't shown in the listing. This is my first time dealing with this issue. Please let me know.",en,True
CONV-01416,web_form,"Hello, I'm still waiting for the money from my return. Can you check? Please let me know.",en,True
CONV-01417,mobile_app,I need some help. Can you help me cancel my recent order? This is my first time dealing with this issue.,en,True
CONV-01418,chat,I’m contacting support because Where can I request a password reset? This is my first time dealing with this issue.,en,True
CONV-01419,web_form,Please advise: My package contains a different product. I noticed this while reviewing my recent activity. I’d like to resolve this today.,en,True
CONV-01420,mobile_app,Could you help me? What is the estimated delivery date for my package? I’m trying to sort this out before the end of the day. I'd appreciate your help.,en,True
CONV-01421,chat,I need some help. Can I change the shipping address for ORD-103660? This is my first time dealing with this issue. Thank you.,en,True
CONV-01422,mobile_app,Please advise: I entered the wrong delivery address. Can it be corrected? I placed the order earlier today. I'd appreciate your help.,en,True
CONV-01423,chat,What is the estimated delivery date for my package? This is my first time dealing with this issue. Thank you.,en,True
CONV-01424,mobile_app,Please advise: The product has a crack that wasn't shown in the listing. I’m trying to sort this out before the end of the day. Thanks.,en,True
CONV-01425,email,"Hello, My discount code isn't working.",en,True
CONV-01426,chat,I need some help. Has the refund for ORD-101180 been issued yet? This is my first time dealing with this issue.,en,True
CONV-01427,web_form,Please advise: What steps do I need to follow to return this product? I noticed this while reviewing my recent activity. Thanks.,en,True
CONV-01428,chat,I’m contacting support because Where can I request a password reset? This is my first time dealing with this issue. Can you check?,en,True
CONV-01429,chat,"Hello, Why are there duplicate transactions for one order? I haven't changed anything on my account. Thank you.",en,True
CONV-01430,mobile_app,Just checking — Part of ORD-102663 was not included in the delivery. I noticed this while reviewing my recent activity. I’d like to resolve this today.,en,True
CONV-01431,mobile_app,I need some help. I changed my mind and would like to send the item back. I haven't changed anything on my account.,en,True
CONV-01432,mobile_app,I need some help. There are changes in my profile that I didn't make. This is my first time dealing with this issue. Please let me know.,en,True
CONV-01433,email,I need some help. Can you help me cancel my recent order? Please let me know.,en,True
CONV-01434,chat,I need some help. I placed ORD-100208 recently. What is happening with it? I haven't changed anything on my account.,en,True
CONV-01435,mobile_app,"I expected this shipment already, but it hasn't turned up. Thank you.",en,True
CONV-01436,mobile_app,"Hi, When should the refund appear in my account? I’m trying to sort this out before the end of the day. Any guidance would be helpful.",en,True
CONV-01437,email,Please advise: The product has a crack that wasn't shown in the listing. I’m trying to sort this out before the end of the day. I'd appreciate your help.,en,True
CONV-01438,email,Quick question: I think I was charged more than once for a single checkout. I’m trying to sort this out before the end of the day. Thanks.,en,True
CONV-01439,web_form,Please advise: I can't finish the purchase because the payment isn't accepted. I noticed this while reviewing my recent activity. I’d like to resolve this today.,en,True
CONV-01440,chat,Quick question: I want to return ORD-100990. How do I start? I noticed this while reviewing my recent activity. I'd appreciate your help.,en,True
CONV-01441,email,Please advise: I don't recognize the amount billed for my membership. I’m trying to sort this out before the end of the day. I'd appreciate your help.,en,True
CONV-01442,chat,I need some help. It looks like I was billed twice for ORD-101616. This is my first time dealing with this issue. Please let me know.,en,True
CONV-01443,mobile_app,"I expected this shipment already, but it hasn't turned up. Please let me know.",en,True
CONV-01444,email,Just checking — What exactly is included with this item? I noticed this while reviewing my recent activity. Thanks.,en,True
CONV-01445,web_form,I need some help. There is visible damage on the item I received. This is my first time dealing with this issue. Please let me know.,en,True
CONV-01446,web_form,I need some help. Can I change the shipping address for ORD-103690? This is my first time dealing with this issue.,en,True
CONV-01447,mobile_app,Could you help me? One product from my order is missing. I noticed this while reviewing my recent activity. I'd appreciate your help.,en,True
CONV-01448,chat,I’m contacting support because Where can I request a password reset? Can you check?,en,True
CONV-01449,chat,"I wanted to check whether The item was returned, but I haven't received the refund. This is my first time dealing with this issue.",en,True
CONV-01450,email,I wanted to check whether The promised delivery window is over for ORD-100259. This is my first time dealing with this issue.,en,True
CONV-01451,mobile_app,Quick question: I think I was charged more than once for a single checkout. I’m trying to sort this out before the end of the day. I'd appreciate your help.,en,True
CONV-01452,mobile_app,I wanted to check whether Please stop ORD-101777 before it is dispatched. This is my first time dealing with this issue. Can you check?,en,True
CONV-01453,mobile_app,Could you help me? Could you explain the available options for this product? I placed the order earlier today. I'd appreciate your help.,en,True
CONV-01454,chat,Please advise: Can you cancel ORD-101770 for me? I’m trying to sort this out before the end of the day. I'd appreciate your help.,en,True
CONV-01455,mobile_app,I’m contacting support because Where should I enter my promo code? This is my first time dealing with this issue. Please let me know.,en,True
CONV-01456,chat,I’m contacting support because Can you see what stage ORD-100052 is at right now? I haven't changed anything on my account. Can you check?,en,True
CONV-01457,mobile_app,"Hello, I received a security alert for an unfamiliar sign-in. Thank you.",en,True
CONV-01458,mobile_app,Please advise: Does this product come with the accessories shown? I noticed this while reviewing my recent activity. I'd appreciate your help.,en,True
CONV-01459,email,Why is the coupon being rejected at checkout?,en,True
CONV-01460,mobile_app,I’m contacting support because Something different was packed instead of what I purchased. Please let me know.,en,True
CONV-01461,email,"Hello, I'm locked out of my account and need access. This is my first time dealing with this issue. Thank you.",en,True
CONV-01462,web_form,"Hi, Something different was packed instead of what I purchased. I’m trying to sort this out before the end of the day. I'd appreciate your help.",en,True
CONV-01463,email,"Quick question: The item was returned, but I haven't received the refund. I placed the order earlier today. I'd appreciate your help.",en,True
CONV-01464,email,Could you help me? Could you tell me the current status of my refund? I noticed this while reviewing my recent activity. I'd appreciate your help.,en,True
CONV-01465,mobile_app,"Hi, Roughly how long will delivery take? I placed the order earlier today. I’d like to resolve this today.",en,True
CONV-01466,web_form,"Hello, I'm still waiting for the money from my return. Can you check? Thank you.",en,True
CONV-01467,chat,Just checking — Can you help me cancel my recent order? I placed the order earlier today. I’d like to resolve this today.,en,True
CONV-01468,web_form,Could you help me? Why is the coupon being rejected at checkout? I’m trying to sort this out before the end of the day. I'd appreciate your help.,en,True
CONV-01469,web_form,I’m checking on ORD-100030. Could you tell me its current status? Please let me know.,en,True
CONV-01470,email,Please advise: When should ORD-100725 arrive? I’m trying to sort this out before the end of the day. Thanks.,en,True
CONV-01471,mobile_app,"Hello, Can you show me the latest tracking update for my shipment?",en,True
CONV-01472,web_form,"Hello, Does this product come with the accessories shown? This is my first time dealing with this issue.",en,True
CONV-01473,email,I need some help. I don't want the subscription to continue after this billing period. Thank you.,en,True
CONV-01474,chat,"Quick question: I have tried several times, but the transaction won't go through. I noticed this while reviewing my recent activity. Any guidance would be helpful.",en,True
CONV-01475,mobile_app,I was sent the wrong model. I haven't changed anything on my account. Please let me know.,en,True
CONV-01476,web_form,Just checking — The delivery date for ORD-100436 has passed and I'm still waiting. I placed the order earlier today. I’d like to resolve this today.,en,True
CONV-01477,chat,Just checking — The item I received isn't the one I ordered. I’m trying to sort this out before the end of the day. Any guidance would be helpful.,en,True
CONV-01478,web_form,Just checking — I changed my mind and would like to send the item back. I noticed this while reviewing my recent activity. Thanks.,en,True
CONV-01479,web_form,"Hello, I don't recognize the amount billed for my membership. This is my first time dealing with this issue. Please let me know.",en,True
CONV-01480,web_form,Quick question: The promotional code says it is invalid. I’m trying to sort this out before the end of the day. I'd appreciate your help.,en,True
CONV-01481,chat,I need some help. What exactly is included with this item? Thank you.,en,True
CONV-01482,email,I’m contacting support because Where should I enter my promo code? This is my first time dealing with this issue.,en,True
CONV-01483,email,I was sent the wrong model. I haven't changed anything on my account. Can you check?,en,True
CONV-01484,email,Just checking — What exactly is included with this item? I’m trying to sort this out before the end of the day. Thanks.,en,True
CONV-01485,web_form,"I wanted to check whether The item was returned, but I haven't received the refund. Thank you.",en,True
CONV-01486,email,"Hello, What steps do I need to follow to return this product? Please let me know.",en,True
CONV-01487,chat,I need some help. Can I change the shipping address for ORD-103620? I haven't changed anything on my account. Thank you.,en,True
CONV-01488,mobile_app,Could you help me? Can you send me through the password recovery process? I noticed this while reviewing my recent activity. Any guidance would be helpful.,en,True
CONV-01489,email,I wanted to check whether I keep getting rejected when I try to sign in. This is my first time dealing with this issue. Thank you.,en,True
CONV-01490,mobile_app,Quick question: Can you give me an ETA for this shipment? I placed the order earlier today. I'd appreciate your help.,en,True
CONV-01491,email,Could you help me? Can you send me through the password recovery process? I placed the order earlier today. I’d like to resolve this today.,en,True
CONV-01492,mobile_app,Just checking — I placed ORD-100183 recently. What is happening with it? I noticed this while reviewing my recent activity. Thanks.,en,True
CONV-01493,chat,I wanted to check whether I think I was charged more than once for a single checkout. I haven't changed anything on my account. Thank you.,en,True
CONV-01494,chat,"Hello, I received the package, but one of the products is absent. This is my first time dealing with this issue. Thank you.",en,True
CONV-01495,mobile_app,I need some help. The delivery date for ORD-100321 has passed and I'm still waiting. I haven't changed anything on my account. Please let me know.,en,True
CONV-01496,mobile_app,Quick question: I need to redirect this package to another address. I’m trying to sort this out before the end of the day. I’d like to resolve this today.,en,True
CONV-01497,web_form,The same purchase appears twice on my card statement. This is my first time dealing with this issue.,en,True
CONV-01498,mobile_app,I wanted to check whether Please stop ORD-101837 before it is dispatched. This is my first time dealing with this issue.,en,True
CONV-01499,web_form,Just checking — The item I received isn't the one I ordered. I’m trying to sort this out before the end of the day. I’d like to resolve this today.,en,True
CONV-01500,web_form,Quick question: Please stop ORD-101912 before it is dispatched. I placed the order earlier today. Any guidance would be helpful.,en,True
CONV-01501,web_form,Please advise: Can you cancel ORD-101840 for me? I placed the order earlier today. Any guidance would be helpful.,en,True
CONV-01502,mobile_app,Quick question: The item arrived damaged. What should I do? I placed the order earlier today. Any guidance would be helpful.,en,True
CONV-01503,mobile_app,I wanted to check whether The promotional code says it is invalid. This is my first time dealing with this issue. Thank you.,en,True
CONV-01504,web_form,"Hello, I'm still waiting for the money from my return. Can you check? I haven't changed anything on my account. Please let me know.",en,True
CONV-01505,chat,Please advise: My package contains a different product. I placed the order earlier today. Any guidance would be helpful.,en,True
CONV-01506,chat,"Hello, Would you mind checking the latest status of ORD-100044? This is my first time dealing with this issue. Can you check?",en,True
CONV-01507,web_form,"My delivery arrived, but the item inside is damaged. This is my first time dealing with this issue. Thank you.",en,True
CONV-01508,web_form,I need some help. It looks like I was billed twice for ORD-101526. This is my first time dealing with this issue. Can you check?,en,True
CONV-01509,email,I need some help. Where is ORD-104855 right now? This is my first time dealing with this issue. Please let me know.,en,True
CONV-01510,chat,Just checking — Why does the payment fail whenever I try to complete the order? I noticed this while reviewing my recent activity. Any guidance would be helpful.,en,True
CONV-01511,mobile_app,"Hello, Can you cancel ORD-101765 for me? This is my first time dealing with this issue.",en,True
CONV-01512,chat,I wanted to check whether I need to create a new password because I can't remember mine.,en,True
CONV-01513,mobile_app,"I expected this shipment already, but it hasn't turned up. Thank you.",en,True
CONV-01514,web_form,Just checking — The discount isn't being applied even though I entered the code. I placed the order earlier today. I’d like to resolve this today.,en,True
CONV-01515,email,I’m contacting support because Checkout keeps rejecting my payment. This is my first time dealing with this issue.,en,True
CONV-01516,web_form,The same purchase appears twice on my card statement. This is my first time dealing with this issue.,en,True
CONV-01517,mobile_app,I’m contacting support because Could you explain the return process for this purchase?,en,True
CONV-01518,web_form,Just checking — Why does the payment fail whenever I try to complete the order? I noticed this while reviewing my recent activity. I’d like to resolve this today.,en,True
CONV-01519,web_form,I need some help. There is visible damage on the item I received. Please let me know.,en,True
CONV-01520,chat,I need some help. Part of ORD-102588 was not included in the delivery. Please let me know.,en,True
CONV-01521,mobile_app,Could you help me? One product from my order is missing. I noticed this while reviewing my recent activity. I’d like to resolve this today.,en,True
CONV-01522,chat,Quick question: The delivered item doesn't match my order. I placed the order earlier today. Any guidance would be helpful.,en,True
CONV-01523,web_form,Just checking — The delivery date for ORD-100256 has passed and I'm still waiting. I placed the order earlier today. I'd appreciate your help.,en,True
CONV-01524,email,"Hi, I need the specifications before I decide whether to buy it. I placed the order earlier today. Thanks.",en,True
CONV-01525,email,Quick question: I think I was charged more than once for a single checkout. I’m trying to sort this out before the end of the day. Thanks.,en,True
CONV-01526,mobile_app,Please advise: I'm still waiting for the money from my return. Can you check? I noticed this while reviewing my recent activity. Any guidance would be helpful.,en,True
CONV-01527,chat,I wanted to check whether I have a question about the charge on my recurring plan. This is my first time dealing with this issue.,en,True
CONV-01528,mobile_app,Quick question: Can you give me an ETA for this shipment? I’m trying to sort this out before the end of the day. I’d like to resolve this today.,en,True
CONV-01529,web_form,Could you help me? My account suddenly won't let me log in. I noticed this while reviewing my recent activity. Any guidance would be helpful.,en,True
CONV-01530,web_form,"Hello, Why are there duplicate transactions for one order? I haven't changed anything on my account. Can you check?",en,True
CONV-01531,mobile_app,I no longer want this order. Is cancellation still possible? I haven't changed anything on my account. Can you check?,en,True
CONV-01532,web_form,Just checking — I don't want the subscription to continue after this billing period. I noticed this while reviewing my recent activity. Any guidance would be helpful.,en,True
CONV-01533,email,My payment is being declined at checkout. Can you check?,en,True
CONV-01534,mobile_app,I’m contacting support because Something different was packed instead of what I purchased. I haven't changed anything on my account. Thank you.,en,True
CONV-01535,chat,Could you help me? I no longer want this order. Is cancellation still possible? I placed the order earlier today. I’d like to resolve this today.,en,True
CONV-01536,mobile_app,I need some help. The item I received isn't the one I ordered. This is my first time dealing with this issue. Please let me know.,en,True
CONV-01537,email,I want to cancel my subscription. Thank you.,en,True
CONV-01538,chat,Could you help me? My payment is being declined at checkout. I placed the order earlier today. Thanks.,en,True
CONV-01539,web_form,"Hi, I think someone may have accessed my account. I noticed this while reviewing my recent activity. I’d like to resolve this today.",en,True
CONV-01540,chat,I’m contacting support because Can you see what stage ORD-100112 is at right now? I haven't changed anything on my account.,en,True
CONV-01541,email,"Hi, Where can I request a password reset? I’m trying to sort this out before the end of the day. I’d like to resolve this today.",en,True
CONV-01542,email,"I expected this shipment already, but it hasn't turned up. Can you check?",en,True
CONV-01543,mobile_app,I need some help. Why does the payment fail whenever I try to complete the order? Thank you.,en,True
CONV-01544,chat,"Hi, I'd like to withdraw this purchase if it hasn't shipped. I’m trying to sort this out before the end of the day. I’d like to resolve this today.",en,True
CONV-01545,web_form,"Hello, I'm still waiting for the money from my return. Can you check? This is my first time dealing with this issue. Please let me know.",en,True
CONV-01546,mobile_app,Could you help me? Can you send me through the password recovery process? I placed the order earlier today. Any guidance would be helpful.,en,True
CONV-01547,chat,I wanted to check whether Do you have an update on ORD-100056? I want to know where it stands. This is my first time dealing with this issue.,en,True
CONV-01548,mobile_app,"Hello, I can't finish the purchase because the payment isn't accepted. Please let me know.",en,True
CONV-01549,mobile_app,Please advise: When should ORD-100695 arrive? I’m trying to sort this out before the end of the day. I’d like to resolve this today.,en,True
CONV-01550,web_form,Please advise: I'm locked out of my account and need access. I placed the order earlier today. Thanks.,en,True
CONV-01551,web_form,I need some help. It looks like I was billed twice for ORD-101726. I haven't changed anything on my account. Can you check?,en,True
CONV-01552,mobile_app,"Hi, I opened the package and found the product broken. I placed the order earlier today. Any guidance would be helpful.",en,True
CONV-01553,mobile_app,"Hello, Could you help me end my recurring plan? This is my first time dealing with this issue.",en,True
CONV-01554,email,I wanted to check whether The promised delivery window is over for ORD-100319. This is my first time dealing with this issue. Can you check?,en,True
CONV-01555,web_form,Please advise: My discount code isn't working. I placed the order earlier today. I'd appreciate your help.,en,True
CONV-01556,web_form,I wanted to check whether Can you give me an ETA for this shipment? Can you check?,en,True
CONV-01557,mobile_app,I wanted to check whether Please stop my recurring membership. I haven't changed anything on my account. Can you check?,en,True
CONV-01558,email,"Hi, Where can I request a password reset? I noticed this while reviewing my recent activity. I’d like to resolve this today.",en,True
CONV-01559,web_form,I need some help. There is visible damage on the item I received. Thank you.,en,True
CONV-01560,chat,Could you help me? Has the courier scanned ORD-104782 yet? I’m trying to sort this out before the end of the day. I'd appreciate your help.,en,True
CONV-01561,web_form,I’m contacting support because Why was my subscription charged this month? This is my first time dealing with this issue. Please let me know.,en,True
CONV-01562,chat,Just checking — The delivery date for ORD-100286 has passed and I'm still waiting. I placed the order earlier today. Any guidance would be helpful.,en,True
CONV-01563,web_form,"Hi, I'd like to withdraw this purchase if it hasn't shipped. I placed the order earlier today. Any guidance would be helpful.",en,True
CONV-01564,mobile_app,I was sent the wrong model. Please let me know.,en,True
CONV-01565,chat,One product from my order is missing. I haven't changed anything on my account. Thank you.,en,True
CONV-01566,mobile_app,I was sent the wrong model. Thank you.,en,True
CONV-01567,mobile_app,Just checking — There is visible damage on the item I received. I placed the order earlier today. Thanks.,en,True
CONV-01568,email,Something about my account activity looks suspicious. This is my first time dealing with this issue. Can you check?,en,True
CONV-01569,mobile_app,Just checking — Can you explain the latest recurring charge? I noticed this while reviewing my recent activity. Any guidance would be helpful.,en,True
CONV-01570,mobile_app,Please advise: The product has a crack that wasn't shown in the listing. I noticed this while reviewing my recent activity. Any guidance would be helpful.,en,True
CONV-01571,chat,What is the estimated delivery date for my package? Thank you.,en,True
CONV-01572,mobile_app,"Hello, Can you show me the latest tracking update for my shipment? This is my first time dealing with this issue.",en,True
CONV-01573,web_form,Just checking — The delivery date for ORD-100336 has passed and I'm still waiting. I’m trying to sort this out before the end of the day. I'd appreciate your help.,en,True
CONV-01574,chat,"I wanted to check whether The box arrived, but charger wasn't inside. This is my first time dealing with this issue. Please let me know.",en,True
CONV-01575,email,I need some help. The login page won't let me access my account. I haven't changed anything on my account. Thank you.,en,True
CONV-01576,chat,I’m contacting support because How do I change the address attached to my order? I haven't changed anything on my account. Please let me know.,en,True
CONV-01577,web_form,Just checking — The discount isn't being applied even though I entered the code. I placed the order earlier today. I’d like to resolve this today.,en,True
CONV-01578,mobile_app,Please advise: I'm still waiting for the money from my return. Can you check? I’m trying to sort this out before the end of the day. Any guidance would be helpful.,en,True
CONV-01579,chat,Just checking — The item I received isn't the one I ordered. I’m trying to sort this out before the end of the day. Thanks.,en,True
CONV-01580,chat,"Hello, Why are there duplicate transactions for one order? I haven't changed anything on my account. Please let me know.",en,True
CONV-01581,mobile_app,Could you help me? My subscription payment was higher than I expected. I’m trying to sort this out before the end of the day. Any guidance would be helpful.,en,True
CONV-01582,chat,Please advise: My discount code isn't working. I’m trying to sort this out before the end of the day. Thanks.,en,True
CONV-01583,email,Could you help me? My subscription payment was higher than I expected. I’m trying to sort this out before the end of the day. I’d like to resolve this today.,en,True
CONV-01584,web_form,"Hi, Where should I enter my promo code? I noticed this while reviewing my recent activity. I'd appreciate your help.",en,True
CONV-01585,chat,"Hi, I think someone may have accessed my account. I’m trying to sort this out before the end of the day. Thanks.",en,True
CONV-01586,web_form,Just checking — Why does the payment fail whenever I try to complete the order? I placed the order earlier today. I’d like to resolve this today.,en,True
CONV-01587,chat,"Could you help me? I expected this shipment already, but it hasn't turned up. I’m trying to sort this out before the end of the day. Thanks.",en,True
CONV-01588,chat,Quick question: The promotional code says it is invalid. I’m trying to sort this out before the end of the day. Any guidance would be helpful.,en,True
CONV-01589,email,Something about my account activity looks suspicious.,en,True
CONV-01590,email,"Quick question: The box arrived, but cable wasn't inside. I placed the order earlier today. Thanks.",en,True
CONV-01591,mobile_app,"Hi, Where can I request a password reset? I noticed this while reviewing my recent activity. Thanks.",en,True
CONV-01592,mobile_app,I need some help. The login page won't let me access my account. I haven't changed anything on my account.,en,True
CONV-01593,mobile_app,I wanted to check whether The promotional code says it is invalid. This is my first time dealing with this issue. Please let me know.,en,True
CONV-01594,chat,"Hello, I received the package, but one of the products is absent. This is my first time dealing with this issue. Please let me know.",en,True
CONV-01595,chat,Could you help me? Why is the coupon being rejected at checkout? I’m trying to sort this out before the end of the day. Any guidance would be helpful.,en,True
CONV-01596,chat,I’m contacting support because Why was my subscription charged this month?,en,True
CONV-01597,web_form,"My delivery arrived, but the item inside is damaged. This is my first time dealing with this issue. Thank you.",en,True
CONV-01598,web_form,Could you tell me the current status of my refund? Thank you.,en,True
CONV-01599,chat,Could you help me? I was sent the wrong model. I placed the order earlier today. Thanks.,en,True
CONV-01600,chat,Please advise: Can you show me the latest tracking update for my shipment? I noticed this while reviewing my recent activity. I'd appreciate your help.,en,True
CONV-01601,mobile_app,Quick question: I have a question about the charge on my recurring plan. I placed the order earlier today. Any guidance would be helpful.,en,True
CONV-01602,mobile_app,"Hi, Where can I request a password reset? I noticed this while reviewing my recent activity. Any guidance would be helpful.",en,True
CONV-01603,mobile_app,"Hello, My discount code isn't working. This is my first time dealing with this issue. Thank you.",en,True
CONV-01604,email,Please advise: When should ORD-100665 arrive? I’m trying to sort this out before the end of the day. Any guidance would be helpful.,en,True
CONV-01605,web_form,"Hi, How can I prevent the plan from renewing? I placed the order earlier today. Thanks.",en,True
CONV-01606,web_form,I need some help. Part of ORD-102638 was not included in the delivery. This is my first time dealing with this issue.,en,True
CONV-01607,chat,Can you send me through the password recovery process? This is my first time dealing with this issue. Can you check?,en,True
CONV-01608,mobile_app,"Hello, My discount code isn't working. I haven't changed anything on my account. Please let me know.",en,True
CONV-01609,email,Could you help me? Can you send me through the password recovery process? I’m trying to sort this out before the end of the day. I'd appreciate your help.,en,True
CONV-01610,email,Could you help me? Could you tell me the current status of my refund? I’m trying to sort this out before the end of the day. I'd appreciate your help.,en,True
CONV-01611,email,Quick question: Can you give me an ETA for this shipment? I’m trying to sort this out before the end of the day. Thanks.,en,True
CONV-01612,email,I’m contacting support because Something different was packed instead of what I purchased. This is my first time dealing with this issue. Can you check?,en,True
CONV-01613,mobile_app,Could you help me? Could you tell me the current status of my refund? I placed the order earlier today. Any guidance would be helpful.,en,True
CONV-01614,email,Quick question: The item arrived damaged. What should I do? I noticed this while reviewing my recent activity. I'd appreciate your help.,en,True
CONV-01615,chat,"I wanted to check whether The box arrived, but adapter wasn't inside. This is my first time dealing with this issue. Thank you.",en,True
CONV-01616,mobile_app,Quick question: The item arrived damaged. What should I do? I’m trying to sort this out before the end of the day. Thanks.,en,True
CONV-01617,web_form,I’m contacting support because I see two charges for the same purchase. I haven't changed anything on my account. Can you check?,en,True
CONV-01618,chat,I need some help. It looks like I was billed twice for ORD-101736. This is my first time dealing with this issue. Please let me know.,en,True
CONV-01619,email,Could you help me? I’m checking on ORD-100245. Could you tell me its current status? I placed the order earlier today. I'd appreciate your help.,en,True
CONV-01620,mobile_app,"Quick question: The item was returned, but I haven't received the refund. I noticed this while reviewing my recent activity. Thanks.",en,True
CONV-01621,chat,Just checking — There are changes in my profile that I didn't make. I noticed this while reviewing my recent activity. Any guidance would be helpful.,en,True
CONV-01622,chat,Just checking — The delivery date for ORD-100266 has passed and I'm still waiting. I noticed this while reviewing my recent activity. Thanks.,en,True
CONV-01623,chat,Please advise: My package contains a different product. I placed the order earlier today. Any guidance would be helpful.,en,True
CONV-01624,web_form,I’m contacting support because When should the refund appear in my account? This is my first time dealing with this issue. Please let me know.,en,True
CONV-01625,mobile_app,Just checking — I placed ORD-100063 recently. What is happening with it? I noticed this while reviewing my recent activity. Thanks.,en,True
CONV-01626,chat,I’m contacting support because My multi-item order is incomplete. I haven't changed anything on my account. Thank you.,en,True
CONV-01627,web_form,Could you help me? My account suddenly won't let me log in. I noticed this while reviewing my recent activity. Any guidance would be helpful.,en,True
CONV-01628,mobile_app,"Hello, I'm locked out of my account and need access. This is my first time dealing with this issue. Can you check?",en,True
CONV-01629,mobile_app,Could you help me? Can you send me through the password recovery process? I placed the order earlier today. Thanks.,en,True
CONV-01630,chat,Can you send me through the password recovery process? I haven't changed anything on my account.,en,True
CONV-01631,chat,Could you help me? My account suddenly won't let me log in. I noticed this while reviewing my recent activity. I'd appreciate your help.,en,True
CONV-01632,email,I’m contacting support because I can't sign in to my account. Please let me know.,en,True
CONV-01633,email,I’m contacting support because Something different was packed instead of what I purchased.,en,True
CONV-01634,chat,Quick question: I want to track the package that was just dispatched. I noticed this while reviewing my recent activity. I'd appreciate your help.,en,True
CONV-01635,chat,I need some help. I can't recall my password and need to change it.,en,True
CONV-01636,email,Could you help me? Could you tell me the current status of my refund? I placed the order earlier today. I’d like to resolve this today.,en,True
CONV-01637,mobile_app,Just checking — I placed ORD-100103 recently. What is happening with it? I’m trying to sort this out before the end of the day. Thanks.,en,True
CONV-01638,mobile_app,Just checking — Part of ORD-102643 was not included in the delivery. I’m trying to sort this out before the end of the day. I'd appreciate your help.,en,True
CONV-01639,web_form,Please advise: My parcel is 5 days late. Can you investigate? I noticed this while reviewing my recent activity. I'd appreciate your help.,en,True
CONV-01640,chat,I’m contacting support because Roughly how long will delivery take? Please let me know.,en,True
CONV-01641,web_form,I’m contacting support because I opened the package and found the product broken. This is my first time dealing with this issue. Thank you.,en,True
CONV-01642,mobile_app,I wanted to check whether I want to track the package that was just dispatched. This is my first time dealing with this issue. Can you check?,en,True
CONV-01643,mobile_app,"Hello, My package contains a different product. This is my first time dealing with this issue. Please let me know.",en,True
CONV-01644,mobile_app,I wanted to check whether I want to return ORD-100865. How do I start? I haven't changed anything on my account.,en,True
CONV-01645,chat,"Hi, I think someone may have accessed my account. I noticed this while reviewing my recent activity. Thanks.",en,True
CONV-01646,web_form,Please advise: What steps do I need to follow to return this product? I placed the order earlier today. Any guidance would be helpful.,en,True
CONV-01647,web_form,"My delivery arrived, but the item inside is damaged. I haven't changed anything on my account. Thank you.",en,True
CONV-01648,web_form,Quick question: Please stop my recurring membership. I placed the order earlier today. Any guidance would be helpful.,en,True
CONV-01649,mobile_app,Please advise: Why are there duplicate transactions for one order? I’m trying to sort this out before the end of the day. I’d like to resolve this today.,en,True
CONV-01650,mobile_app,My account suddenly won't let me log in. I haven't changed anything on my account.,en,True
CONV-01651,web_form,"Hello, Why are there duplicate transactions for one order? I haven't changed anything on my account.",en,True
CONV-01652,email,I wanted to check whether I want to return ORD-100835. How do I start? I haven't changed anything on my account. Thank you.,en,True
CONV-01653,chat,"Could you help me? I expected this shipment already, but it hasn't turned up. I placed the order earlier today. Any guidance would be helpful.",en,True
CONV-01654,web_form,I need some help. I placed ORD-100138 recently. What is happening with it? Thank you.,en,True
CONV-01655,email,I wanted to check whether The promised delivery window is over for ORD-100299.,en,True
CONV-01656,chat,I need some help. It looks like I was billed twice for ORD-101556. This is my first time dealing with this issue. Thank you.,en,True
CONV-01657,mobile_app,"Quick question: The item was returned, but I haven't received the refund. I placed the order earlier today. Thanks.",en,True
CONV-01658,chat,Please advise: My parcel is 1 days late. Can you investigate? I placed the order earlier today. Any guidance would be helpful.,en,True
CONV-01659,mobile_app,I’m contacting support because Could you explain the return process for this purchase? This is my first time dealing with this issue. Can you check?,en,True
CONV-01660,chat,Could you help me? Why is the coupon being rejected at checkout? I placed the order earlier today. Any guidance would be helpful.,en,True
CONV-01661,chat,"Hi, Could you tell me the current location or transit stage of my parcel? I’m trying to sort this out before the end of the day. I'd appreciate your help.",en,True
CONV-01662,mobile_app,I’m contacting support because Could you explain the return process for this purchase? This is my first time dealing with this issue.,en,True
CONV-01663,email,"Hi, I see two charges for the same purchase. I’m trying to sort this out before the end of the day. Thanks.",en,True
CONV-01664,mobile_app,I’m contacting support because I'd like to withdraw this purchase if it hasn't shipped. This is my first time dealing with this issue. Can you check?,en,True
CONV-01665,web_form,One product from my order is missing. I haven't changed anything on my account.,en,True
CONV-01666,web_form,I’m contacting support because I opened the package and found the product broken. Please let me know.,en,True
CONV-01667,email,Just checking — There is visible damage on the item I received. I noticed this while reviewing my recent activity. I'd appreciate your help.,en,True
CONV-01668,chat,Please advise: What steps do I need to follow to return this product? I’m trying to sort this out before the end of the day. I’d like to resolve this today.,en,True
CONV-01669,email,"Hello, Could you help me end my recurring plan? Thank you.",en,True
CONV-01670,mobile_app,Just checking — Can I change the shipping address for ORD-103615? I placed the order earlier today. I'd appreciate your help.,en,True
CONV-01671,chat,"Hi, Checkout keeps rejecting my payment. I noticed this while reviewing my recent activity. Any guidance would be helpful.",en,True
CONV-01672,mobile_app,I need some help. I don't want the subscription to continue after this billing period. Can you check?,en,True
CONV-01673,mobile_app,I want to cancel my subscription. This is my first time dealing with this issue. Can you check?,en,True
CONV-01674,chat,Could you help me? Why is the coupon being rejected at checkout? I placed the order earlier today. Thanks.,en,True
CONV-01675,email,I’m contacting support because I can't sign in to my account. This is my first time dealing with this issue. Thank you.,en,True
CONV-01676,chat,"Hello, Why are there duplicate transactions for one order? Please let me know.",en,True
CONV-01677,chat,"I wanted to check whether The item was returned, but I haven't received the refund. I haven't changed anything on my account.",en,True
CONV-01678,mobile_app,I wanted to check whether I keep getting rejected when I try to sign in. Can you check?,en,True
CONV-01679,chat,I wanted to check whether The item arrived damaged. What should I do?,en,True
CONV-01680,email,I wanted to check whether I want to track the package that was just dispatched. I haven't changed anything on my account. Please let me know.,en,True
CONV-01681,mobile_app,I need some help. There are changes in my profile that I didn't make. Please let me know.,en,True
CONV-01682,chat,I need some help. I placed ORD-100108 recently. What is happening with it? Can you check?,en,True
CONV-01683,web_form,"Hello, Does this product come with the accessories shown? Can you check?",en,True
CONV-01684,email,"Hello, I'm locked out of my account and need access. Thank you.",en,True
CONV-01685,mobile_app,Just checking — What exactly is included with this item? I’m trying to sort this out before the end of the day. I'd appreciate your help.,en,True
CONV-01686,web_form,I need some help. I placed ORD-100058 recently. What is happening with it? I haven't changed anything on my account. Thank you.,en,True
CONV-01687,chat,I wanted to check whether Do you have an update on ORD-100076? I want to know where it stands. I haven't changed anything on my account. Can you check?,en,True
CONV-01688,web_form,"Hi, Could you explain the return process for this purchase? I’m trying to sort this out before the end of the day. Any guidance would be helpful.",en,True
CONV-01689,web_form,"Could you help me? I expected this shipment already, but it hasn't turned up. I noticed this while reviewing my recent activity. I'd appreciate your help.",en,True
CONV-01690,mobile_app,I need some help. Where is ORD-104905 right now? I haven't changed anything on my account.,en,True
CONV-01691,mobile_app,I wanted to check whether I want to return ORD-100785. How do I start? This is my first time dealing with this issue.,en,True
CONV-01692,chat,"Hello, The product has a crack that wasn't shown in the listing. This is my first time dealing with this issue.",en,True
CONV-01693,chat,"Hi, Something different was packed instead of what I purchased. I’m trying to sort this out before the end of the day. Thanks.",en,True
CONV-01694,web_form,Could you help me? Something about my account activity looks suspicious. I’m trying to sort this out before the end of the day. I’d like to resolve this today.,en,True
CONV-01695,email,Just checking — Can I change the shipping address for ORD-103605? I’m trying to sort this out before the end of the day. Any guidance would be helpful.,en,True
CONV-01696,mobile_app,Just checking — Can you explain the latest recurring charge? I placed the order earlier today. Thanks.,en,True
CONV-01697,chat,Quick question: Please stop ORD-101902 before it is dispatched. I’m trying to sort this out before the end of the day. I’d like to resolve this today.,en,True
CONV-01698,mobile_app,Could you help me? The same purchase appears twice on my card statement. I placed the order earlier today. I'd appreciate your help.,en,True
CONV-01699,email,Quick question: Do you have an update on ORD-100121? I want to know where it stands. I’m trying to sort this out before the end of the day. I’d like to resolve this today.,en,True
CONV-01700,web_form,Just checking — Can you help me cancel my recent order? I noticed this while reviewing my recent activity. Thanks.,en,True
CONV-01701,mobile_app,I’m contacting support because Something different was packed instead of what I purchased. This is my first time dealing with this issue. Please let me know.,en,True
CONV-01702,chat,I wanted to check whether I need to redirect this package to another address. I haven't changed anything on my account. Please let me know.,en,True
CONV-01703,chat,Quick question: I want to return ORD-100910. How do I start? I’m trying to sort this out before the end of the day. I'd appreciate your help.,en,True
CONV-01704,chat,"Hello, Would you mind checking the latest status of ORD-100124? I haven't changed anything on my account. Can you check?",en,True
CONV-01705,chat,I’m contacting support because My multi-item order is incomplete. This is my first time dealing with this issue. Please let me know.,en,True
CONV-01706,web_form,I need some help. It looks like I was billed twice for ORD-101586. This is my first time dealing with this issue.,en,True
CONV-01707,mobile_app,I’m contacting support because Checkout keeps rejecting my payment. This is my first time dealing with this issue. Thank you.,en,True
CONV-01708,mobile_app,I’m contacting support because I think someone may have accessed my account. I haven't changed anything on my account. Thank you.,en,True
CONV-01709,web_form,Quick question: I noticed a login I don't recognize. I’m trying to sort this out before the end of the day. I’d like to resolve this today.,en,True
CONV-01710,chat,My subscription payment was higher than I expected. This is my first time dealing with this issue. Can you check?,en,True
CONV-01711,web_form,"I wanted to check whether The item was returned, but I haven't received the refund. Please let me know.",en,True
CONV-01712,email,"Hello, I received a security alert for an unfamiliar sign-in. This is my first time dealing with this issue.",en,True
CONV-01713,mobile_app,Something about my account activity looks suspicious. This is my first time dealing with this issue. Please let me know.,en,True
CONV-01714,email,I need some help. There are changes in my profile that I didn't make. Can you check?,en,True
CONV-01715,mobile_app,Please advise: The product has a crack that wasn't shown in the listing. I placed the order earlier today. Thanks.,en,True
CONV-01716,chat,Please advise: My parcel is 1 days late. Can you investigate? I placed the order earlier today. Thanks.,en,True
CONV-01717,mobile_app,Just checking — There is visible damage on the item I received. I noticed this while reviewing my recent activity. Any guidance would be helpful.,en,True
CONV-01718,web_form,Could you help me? Why is the coupon being rejected at checkout? I placed the order earlier today. I'd appreciate your help.,en,True
CONV-01719,mobile_app,I wanted to check whether I want to return ORD-100925. How do I start? I haven't changed anything on my account. Can you check?,en,True
CONV-01720,chat,I’m contacting support because Why was my subscription charged this month? I haven't changed anything on my account. Can you check?,en,True
CONV-01721,email,Quick question: The item arrived damaged. What should I do? I placed the order earlier today. I’d like to resolve this today.,en,True
CONV-01722,chat,Just checking — Where is ORD-104770 right now? I’m trying to sort this out before the end of the day. I’d like to resolve this today.,en,True
CONV-01723,email,"I wanted to check whether I have tried several times, but the transaction won't go through. Can you check?",en,True
CONV-01724,chat,"Hi, I think someone may have accessed my account. I placed the order earlier today. Any guidance would be helpful.",en,True
CONV-01725,chat,I need some help. There is visible damage on the item I received. I haven't changed anything on my account.,en,True
CONV-01726,email,Quick question: I think I was charged more than once for a single checkout. I noticed this while reviewing my recent activity. Any guidance would be helpful.,en,True
CONV-01727,mobile_app,Could you help me? Could you tell me the current status of my refund? I’m trying to sort this out before the end of the day. Thanks.,en,True
CONV-01728,chat,"Hello, I don't recognize the amount billed for my membership. This is my first time dealing with this issue.",en,True
CONV-01729,email,Could you help me? One product from my order is missing. I noticed this while reviewing my recent activity. Any guidance would be helpful.,en,True
CONV-01730,chat,Please advise: My discount code isn't working. I noticed this while reviewing my recent activity. Thanks.,en,True
CONV-01731,email,I need some help. The login page won't let me access my account. I haven't changed anything on my account. Please let me know.,en,True
CONV-01732,mobile_app,I want to cancel my subscription.,en,True
CONV-01733,web_form,Quick question: The promised delivery window is over for ORD-100324. I’m trying to sort this out before the end of the day. I’d like to resolve this today.,en,True
CONV-01734,mobile_app,I’m contacting support because How can I prevent the plan from renewing? This is my first time dealing with this issue. Can you check?,en,True
CONV-01735,chat,"Hello, I entered the wrong delivery address. Can it be corrected? This is my first time dealing with this issue. Please let me know.",en,True
CONV-01736,mobile_app,"Hi, I opened the package and found the product broken. I placed the order earlier today. Any guidance would be helpful.",en,True
CONV-01737,chat,Please advise: I received a security alert for an unfamiliar sign-in. I placed the order earlier today. Any guidance would be helpful.,en,True
CONV-01738,mobile_app,Please advise: I forgot my password. How can I reset it? I placed the order earlier today. Thanks.,en,True
CONV-01739,chat,Just checking — Why does the payment fail whenever I try to complete the order? I noticed this while reviewing my recent activity. Any guidance would be helpful.,en,True
CONV-01740,web_form,"Hello, Why are there duplicate transactions for one order? This is my first time dealing with this issue. Can you check?",en,True
CONV-01741,web_form,"Hello, I'm still waiting for the money from my return. Can you check? This is my first time dealing with this issue. Thank you.",en,True
CONV-01742,mobile_app,Quick question: I have a question about the charge on my recurring plan. I’m trying to sort this out before the end of the day. Any guidance would be helpful.,en,True
CONV-01743,email,"Hi, Where can I request a password reset? I’m trying to sort this out before the end of the day. I’d like to resolve this today.",en,True
CONV-01744,chat,"Hello, I entered the wrong delivery address. Can it be corrected? This is my first time dealing with this issue. Thank you.",en,True
CONV-01745,email,I’m contacting support because Checkout keeps rejecting my payment. This is my first time dealing with this issue. Can you check?,en,True
CONV-01746,email,Just checking — Has the refund for ORD-101225 been issued yet? I placed the order earlier today. I'd appreciate your help.,en,True
CONV-01747,mobile_app,Quick question: I need to create a new password because I can't remember mine. I placed the order earlier today. Any guidance would be helpful.,en,True
CONV-01748,email,I was sent the wrong model. This is my first time dealing with this issue.,en,True
CONV-01749,web_form,Just checking — I don't want the subscription to continue after this billing period. I’m trying to sort this out before the end of the day. Any guidance would be helpful.,en,True
CONV-01750,chat,"Hello, I'm still waiting for the money from my return. Can you check? This is my first time dealing with this issue. Can you check?",en,True
CONV-01751,web_form,Quick question: Please stop my recurring membership. I’m trying to sort this out before the end of the day. Any guidance would be helpful.,en,True
CONV-01752,chat,Could you explain the available options for this product? Thank you.,en,True
CONV-01753,web_form,"Hi, ORD-100420 was due on Wednesday, but it still hasn't arrived. I’m trying to sort this out before the end of the day. I’d like to resolve this today.",en,True
CONV-01754,chat,Just checking — There are changes in my profile that I didn't make. I noticed this while reviewing my recent activity. Thanks.,en,True
CONV-01755,web_form,I wanted to check whether Do you have an update on ORD-100006? I want to know where it stands. Please let me know.,en,True
CONV-01756,web_form,Just checking — I changed my mind and would like to send the item back. I placed the order earlier today. Any guidance would be helpful.,en,True
CONV-01757,mobile_app,Just checking — It looks like I was billed twice for ORD-101691. I placed the order earlier today. I’d like to resolve this today.,en,True
CONV-01758,email,I wanted to check whether The promised delivery window is over for ORD-100439. This is my first time dealing with this issue. Can you check?,en,True
CONV-01759,mobile_app,I need some help. Why does the payment fail whenever I try to complete the order? I haven't changed anything on my account. Thank you.,en,True
CONV-01760,web_form,I’m contacting support because Roughly how long will delivery take? This is my first time dealing with this issue.,en,True
CONV-01761,email,I’m contacting support because I'd like to withdraw this purchase if it hasn't shipped. Thank you.,en,True
CONV-01762,web_form,I wanted to check whether Can you tell me more about this product's features? This is my first time dealing with this issue. Can you check?,en,True
CONV-01763,email,"Hello, I received a security alert for an unfamiliar sign-in. I haven't changed anything on my account.",en,True
CONV-01764,web_form,Quick question: The delivered item doesn't match my order. I noticed this while reviewing my recent activity. I’d like to resolve this today.,en,True
CONV-01765,email,Please advise: Does this product come with the accessories shown? I’m trying to sort this out before the end of the day. Any guidance would be helpful.,en,True
CONV-01766,chat,I’m contacting support because Why was my subscription charged this month? I haven't changed anything on my account.,en,True
CONV-01767,web_form,I need some help. Part of ORD-102518 was not included in the delivery. This is my first time dealing with this issue.,en,True
CONV-01768,email,I’m contacting support because Something different was packed instead of what I purchased. Can you check?,en,True
CONV-01769,email,Please advise: I don't recognize the amount billed for my membership. I noticed this while reviewing my recent activity. I'd appreciate your help.,en,True
CONV-01770,mobile_app,I’m contacting support because I'd like to withdraw this purchase if it hasn't shipped. I haven't changed anything on my account.,en,True
CONV-01771,chat,I wanted to check whether I have a question about the charge on my recurring plan. Can you check?,en,True
CONV-01772,mobile_app,I’m contacting support because Could you tell me the current location or transit stage of my parcel? Can you check?,en,True
CONV-01773,chat,One product from my order is missing. I haven't changed anything on my account. Thank you.,en,True
CONV-01774,web_form,"Hello, Would you mind checking the latest status of ORD-100194? This is my first time dealing with this issue. Thank you.",en,True
CONV-01775,chat,Please advise: I can't finish the purchase because the payment isn't accepted. I noticed this while reviewing my recent activity. Any guidance would be helpful.,en,True
CONV-01776,chat,I’m contacting support because I need the specifications before I decide whether to buy it. This is my first time dealing with this issue. Thank you.,en,True
CONV-01777,mobile_app,Please advise: I'm still waiting for the money from my return. Can you check? I noticed this while reviewing my recent activity. Thanks.,en,True
CONV-01778,chat,Quick question: The delivered item doesn't match my order. I placed the order earlier today. Any guidance would be helpful.,en,True
CONV-01779,email,Please advise: Why are there duplicate transactions for one order? I’m trying to sort this out before the end of the day. Thanks.,en,True
CONV-01780,chat,One product from my order is missing. I haven't changed anything on my account. Please let me know.,en,True
CONV-01781,web_form,I wanted to check whether I need to create a new password because I can't remember mine. I haven't changed anything on my account. Please let me know.,en,True
CONV-01782,email,Could you help me? One product from my order is missing. I noticed this while reviewing my recent activity. Any guidance would be helpful.,en,True
CONV-01783,web_form,I need some help. Can you explain the latest recurring charge? Thank you.,en,True
CONV-01784,chat,Please advise: I'm locked out of my account and need access. I noticed this while reviewing my recent activity. I’d like to resolve this today.,en,True
CONV-01785,chat,Could you help me? I was sent the wrong model. I’m trying to sort this out before the end of the day. Any guidance would be helpful.,en,True
CONV-01786,web_form,I need some help. Has the refund for ORD-101130 been issued yet? Please let me know.,en,True
CONV-01787,mobile_app,"I wanted to check whether I have tried several times, but the transaction won't go through. This is my first time dealing with this issue. Please let me know.",en,True
CONV-01788,web_form,Just checking — The delivery date for ORD-100276 has passed and I'm still waiting. I’m trying to sort this out before the end of the day. I’d like to resolve this today.,en,True
CONV-01789,web_form,I need some help. There is visible damage on the item I received. I haven't changed anything on my account. Please let me know.,en,True
CONV-01790,email,"Hello, My package contains a different product.",en,True
CONV-01791,chat,Quick question: The promotional code says it is invalid. I’m trying to sort this out before the end of the day. Thanks.,en,True
CONV-01792,chat,"Hi, Checkout keeps rejecting my payment. I placed the order earlier today. Thanks.",en,True
CONV-01793,email,"Hi, My multi-item order is incomplete. I’m trying to sort this out before the end of the day. Thanks.",en,True
CONV-01794,web_form,I’m contacting support because Can you see what stage ORD-100222 is at right now? Please let me know.,en,True
CONV-01795,chat,I’m contacting support because I opened the package and found the product broken. I haven't changed anything on my account. Can you check?,en,True
CONV-01796,web_form,Just checking — Can you help me cancel my recent order? I placed the order earlier today. Thanks.,en,True
CONV-01797,email,"Hi, Roughly how long will delivery take? I placed the order earlier today. Thanks.",en,True
CONV-01798,chat,"Hello, I'm still waiting for the money from my return. Can you check? I haven't changed anything on my account.",en,True
CONV-01799,chat,I’m contacting support because How do I change the address attached to my order? Please let me know.,en,True
CONV-01800,email,Please advise: The product has a crack that wasn't shown in the listing. I placed the order earlier today. I'd appreciate your help.,en,True
CONV-01801,chat,Please advise: I can't finish the purchase because the payment isn't accepted. I’m trying to sort this out before the end of the day. Thanks.,en,True
CONV-01802,mobile_app,I was sent the wrong model. Please let me know.,en,True
CONV-01803,chat,"Could you help me? I expected this shipment already, but it hasn't turned up. I placed the order earlier today. Thanks.",en,True
CONV-01804,chat,"Hi, Could you tell me the current location or transit stage of my parcel? I’m trying to sort this out before the end of the day. I’d like to resolve this today.",en,True
CONV-01805,chat,I’m contacting support because When should the refund appear in my account? I haven't changed anything on my account. Can you check?,en,True
CONV-01806,mobile_app,"Hello, My parcel is 2 days late. Can you investigate? Please let me know.",en,True
CONV-01807,email,"I’m contacting support because ORD-100295 was due on Thursday, but it still hasn't arrived. This is my first time dealing with this issue. Can you check?",en,True
CONV-01808,mobile_app,"Hello, My package contains a different product. Please let me know.",en,True
CONV-01809,chat,Just checking — The delivery date for ORD-100386 has passed and I'm still waiting. I noticed this while reviewing my recent activity. Thanks.,en,True
CONV-01810,web_form,Please advise: I received a security alert for an unfamiliar sign-in. I noticed this while reviewing my recent activity. I'd appreciate your help.,en,True
CONV-01811,email,Could you help me? My subscription payment was higher than I expected. I noticed this while reviewing my recent activity. I'd appreciate your help.,en,True
CONV-01812,mobile_app,"Hi, I opened the package and found the product broken. I’m trying to sort this out before the end of the day. Thanks.",en,True
CONV-01813,web_form,"Hello, I received the package, but one of the products is absent. This is my first time dealing with this issue. Can you check?",en,True
CONV-01814,email,"Hello, My discount code isn't working. This is my first time dealing with this issue. Can you check?",en,True
CONV-01815,mobile_app,Just checking — Can I change the shipping address for ORD-103515? I’m trying to sort this out before the end of the day. I’d like to resolve this today.,en,True
CONV-01816,email,I need some help. Can you help me cancel my recent order? I haven't changed anything on my account. Thank you.,en,True
CONV-01817,web_form,Just checking — The discount isn't being applied even though I entered the code. I noticed this while reviewing my recent activity. I'd appreciate your help.,en,True
CONV-01818,mobile_app,Could you help me? The same purchase appears twice on my card statement. I noticed this while reviewing my recent activity. I’d like to resolve this today.,en,True
CONV-01819,mobile_app,Quick question: The item arrived damaged. What should I do? I’m trying to sort this out before the end of the day. Thanks.,en,True
CONV-01820,web_form,Could you help me? My payment is being declined at checkout. I’m trying to sort this out before the end of the day. I’d like to resolve this today.,en,True
CONV-01821,chat,I wanted to check whether Can you give me an ETA for this shipment? Thank you.,en,True
CONV-01822,web_form,Just checking — The item I received isn't the one I ordered. I placed the order earlier today. I’d like to resolve this today.,en,True
CONV-01823,mobile_app,"Please advise: I received the package, but one of the products is absent. I’m trying to sort this out before the end of the day. I'd appreciate your help.",en,True
CONV-01824,email,Please advise: Would you mind checking the latest status of ORD-100209? I placed the order earlier today. I’d like to resolve this today.,en,True
CONV-01825,web_form,"Hi, Could you tell me the current location or transit stage of my parcel? I’m trying to sort this out before the end of the day. Thanks.",en,True
CONV-01826,mobile_app,"Hello, I can't finish the purchase because the payment isn't accepted. I haven't changed anything on my account. Thank you.",en,True
CONV-01827,mobile_app,I wanted to check whether The promised delivery window is over for ORD-100449. Please let me know.,en,True
CONV-01828,mobile_app,Just checking — Can you explain the latest recurring charge? I noticed this while reviewing my recent activity. Any guidance would be helpful.,en,True
CONV-01829,email,"Please advise: I received the package, but one of the products is absent. I placed the order earlier today. Any guidance would be helpful.",en,True
CONV-01830,web_form,Please advise: Can you cancel ORD-101820 for me? I noticed this while reviewing my recent activity. Thanks.,en,True
CONV-01831,chat,Please advise: What steps do I need to follow to return this product? I’m trying to sort this out before the end of the day. I'd appreciate your help.,en,True
CONV-01832,mobile_app,I’m contacting support because I'd like to withdraw this purchase if it hasn't shipped. Can you check?,en,True
CONV-01833,chat,Please advise: Can you show me the latest tracking update for my shipment? I placed the order earlier today. I’d like to resolve this today.,en,True
CONV-01834,web_form,I need some help. I’m planning around the delivery. When is it expected? This is my first time dealing with this issue.,en,True
CONV-01835,email,I was sent the wrong model. I haven't changed anything on my account. Can you check?,en,True
CONV-01836,web_form,"Hi, How can I prevent the plan from renewing? I noticed this while reviewing my recent activity. Thanks.",en,True
CONV-01837,email,"Hello, Can you cancel ORD-101995 for me? I haven't changed anything on my account. Please let me know.",en,True
CONV-01838,web_form,Please advise: Can you cancel ORD-101760 for me? I noticed this while reviewing my recent activity. Any guidance would be helpful.,en,True
CONV-01839,chat,"Hi, Something different was packed instead of what I purchased. I placed the order earlier today. Thanks.",en,True
CONV-01840,email,"Quick question: The box arrived, but cable wasn't inside. I noticed this while reviewing my recent activity. Thanks.",en,True
CONV-01841,email,"Hi, My multi-item order is incomplete. I placed the order earlier today. Any guidance would be helpful.",en,True
CONV-01842,email,I need some help. The delivery date for ORD-100411 has passed and I'm still waiting. I haven't changed anything on my account.,en,True
CONV-01843,chat,Just checking — Can you help me cancel my recent order? I placed the order earlier today. I’d like to resolve this today.,en,True
CONV-01844,chat,Just checking — I don't want the subscription to continue after this billing period. I noticed this while reviewing my recent activity. I'd appreciate your help.,en,True
CONV-01845,web_form,I’m contacting support because I opened the package and found the product broken. I haven't changed anything on my account. Thank you.,en,True
CONV-01846,email,I’m contacting support because Something different was packed instead of what I purchased.,en,True
CONV-01847,email,I need some help. I don't want the subscription to continue after this billing period. Please let me know.,en,True
CONV-01848,email,Why is the coupon being rejected at checkout? This is my first time dealing with this issue. Can you check?,en,True
CONV-01849,chat,"Hi, Could you tell me the current location or transit stage of my parcel? I placed the order earlier today. I'd appreciate your help.",en,True
CONV-01850,web_form,Please update the destination before the order ships. This is my first time dealing with this issue. Can you check?,en,True
CONV-01851,web_form,"Hi, How can I prevent the plan from renewing? I noticed this while reviewing my recent activity. Thanks.",en,True
CONV-01852,mobile_app,I need some help. Where is ORD-104765 right now? This is my first time dealing with this issue. Can you check?,en,True
CONV-01853,web_form,I wanted to check whether I need to redirect this package to another address. This is my first time dealing with this issue. Can you check?,en,True
CONV-01854,web_form,I’m contacting support because Why was my subscription charged this month? I haven't changed anything on my account. Please let me know.,en,True
CONV-01855,mobile_app,I need some help. There are changes in my profile that I didn't make. Thank you.,en,True
CONV-01856,mobile_app,I want to cancel my subscription.,en,True
CONV-01857,chat,"Hi, ORD-100430 was due on Monday, but it still hasn't arrived. I placed the order earlier today. Any guidance would be helpful.",en,True
CONV-01858,web_form,Just checking — The discount isn't being applied even though I entered the code. I’m trying to sort this out before the end of the day. I’d like to resolve this today.,en,True
CONV-01859,mobile_app,"Hello, My package contains a different product. This is my first time dealing with this issue. Please let me know.",en,True
CONV-01860,chat,"Quick question: I have tried several times, but the transaction won't go through. I noticed this while reviewing my recent activity. Thanks.",en,True
CONV-01861,web_form,Quick question: Please stop ORD-101992 before it is dispatched. I’m trying to sort this out before the end of the day. Any guidance would be helpful.,en,True
CONV-01862,email,I need some help. The login page won't let me access my account. Thank you.,en,True
CONV-01863,chat,"Hello, I'm still waiting for the money from my return. Can you check? I haven't changed anything on my account. Can you check?",en,True
CONV-01864,chat,I wanted to check whether I need to redirect this package to another address. This is my first time dealing with this issue. Please let me know.,en,True
CONV-01865,web_form,"Quick question: I have tried several times, but the transaction won't go through. I placed the order earlier today. I'd appreciate your help.",en,True
CONV-01866,chat,I need some help. Can I change the shipping address for ORD-103740? I haven't changed anything on my account. Thank you.,en,True
CONV-01867,email,Quick question: The item arrived damaged. What should I do? I’m trying to sort this out before the end of the day. I'd appreciate your help.,en,True
CONV-01868,web_form,I’m contacting support because Can you see what stage ORD-100102 is at right now? Please let me know.,en,True
CONV-01869,email,Why is the coupon being rejected at checkout? I haven't changed anything on my account.,en,True
CONV-01870,web_form,Please advise: I'm locked out of my account and need access. I noticed this while reviewing my recent activity. Thanks.,en,True
CONV-01871,email,I need some help. Why does the payment fail whenever I try to complete the order? This is my first time dealing with this issue.,en,True
CONV-01872,mobile_app,I need some help. The login page won't let me access my account.,en,True
CONV-01873,web_form,I’m contacting support because Where can I request a password reset? Please let me know.,en,True
CONV-01874,web_form,Please update the destination before the order ships. Can you check?,en,True
CONV-01875,mobile_app,"Hi, Where can I request a password reset? I placed the order earlier today. Thanks.",en,True
CONV-01876,chat,"Hi, Where should I enter my promo code? I placed the order earlier today. Any guidance would be helpful.",en,True
CONV-01877,email,Something about my account activity looks suspicious. Can you check?,en,True
CONV-01878,mobile_app,I wanted to check whether I want to track the package that was just dispatched. This is my first time dealing with this issue.,en,True
CONV-01879,email,Quick question: I need to redirect this package to another address. I placed the order earlier today. Thanks.,en,True
CONV-01880,mobile_app,Could you help me? The same purchase appears twice on my card statement. I placed the order earlier today. I’d like to resolve this today.,en,True
CONV-01881,email,Quick question: Can you tell me more about this product's features? I placed the order earlier today. Any guidance would be helpful.,en,True
CONV-01882,chat,I’m checking on ORD-100000. Could you tell me its current status?,en,True
CONV-01883,chat,I’m contacting support because I see two charges for the same purchase. This is my first time dealing with this issue. Thank you.,en,True
CONV-01884,chat,Quick question: The promotional code says it is invalid. I placed the order earlier today. Any guidance would be helpful.,en,True
CONV-01885,chat,I need some help. Can you explain the latest recurring charge? I haven't changed anything on my account. Can you check?,en,True
CONV-01886,web_form,"Quick question: I have tried several times, but the transaction won't go through. I placed the order earlier today. I'd appreciate your help.",en,True
CONV-01887,email,Just checking — Can you explain the latest recurring charge? I placed the order earlier today. I’d like to resolve this today.,en,True
CONV-01888,web_form,Could you explain the available options for this product? This is my first time dealing with this issue.,en,True
CONV-01889,email,Quick question: I need to redirect this package to another address. I noticed this while reviewing my recent activity. Any guidance would be helpful.,en,True
CONV-01890,email,Quick question: The item arrived damaged. What should I do? I placed the order earlier today. I’d like to resolve this today.,en,True
CONV-01891,web_form,"Hello, The product has a crack that wasn't shown in the listing. Thank you.",en,True
CONV-01892,web_form,Just checking — The delivery date for ORD-100396 has passed and I'm still waiting. I’m trying to sort this out before the end of the day. I’d like to resolve this today.,en,True
CONV-01893,mobile_app,"Hello, Can you show me the latest tracking update for my shipment? I haven't changed anything on my account. Can you check?",en,True
CONV-01894,chat,I’m contacting support because When should the refund appear in my account? Can you check?,en,True
CONV-01895,chat,"Hello, I forgot my password. How can I reset it? This is my first time dealing with this issue. Can you check?",en,True
CONV-01896,email,Please advise: The product has a crack that wasn't shown in the listing. I’m trying to sort this out before the end of the day. I’d like to resolve this today.,en,True
CONV-01897,chat,Please advise: What steps do I need to follow to return this product? I placed the order earlier today. I’d like to resolve this today.,en,True
CONV-01898,web_form,Quick question: Please stop ORD-101812 before it is dispatched. I’m trying to sort this out before the end of the day. Thanks.,en,True
CONV-01899,chat,I’m contacting support because My multi-item order is incomplete. Thank you.,en,True
CONV-01900,chat,"Hello, Why are there duplicate transactions for one order? I haven't changed anything on my account. Please let me know.",en,True
CONV-01901,mobile_app,Please advise: I don't recognize the amount billed for my membership. I’m trying to sort this out before the end of the day. Thanks.,en,True
CONV-01902,web_form,"Hi, Could you explain the return process for this purchase? I noticed this while reviewing my recent activity. Thanks.",en,True
CONV-01903,chat,"Hello, Why are there duplicate transactions for one order? Thank you.",en,True
CONV-01904,chat,I need some help. What exactly is included with this item? I haven't changed anything on my account. Thank you.,en,True
CONV-01905,web_form,Please advise: Can you cancel ORD-101800 for me? I’m trying to sort this out before the end of the day. Any guidance would be helpful.,en,True
CONV-01906,email,I wanted to check whether The promotional code says it is invalid. This is my first time dealing with this issue. Can you check?,en,True
CONV-01907,mobile_app,I need some help. The delivery date for ORD-100381 has passed and I'm still waiting. I haven't changed anything on my account. Thank you.,en,True
CONV-01908,chat,Quick question: I keep getting rejected when I try to sign in. I placed the order earlier today. I’d like to resolve this today.,en,True
CONV-01909,email,I wanted to check whether The promotional code says it is invalid. This is my first time dealing with this issue.,en,True
CONV-01910,web_form,I’m contacting support because I need the specifications before I decide whether to buy it. Can you check?,en,True
CONV-01911,mobile_app,Quick question: I need to redirect this package to another address. I’m trying to sort this out before the end of the day. I'd appreciate your help.,en,True
CONV-01912,email,"Hello, My package contains a different product. I haven't changed anything on my account. Can you check?",en,True
CONV-01913,web_form,Please advise: Can you cancel ORD-101780 for me? I placed the order earlier today. Thanks.,en,True
CONV-01914,web_form,"I wanted to check whether The box arrived, but case wasn't inside.",en,True
CONV-01915,mobile_app,I was sent the wrong model. I haven't changed anything on my account. Thank you.,en,True
CONV-01916,mobile_app,I wanted to check whether The delivered item doesn't match my order. This is my first time dealing with this issue. Thank you.,en,True
CONV-01917,web_form,Could you help me? Please help me arrange a return. I noticed this while reviewing my recent activity. Thanks.,en,True
CONV-01918,web_form,I wanted to check whether I need to redirect this package to another address. I haven't changed anything on my account. Can you check?,en,True
CONV-01919,chat,I need some help. I can't recall my password and need to change it. This is my first time dealing with this issue.,en,True
CONV-01920,web_form,I need some help. I’m planning around the delivery. When is it expected? I haven't changed anything on my account. Can you check?,en,True
CONV-01921,mobile_app,"Hi, When should the refund appear in my account? I placed the order earlier today. Any guidance would be helpful.",en,True
CONV-01922,email,"Quick question: The item was returned, but I haven't received the refund. I placed the order earlier today. I’d like to resolve this today.",en,True
CONV-01923,web_form,Could you help me? I want to cancel my subscription. I’m trying to sort this out before the end of the day. Any guidance would be helpful.,en,True
CONV-01924,email,Could you help me? My subscription payment was higher than I expected. I placed the order earlier today. I'd appreciate your help.,en,True
CONV-01925,chat,I need some help. I placed ORD-100048 recently. What is happening with it?,en,True
CONV-01926,email,I was sent the wrong model. Can you check?,en,True
CONV-01927,chat,"Hello, When should ORD-100700 arrive? Please let me know.",en,True
CONV-01928,chat,I wanted to check whether Can you give me an ETA for this shipment? Please let me know.,en,True
CONV-01929,mobile_app,I need some help. I don't want the subscription to continue after this billing period.,en,True
CONV-01930,mobile_app,I need some help. The discount isn't being applied even though I entered the code. I haven't changed anything on my account. Please let me know.,en,True
CONV-01931,email,I’m contacting support because I think someone may have accessed my account.,en,True
CONV-01932,chat,I’m contacting support because Roughly how long will delivery take? Please let me know.,en,True
CONV-01933,email,My payment is being declined at checkout. This is my first time dealing with this issue.,en,True
CONV-01934,mobile_app,"Hi, Why was my subscription charged this month? I placed the order earlier today. Any guidance would be helpful.",en,True
CONV-01935,mobile_app,I’m contacting support because Something different was packed instead of what I purchased. I haven't changed anything on my account. Thank you.,en,True
CONV-01936,chat,Could you help me? Something about my account activity looks suspicious. I noticed this while reviewing my recent activity. Thanks.,en,True
CONV-01937,chat,"Hi, Could you explain the return process for this purchase? I placed the order earlier today. I’d like to resolve this today.",en,True
CONV-01938,web_form,Just checking — I changed my mind and would like to send the item back. I placed the order earlier today. Thanks.,en,True
CONV-01939,chat,I wanted to check whether I think I was charged more than once for a single checkout. Thank you.,en,True
CONV-01940,chat,I’m contacting support because Can you see what stage ORD-100092 is at right now? This is my first time dealing with this issue. Can you check?,en,True
CONV-01941,web_form,"Hi, Could you tell me the current location or transit stage of my parcel? I’m trying to sort this out before the end of the day. Thanks.",en,True
CONV-01942,email,Could you help me? Can you send me through the password recovery process? I placed the order earlier today. I’d like to resolve this today.,en,True
CONV-01943,web_form,Could you help me? I was sent the wrong model. I placed the order earlier today. I'd appreciate your help.,en,True
CONV-01944,email,"Please advise: I received the package, but one of the products is absent. I placed the order earlier today. Thanks.",en,True
CONV-01945,chat,Could you help me? My payment is being declined at checkout. I’m trying to sort this out before the end of the day. Any guidance would be helpful.,en,True
CONV-01946,email,I’m contacting support because I can't sign in to my account. This is my first time dealing with this issue. Please let me know.,en,True
CONV-01947,email,Just checking — There is visible damage on the item I received. I’m trying to sort this out before the end of the day. I’d like to resolve this today.,en,True
CONV-01948,email,Just checking — I’m planning around the delivery. When is it expected? I placed the order earlier today. Any guidance would be helpful.,en,True
CONV-01949,email,I’m contacting support because Could you tell me the current location or transit stage of my parcel? This is my first time dealing with this issue. Please let me know.,en,True
CONV-01950,email,"Hello, My package contains a different product. This is my first time dealing with this issue. Can you check?",en,True
CONV-01951,web_form,I need some help. There is visible damage on the item I received. Thank you.,en,True
CONV-01952,web_form,Could you help me? I no longer want this order. Is cancellation still possible? I placed the order earlier today. Any guidance would be helpful.,en,True
CONV-01953,email,"Hi, I see two charges for the same purchase. I placed the order earlier today. Thanks.",en,True
CONV-01954,web_form,I’m contacting support because I need the specifications before I decide whether to buy it. Can you check?,en,True
CONV-01955,mobile_app,I’m contacting support because Where should I enter my promo code? I haven't changed anything on my account. Thank you.,en,True
CONV-01956,email,I’m contacting support because I think someone may have accessed my account. Can you check?,en,True
CONV-01957,web_form,I need some help. Has the refund for ORD-101110 been issued yet? I haven't changed anything on my account. Thank you.,en,True
CONV-01958,mobile_app,I need some help. There are changes in my profile that I didn't make. This is my first time dealing with this issue. Thank you.,en,True
CONV-01959,chat,"Hello, I don't recognize the amount billed for my membership. I haven't changed anything on my account.",en,True
CONV-01960,email,Why is the coupon being rejected at checkout? Can you check?,en,True
CONV-01961,email,Please advise: I don't recognize the amount billed for my membership. I noticed this while reviewing my recent activity. I'd appreciate your help.,en,True
CONV-01962,chat,Just checking — The delivery date for ORD-100346 has passed and I'm still waiting. I placed the order earlier today. Thanks.,en,True
CONV-01963,email,Just checking — Has the refund for ORD-101185 been issued yet? I’m trying to sort this out before the end of the day. I'd appreciate your help.,en,True
CONV-01964,web_form,I need some help. Can you explain the latest recurring charge? This is my first time dealing with this issue. Please let me know.,en,True
CONV-01965,mobile_app,"Hi, I see two charges for the same purchase. I noticed this while reviewing my recent activity. I’d like to resolve this today.",en,True
CONV-01966,email,Could you help me? Could you explain the available options for this product? I’m trying to sort this out before the end of the day. Thanks.,en,True
CONV-01967,web_form,I’m contacting support because Roughly how long will delivery take? I haven't changed anything on my account. Can you check?,en,True
CONV-01968,web_form,Just checking — Can you help me cancel my recent order? I noticed this while reviewing my recent activity. Thanks.,en,True
CONV-01969,mobile_app,Could you help me? I’m checking on ORD-100075. Could you tell me its current status? I noticed this while reviewing my recent activity. Any guidance would be helpful.,en,True
CONV-01970,mobile_app,"Hello, I can't finish the purchase because the payment isn't accepted. Please let me know.",en,True
CONV-01971,chat,Please update the destination before the order ships. Please let me know.,en,True
CONV-01972,chat,Please advise: My discount code isn't working. I’m trying to sort this out before the end of the day. Any guidance would be helpful.,en,True
CONV-01973,email,I need some help. The login page won't let me access my account. This is my first time dealing with this issue. Please let me know.,en,True
CONV-01974,web_form,Could you help me? Has the courier scanned ORD-104952 yet? I noticed this while reviewing my recent activity. Thanks.,en,True
CONV-01975,chat,Could you help me? I no longer want this order. Is cancellation still possible? I placed the order earlier today. I’d like to resolve this today.,en,True
CONV-01976,mobile_app,Quick question: Do you have an update on ORD-100131? I want to know where it stands. I placed the order earlier today. Any guidance would be helpful.,en,True
CONV-01977,web_form,I need some help. I placed ORD-100178 recently. What is happening with it? I haven't changed anything on my account. Thank you.,en,True
CONV-01978,email,I wanted to check whether I keep getting rejected when I try to sign in. Thank you.,en,True
CONV-01979,chat,Could you help me? Why is the coupon being rejected at checkout? I’m trying to sort this out before the end of the day. Thanks.,en,True
CONV-01980,web_form,I wanted to check whether I have a question about the charge on my recurring plan. I haven't changed anything on my account. Thank you.,en,True
CONV-01981,web_form,I’m contacting support because My multi-item order is incomplete. Can you check?,en,True
CONV-01982,chat,Quick question: Please stop ORD-101842 before it is dispatched. I’m trying to sort this out before the end of the day. I'd appreciate your help.,en,True
CONV-01983,web_form,"Hello, The product has a crack that wasn't shown in the listing. Thank you.",en,True
CONV-01984,mobile_app,"Hello, Could you help me end my recurring plan? I haven't changed anything on my account.",en,True
CONV-01985,mobile_app,I wanted to check whether The delivered item doesn't match my order. Thank you.,en,True
CONV-01986,chat,I need some help. I’m planning around the delivery. When is it expected? Please let me know.,en,True
CONV-01987,mobile_app,"Hi, My multi-item order is incomplete. I noticed this while reviewing my recent activity. I'd appreciate your help.",en,True
CONV-01988,email,Could you help me? I’m checking on ORD-100025. Could you tell me its current status? I’m trying to sort this out before the end of the day. I’d like to resolve this today.,en,True
CONV-01989,web_form,I’m contacting support because Roughly how long will delivery take? Can you check?,en,True
CONV-01990,mobile_app,Has the courier scanned ORD-104977 yet? I haven't changed anything on my account.,en,True
CONV-01991,mobile_app,I need some help. There are changes in my profile that I didn't make. Please let me know.,en,True
CONV-01992,web_form,Just checking — I don't want the subscription to continue after this billing period. I’m trying to sort this out before the end of the day. Thanks.,en,True
CONV-01993,email,Just checking — I placed ORD-100173 recently. What is happening with it? I placed the order earlier today. I'd appreciate your help.,en,True
CONV-01994,mobile_app,Just checking — It looks like I was billed twice for ORD-101611. I noticed this while reviewing my recent activity. I’d like to resolve this today.,en,True
CONV-01995,mobile_app,"Hello, My parcel is 2 days late. Can you investigate? Thank you.",en,True
CONV-01996,email,I need some help. The delivery date for ORD-100331 has passed and I'm still waiting. This is my first time dealing with this issue.,en,True
CONV-01997,chat,"Hello, I forgot my password. How can I reset it? I haven't changed anything on my account.",en,True
CONV-01998,chat,Please advise: I can't finish the purchase because the payment isn't accepted. I’m trying to sort this out before the end of the day. Thanks.,en,True
CONV-01999,chat,Please advise: My parcel is 3 days late. Can you investigate? I’m trying to sort this out before the end of the day. Any guidance would be helpful.,en,True
CONV-02000,email,Just checking — I can't recall my password and need to change it. I placed the order earlier today. I'd appreciate your help.,en,True
CONV-02001,chat,I’m contacting support because I need the specifications before I decide whether to buy it. I haven't changed anything on my account. Thank you.,en,True
CONV-02002,chat,"I wanted to check whether The item was returned, but I haven't received the refund. Can you check?",en,True
CONV-02003,email,I wanted to check whether The promised delivery window is over for ORD-100479. Can you check?,en,True
CONV-02004,mobile_app,Quick question: Can you give me an ETA for this shipment? I noticed this while reviewing my recent activity. I’d like to resolve this today.,en,True
CONV-02005,email,I need some help. I don't want the subscription to continue after this billing period. Thank you.,en,True
CONV-02006,web_form,"Hi, Could you explain the return process for this purchase? I’m trying to sort this out before the end of the day. Thanks.",en,True
CONV-02007,web_form,Please advise: Could you help me end my recurring plan? I’m trying to sort this out before the end of the day. Any guidance would be helpful.,en,True
CONV-02008,mobile_app,"Hello, I'm locked out of my account and need access.",en,True
CONV-02009,web_form,"Hi, I'd like to withdraw this purchase if it hasn't shipped. I noticed this while reviewing my recent activity. Any guidance would be helpful.",en,True
CONV-02010,web_form,Just checking — Why does the payment fail whenever I try to complete the order? I noticed this while reviewing my recent activity. I'd appreciate your help.,en,True
CONV-02011,chat,I’m contacting support because When should the refund appear in my account? I haven't changed anything on my account. Can you check?,en,True
CONV-02012,web_form,Just checking — The login page won't let me access my account. I placed the order earlier today. Thanks.,en,True
CONV-02013,web_form,Quick question: Please stop ORD-101952 before it is dispatched. I noticed this while reviewing my recent activity. Any guidance would be helpful.,en,True
CONV-02014,chat,Just checking — Where is ORD-104830 right now? I’m trying to sort this out before the end of the day. I'd appreciate your help.,en,True
CONV-02015,chat,I wanted to check whether Can you tell me more about this product's features? Please let me know.,en,True
CONV-02016,web_form,Quick question: Please stop ORD-101892 before it is dispatched. I noticed this while reviewing my recent activity. Thanks.,en,True
CONV-02017,email,"Hello, I can't finish the purchase because the payment isn't accepted. This is my first time dealing with this issue. Can you check?",en,True
CONV-02018,chat,"Hi, I can't sign in to my account. I’m trying to sort this out before the end of the day. I'd appreciate your help.",en,True
CONV-02019,mobile_app,Could you help me? Could you explain the available options for this product? I noticed this while reviewing my recent activity. I’d like to resolve this today.,en,True
CONV-02020,chat,"Hello, When should ORD-100660 arrive? This is my first time dealing with this issue. Please let me know.",en,True
CONV-02021,email,Just checking — What exactly is included with this item? I placed the order earlier today. Any guidance would be helpful.,en,True
CONV-02022,email,Could you help me? My subscription payment was higher than I expected. I noticed this while reviewing my recent activity. I’d like to resolve this today.,en,True
CONV-02023,web_form,Quick question: I keep getting rejected when I try to sign in. I placed the order earlier today. Thanks.,en,True
CONV-02024,mobile_app,Has the courier scanned ORD-104937 yet?,en,True
CONV-02025,email,I’m contacting support because How can I prevent the plan from renewing? This is my first time dealing with this issue. Please let me know.,en,True
CONV-02026,web_form,"Hello, I received the package, but one of the products is absent. Can you check?",en,True
CONV-02027,email,Just checking — What exactly is included with this item? I’m trying to sort this out before the end of the day. Any guidance would be helpful.,en,True
CONV-02028,email,"Hello, My parcel is 6 days late. Can you investigate? I haven't changed anything on my account.",en,True
CONV-02029,chat,Quick question: The promotional code says it is invalid. I’m trying to sort this out before the end of the day. Thanks.,en,True
CONV-02030,email,I’m contacting support because Could you tell me the current location or transit stage of my parcel? I haven't changed anything on my account. Please let me know.,en,True
CONV-02031,web_form,Just checking — There are changes in my profile that I didn't make. I’m trying to sort this out before the end of the day. I'd appreciate your help.,en,True
CONV-02032,mobile_app,Just checking — Can I change the shipping address for ORD-103595? I noticed this while reviewing my recent activity. I’d like to resolve this today.,en,True
CONV-02033,web_form,Could you help me? Why is the coupon being rejected at checkout? I’m trying to sort this out before the end of the day. I’d like to resolve this today.,en,True
CONV-02034,web_form,Please update the destination before the order ships. I haven't changed anything on my account.,en,True
CONV-02035,chat,"Hi, I think someone may have accessed my account. I placed the order earlier today. Thanks.",en,True
CONV-02036,chat,Just checking — Why does the payment fail whenever I try to complete the order? I placed the order earlier today. Thanks.,en,True
CONV-02037,chat,I wanted to check whether Can you tell me more about this product's features? This is my first time dealing with this issue. Thank you.,en,True
CONV-02038,mobile_app,I’m contacting support because How can I prevent the plan from renewing? This is my first time dealing with this issue.,en,True
CONV-02039,web_form,I need some help. Part of ORD-102678 was not included in the delivery.,en,True
CONV-02040,email,Just checking — It looks like I was billed twice for ORD-101621. I’m trying to sort this out before the end of the day. Any guidance would be helpful.,en,True
CONV-02041,mobile_app,Could you help me? My subscription payment was higher than I expected. I noticed this while reviewing my recent activity. Thanks.,en,True
CONV-02042,mobile_app,"Hello, I'm locked out of my account and need access.",en,True
CONV-02043,web_form,Could you help me? I no longer want this order. Is cancellation still possible? I’m trying to sort this out before the end of the day. Any guidance would be helpful.,en,True
CONV-02044,web_form,Please advise: Could you help me end my recurring plan? I noticed this while reviewing my recent activity. Thanks.,en,True
CONV-02045,web_form,I need some help. I can't recall my password and need to change it. This is my first time dealing with this issue. Thank you.,en,True
CONV-02046,chat,"Hi, Where should I enter my promo code? I noticed this while reviewing my recent activity. Any guidance would be helpful.",en,True
CONV-02047,mobile_app,"Hi, Can you see what stage ORD-100067 is at right now? I’m trying to sort this out before the end of the day. Any guidance would be helpful.",en,True
CONV-02048,web_form,I need some help. There is visible damage on the item I received. I haven't changed anything on my account. Thank you.,en,True
CONV-02049,chat,One product from my order is missing. I haven't changed anything on my account. Please let me know.,en,True
CONV-02050,chat,"Hi, How can I prevent the plan from renewing? I placed the order earlier today. I’d like to resolve this today.",en,True
CONV-02051,chat,Could you help me? I want to cancel my subscription. I’m trying to sort this out before the end of the day. I’d like to resolve this today.,en,True
CONV-02052,web_form,Quick question: I want to return ORD-100820. How do I start? I’m trying to sort this out before the end of the day. Any guidance would be helpful.,en,True
CONV-02053,web_form,"Hello, I'm still waiting for the money from my return. Can you check? Please let me know.",en,True
CONV-02054,email,I need some help. The login page won't let me access my account. This is my first time dealing with this issue. Please let me know.,en,True
CONV-02055,chat,I wanted to check whether I need to create a new password because I can't remember mine.,en,True
CONV-02056,mobile_app,Just checking — Part of ORD-102743 was not included in the delivery. I placed the order earlier today. I’d like to resolve this today.,en,True
CONV-02057,mobile_app,I wanted to check whether The promotional code says it is invalid. I haven't changed anything on my account. Please let me know.,en,True
CONV-02058,mobile_app,I need some help. The discount isn't being applied even though I entered the code. This is my first time dealing with this issue. Thank you.,en,True
CONV-02059,mobile_app,Something about my account activity looks suspicious. This is my first time dealing with this issue. Please let me know.,en,True
CONV-02060,mobile_app,"Quick question: The item was returned, but I haven't received the refund. I’m trying to sort this out before the end of the day. Any guidance would be helpful.",en,True
CONV-02061,mobile_app,"Hello, My parcel is 4 days late. Can you investigate? This is my first time dealing with this issue. Thank you.",en,True
CONV-02062,chat,Just checking — The login page won't let me access my account. I’m trying to sort this out before the end of the day. I’d like to resolve this today.,en,True
CONV-02063,mobile_app,Why is the coupon being rejected at checkout? I haven't changed anything on my account. Thank you.,en,True
CONV-02064,email,I wanted to check whether I keep getting rejected when I try to sign in. I haven't changed anything on my account. Please let me know.,en,True
CONV-02065,chat,Just checking — Why does the payment fail whenever I try to complete the order? I placed the order earlier today. Thanks.,en,True
CONV-02066,mobile_app,Quick question: I think I was charged more than once for a single checkout. I noticed this while reviewing my recent activity. I’d like to resolve this today.,en,True
CONV-02067,email,Please help me arrange a return. I haven't changed anything on my account. Thank you.,en,True
CONV-02068,chat,Just checking — Why does the payment fail whenever I try to complete the order? I’m trying to sort this out before the end of the day. Any guidance would be helpful.,en,True
CONV-02069,mobile_app,Just checking — Can I change the shipping address for ORD-103555? I placed the order earlier today. I’d like to resolve this today.,en,True
CONV-02070,web_form,I’m contacting support because Can you see what stage ORD-100082 is at right now? I haven't changed anything on my account. Thank you.,en,True
CONV-02071,mobile_app,Just checking — What exactly is included with this item? I’m trying to sort this out before the end of the day. I'd appreciate your help.,en,True
CONV-02072,chat,Quick question: The delivered item doesn't match my order. I’m trying to sort this out before the end of the day. Thanks.,en,True
CONV-02073,mobile_app,"Hi, How do I change the address attached to my order? I noticed this while reviewing my recent activity. I’d like to resolve this today.",en,True
CONV-02074,mobile_app,I wanted to check whether Please stop my recurring membership. I haven't changed anything on my account.,en,True
CONV-02075,web_form,Quick question: The delivered item doesn't match my order. I placed the order earlier today. I'd appreciate your help.,en,True
CONV-02076,email,"I expected this shipment already, but it hasn't turned up. I haven't changed anything on my account. Can you check?",en,True
CONV-02077,email,I need some help. The discount isn't being applied even though I entered the code.,en,True
CONV-02078,web_form,Just checking — Can you help me cancel my recent order? I noticed this while reviewing my recent activity. Any guidance would be helpful.,en,True
CONV-02079,web_form,"Hello, Does this product come with the accessories shown? This is my first time dealing with this issue. Can you check?",en,True
CONV-02080,web_form,Just checking — There are changes in my profile that I didn't make. I placed the order earlier today. I’d like to resolve this today.,en,True
CONV-02081,web_form,I wanted to check whether I need to create a new password because I can't remember mine. Thank you.,en,True
CONV-02082,email,"Hi, I see two charges for the same purchase. I placed the order earlier today. Any guidance would be helpful.",en,True
CONV-02083,email,I wanted to check whether I noticed a login I don't recognize. This is my first time dealing with this issue. Can you check?,en,True
CONV-02084,email,Please help me arrange a return. This is my first time dealing with this issue. Please let me know.,en,True
CONV-02085,chat,"Hello, When should ORD-100500 arrive? I haven't changed anything on my account. Please let me know.",en,True
CONV-02086,email,Quick question: Do you have an update on ORD-100141? I want to know where it stands. I noticed this while reviewing my recent activity. I'd appreciate your help.,en,True
CONV-02087,mobile_app,I’m contacting support because Checkout keeps rejecting my payment. This is my first time dealing with this issue. Thank you.,en,True
CONV-02088,email,Could you help me? Please update the destination before the order ships. I noticed this while reviewing my recent activity. Thanks.,en,True
CONV-02089,chat,"My delivery arrived, but the item inside is damaged. I haven't changed anything on my account.",en,True
CONV-02090,web_form,"I wanted to check whether The item was returned, but I haven't received the refund. This is my first time dealing with this issue. Please let me know.",en,True
CONV-02091,email,"Hello, I'm locked out of my account and need access. I haven't changed anything on my account. Please let me know.",en,True
CONV-02092,email,I wanted to check whether Please stop ORD-101787 before it is dispatched. Please let me know.,en,True
CONV-02093,web_form,Could you help me? Something about my account activity looks suspicious. I placed the order earlier today. I'd appreciate your help.,en,True
CONV-02094,web_form,"Hello, When should ORD-100550 arrive?",en,True
CONV-02095,chat,Please advise: Can you show me the latest tracking update for my shipment? I placed the order earlier today. I’d like to resolve this today.,en,True
CONV-02096,mobile_app,"Could you help me? My delivery arrived, but the item inside is damaged. I placed the order earlier today. Any guidance would be helpful.",en,True
CONV-02097,web_form,Please advise: What steps do I need to follow to return this product? I noticed this while reviewing my recent activity. Any guidance would be helpful.,en,True
CONV-02098,chat,One product from my order is missing. Thank you.,en,True
CONV-02099,chat,I wanted to check whether Can you give me an ETA for this shipment? Please let me know.,en,True
CONV-02100,mobile_app,I need some help. Can you help me cancel my recent order?,en,True
CONV-02101,mobile_app,"Hello, I'm locked out of my account and need access. Can you check?",en,True
CONV-02102,chat,"Hi, Where should I enter my promo code? I’m trying to sort this out before the end of the day. Thanks.",en,True
CONV-02103,email,I wanted to check whether Please stop my recurring membership. I haven't changed anything on my account. Thank you.,en,True
CONV-02104,web_form,"Hello, Why are there duplicate transactions for one order?",en,True
CONV-02105,mobile_app,Just checking — I’m planning around the delivery. When is it expected? I placed the order earlier today. I’d like to resolve this today.,en,True
CONV-02106,web_form,Could you help me? Has the courier scanned ORD-104832 yet? I noticed this while reviewing my recent activity. Thanks.,en,True
CONV-02107,email,I need some help. I changed my mind and would like to send the item back. I haven't changed anything on my account. Please let me know.,en,True
CONV-02108,email,Please advise: I don't recognize the amount billed for my membership. I placed the order earlier today. I'd appreciate your help.,en,True
CONV-02109,email,"Hi, My multi-item order is incomplete. I’m trying to sort this out before the end of the day. Any guidance would be helpful.",en,True
CONV-02110,mobile_app,Could you help me? The same purchase appears twice on my card statement. I noticed this while reviewing my recent activity. I’d like to resolve this today.,en,True
CONV-02111,chat,Please advise: My discount code isn't working. I placed the order earlier today. Any guidance would be helpful.,en,True
CONV-02112,chat,Could you help me? I was sent the wrong model. I placed the order earlier today. Any guidance would be helpful.,en,True
CONV-02113,mobile_app,Could you help me? I’m checking on ORD-100155. Could you tell me its current status? I placed the order earlier today. Any guidance would be helpful.,en,True
CONV-02114,email,I was sent the wrong model. Can you check?,en,True
CONV-02115,email,"Hi, I need the specifications before I decide whether to buy it. I noticed this while reviewing my recent activity. Any guidance would be helpful.",en,True
CONV-02116,email,"Hi, When should the refund appear in my account? I’m trying to sort this out before the end of the day. I'd appreciate your help.",en,True
CONV-02117,mobile_app,Could you help me? One product from my order is missing. I’m trying to sort this out before the end of the day. I’d like to resolve this today.,en,True
CONV-02118,chat,I’m contacting support because Why was my subscription charged this month? This is my first time dealing with this issue.,en,True
CONV-02119,web_form,"Could you help me? I expected this shipment already, but it hasn't turned up. I’m trying to sort this out before the end of the day. I'd appreciate your help.",en,True
CONV-02120,chat,Quick question: I want to return ORD-100930. How do I start? I noticed this while reviewing my recent activity. I’d like to resolve this today.,en,True
CONV-02121,mobile_app,Could you help me? One product from my order is missing. I’m trying to sort this out before the end of the day. I’d like to resolve this today.,en,True
CONV-02122,chat,My subscription payment was higher than I expected. Can you check?,en,True
CONV-02123,email,I’m contacting support because I think someone may have accessed my account. Can you check?,en,True
CONV-02124,email,"Hi, I need the specifications before I decide whether to buy it. I’m trying to sort this out before the end of the day. Thanks.",en,True
CONV-02125,email,I’m contacting support because I think someone may have accessed my account. I haven't changed anything on my account. Can you check?,en,True
CONV-02126,chat,Just checking — I changed my mind and would like to send the item back. I noticed this while reviewing my recent activity. I'd appreciate your help.,en,True
CONV-02127,email,"Hello, Could you help me end my recurring plan? I haven't changed anything on my account. Please let me know.",en,True
CONV-02128,web_form,I need some help. What exactly is included with this item?,en,True
CONV-02129,web_form,The same purchase appears twice on my card statement.,en,True
CONV-02130,chat,"Hello, Does this product come with the accessories shown? I haven't changed anything on my account. Please let me know.",en,True
CONV-02131,chat,"Hello, I forgot my password. How can I reset it? This is my first time dealing with this issue. Can you check?",en,True
CONV-02132,email,"Hi, I need the specifications before I decide whether to buy it. I placed the order earlier today. Any guidance would be helpful.",en,True
CONV-02133,chat,"Hello, Does this product come with the accessories shown? Thank you.",en,True
CONV-02134,mobile_app,I wanted to check whether I want to return ORD-100985. How do I start? I haven't changed anything on my account.,en,True
CONV-02135,chat,Please advise: I received a security alert for an unfamiliar sign-in. I’m trying to sort this out before the end of the day. Thanks.,en,True
CONV-02136,email,"Hello, I'm locked out of my account and need access. I haven't changed anything on my account. Thank you.",en,True
CONV-02137,chat,I need some help. Can you explain the latest recurring charge? I haven't changed anything on my account.,en,True
CONV-02138,mobile_app,Has the courier scanned ORD-104777 yet? This is my first time dealing with this issue.,en,True
CONV-02139,mobile_app,I’m contacting support because Could you explain the return process for this purchase? Can you check?,en,True
CONV-02140,web_form,Could you help me? I was sent the wrong model. I placed the order earlier today. I’d like to resolve this today.,en,True
CONV-02141,web_form,"Hi, How can I prevent the plan from renewing? I noticed this while reviewing my recent activity. Any guidance would be helpful.",en,True
CONV-02142,chat,I wanted to check whether I need to redirect this package to another address. I haven't changed anything on my account. Thank you.,en,True
CONV-02143,chat,Please advise: I'm locked out of my account and need access. I’m trying to sort this out before the end of the day. I'd appreciate your help.,en,True
CONV-02144,mobile_app,Could you help me? Please update the destination before the order ships. I’m trying to sort this out before the end of the day. I'd appreciate your help.,en,True
CONV-02145,mobile_app,I want to cancel my subscription. This is my first time dealing with this issue.,en,True
CONV-02146,mobile_app,I’m contacting support because Checkout keeps rejecting my payment. I haven't changed anything on my account. Thank you.,en,True
CONV-02147,email,My payment is being declined at checkout. This is my first time dealing with this issue. Can you check?,en,True
CONV-02148,web_form,Quick question: The promised delivery window is over for ORD-100264. I’m trying to sort this out before the end of the day. I'd appreciate your help.,en,True
CONV-02149,mobile_app,"Hi, Why was my subscription charged this month? I’m trying to sort this out before the end of the day. Thanks.",en,True
CONV-02150,mobile_app,Please help me arrange a return. This is my first time dealing with this issue.,en,True
CONV-02151,email,"Hello, Can you show me the latest tracking update for my shipment? Please let me know.",en,True
CONV-02152,chat,I’m contacting support because My multi-item order is incomplete. This is my first time dealing with this issue. Please let me know.,en,True
CONV-02153,web_form,I wanted to check whether Do you have an update on ORD-100246? I want to know where it stands. Please let me know.,en,True
CONV-02154,email,"Hi, How do I change the address attached to my order? I noticed this while reviewing my recent activity. Any guidance would be helpful.",en,True
CONV-02155,chat,"Hi, I'd like to withdraw this purchase if it hasn't shipped. I’m trying to sort this out before the end of the day. I’d like to resolve this today.",en,True
CONV-02156,mobile_app,I need some help. Where is ORD-104865 right now?,en,True
CONV-02157,chat,"Hi, I can't sign in to my account. I’m trying to sort this out before the end of the day. I’d like to resolve this today.",en,True
CONV-02158,email,"Hello, What steps do I need to follow to return this product? This is my first time dealing with this issue. Thank you.",en,True
CONV-02159,web_form,"Hi, I can't sign in to my account. I placed the order earlier today. Thanks.",en,True
CONV-02160,web_form,"Could you help me? I expected this shipment already, but it hasn't turned up. I placed the order earlier today. I’d like to resolve this today.",en,True
CONV-02161,email,Just checking — I’m planning around the delivery. When is it expected? I placed the order earlier today. Thanks.,en,True
CONV-02162,email,"Hello, My discount code isn't working. I haven't changed anything on my account.",en,True
CONV-02163,chat,Please advise: Can you cancel ORD-101910 for me? I noticed this while reviewing my recent activity. I’d like to resolve this today.,en,True
CONV-02164,mobile_app,I’m contacting support because I can't sign in to my account. This is my first time dealing with this issue.,en,True
CONV-02165,chat,Could you tell me the current status of my refund? I haven't changed anything on my account. Can you check?,en,True
CONV-02166,mobile_app,Has the courier scanned ORD-104817 yet?,en,True
CONV-02167,email,I wanted to check whether I noticed a login I don't recognize.,en,True
CONV-02168,email,Just checking — Can you explain the latest recurring charge? I noticed this while reviewing my recent activity. I’d like to resolve this today.,en,True
CONV-02169,email,Could you help me? Could you explain the available options for this product? I’m trying to sort this out before the end of the day. Thanks.,en,True
CONV-02170,chat,I need some help. There is visible damage on the item I received. This is my first time dealing with this issue. Can you check?,en,True
CONV-02171,mobile_app,Quick question: Can you tell me more about this product's features? I noticed this while reviewing my recent activity. I'd appreciate your help.,en,True
CONV-02172,email,"Hello, Can you cancel ORD-101915 for me? This is my first time dealing with this issue. Please let me know.",en,True
CONV-02173,chat,I wanted to check whether Can you give me an ETA for this shipment? This is my first time dealing with this issue. Please let me know.,en,True
CONV-02174,chat,Please advise: My package contains a different product. I noticed this while reviewing my recent activity. Any guidance would be helpful.,en,True
CONV-02175,email,"Hi, Why was my subscription charged this month? I noticed this while reviewing my recent activity. I'd appreciate your help.",en,True
CONV-02176,chat,"Hi, I'd like to withdraw this purchase if it hasn't shipped. I noticed this while reviewing my recent activity. I'd appreciate your help.",en,True
CONV-02177,email,Quick question: I think I was charged more than once for a single checkout. I placed the order earlier today. Thanks.,en,True
CONV-02178,mobile_app,"Hi, My multi-item order is incomplete. I’m trying to sort this out before the end of the day. I’d like to resolve this today.",en,True
CONV-02179,chat,"Could you help me? I expected this shipment already, but it hasn't turned up. I’m trying to sort this out before the end of the day. Thanks.",en,True
CONV-02180,email,I need some help. I changed my mind and would like to send the item back. I haven't changed anything on my account. Please let me know.,en,True
CONV-02181,email,Why is the coupon being rejected at checkout? This is my first time dealing with this issue.,en,True
CONV-02182,email,"Quick question: The item was returned, but I haven't received the refund. I’m trying to sort this out before the end of the day. I'd appreciate your help.",en,True
CONV-02183,mobile_app,Could you help me? Could you tell me the current status of my refund? I noticed this while reviewing my recent activity. Any guidance would be helpful.,en,True
CONV-02184,email,I wanted to check whether Please stop ORD-101967 before it is dispatched. Thank you.,en,True
CONV-02185,web_form,I’m contacting support because Roughly how long will delivery take? This is my first time dealing with this issue.,en,True
CONV-02186,mobile_app,I want to cancel my subscription. This is my first time dealing with this issue. Can you check?,en,True
CONV-02187,web_form,Quick question: The promised delivery window is over for ORD-100484. I placed the order earlier today. I’d like to resolve this today.,en,True
CONV-02188,web_form,Could you help me? My payment is being declined at checkout. I placed the order earlier today. I’d like to resolve this today.,en,True
CONV-02189,web_form,Could you help me? Something about my account activity looks suspicious. I noticed this while reviewing my recent activity. I'd appreciate your help.,en,True
CONV-02190,mobile_app,"Hi, Can you see what stage ORD-100007 is at right now? I’m trying to sort this out before the end of the day. Thanks.",en,True
CONV-02191,email,Something about my account activity looks suspicious. I haven't changed anything on my account.,en,True
CONV-02192,email,Just checking — I can't recall my password and need to change it. I noticed this while reviewing my recent activity. I’d like to resolve this today.,en,True
CONV-02193,chat,Could you help me? My payment is being declined at checkout. I noticed this while reviewing my recent activity. Any guidance would be helpful.,en,True
CONV-02194,web_form,Could you help me? I want to cancel my subscription. I placed the order earlier today. Thanks.,en,True
CONV-02195,chat,Just checking — Can you help me cancel my recent order? I noticed this while reviewing my recent activity. I’d like to resolve this today.,en,True
CONV-02196,mobile_app,"Hello, What steps do I need to follow to return this product? This is my first time dealing with this issue. Can you check?",en,True
CONV-02197,mobile_app,Please advise: I'm still waiting for the money from my return. Can you check? I’m trying to sort this out before the end of the day. Thanks.,en,True
CONV-02198,chat,Could you help me? My account suddenly won't let me log in. I noticed this while reviewing my recent activity. I’d like to resolve this today.,en,True
CONV-02199,email,I wanted to check whether I noticed a login I don't recognize. Can you check?,en,True
CONV-02200,email,I no longer want this order. Is cancellation still possible? Thank you.,en,True
CONV-02201,mobile_app,I’m contacting support because Checkout keeps rejecting my payment. I haven't changed anything on my account. Please let me know.,en,True
CONV-02202,email,I’m contacting support because I'd like to withdraw this purchase if it hasn't shipped. This is my first time dealing with this issue. Thank you.,en,True
CONV-02203,email,Please advise: I forgot my password. How can I reset it? I noticed this while reviewing my recent activity. I'd appreciate your help.,en,True
CONV-02204,chat,Just checking — The delivery date for ORD-100446 has passed and I'm still waiting. I noticed this while reviewing my recent activity. Any guidance would be helpful.,en,True
CONV-02205,web_form,Quick question: I want to return ORD-100880. How do I start? I’m trying to sort this out before the end of the day. Thanks.,en,True
CONV-02206,email,I need some help. The discount isn't being applied even though I entered the code.,en,True
CONV-02207,mobile_app,I’m contacting support because Could you explain the return process for this purchase? I haven't changed anything on my account. Can you check?,en,True
CONV-02208,email,Quick question: I think I was charged more than once for a single checkout. I noticed this while reviewing my recent activity. Any guidance would be helpful.,en,True
CONV-02209,web_form,Please advise: I received a security alert for an unfamiliar sign-in. I placed the order earlier today. I'd appreciate your help.,en,True
CONV-02210,mobile_app,"Hello, Can you show me the latest tracking update for my shipment? I haven't changed anything on my account.",en,True
CONV-02211,email,"Hello, What steps do I need to follow to return this product? I haven't changed anything on my account. Thank you.",en,True
CONV-02212,web_form,Quick question: I keep getting rejected when I try to sign in. I noticed this while reviewing my recent activity. Thanks.,en,True
CONV-02213,mobile_app,Please advise: I'm still waiting for the money from my return. Can you check? I noticed this while reviewing my recent activity. Thanks.,en,True
CONV-02214,email,I wanted to check whether I want to track the package that was just dispatched. This is my first time dealing with this issue. Please let me know.,en,True
CONV-02215,mobile_app,Could you help me? What is the estimated delivery date for my package? I placed the order earlier today. I'd appreciate your help.,en,True
CONV-02216,web_form,"Hello, I don't recognize the amount billed for my membership. Please let me know.",en,True
CONV-02217,mobile_app,Why is the coupon being rejected at checkout? I haven't changed anything on my account. Thank you.,en,True
CONV-02218,web_form,My subscription payment was higher than I expected. I haven't changed anything on my account. Thank you.,en,True
CONV-02219,mobile_app,Please advise: Why are there duplicate transactions for one order? I placed the order earlier today. I'd appreciate your help.,en,True
CONV-02220,web_form,"Hello, When should ORD-100610 arrive? Can you check?",en,True
CONV-02221,web_form,"Hello, When should ORD-100570 arrive? This is my first time dealing with this issue. Can you check?",en,True
CONV-02222,mobile_app,"Quick question: The box arrived, but headphones wasn't inside. I placed the order earlier today. I’d like to resolve this today.",en,True
CONV-02223,web_form,I wanted to check whether I need to redirect this package to another address. Can you check?,en,True
CONV-02224,email,"I expected this shipment already, but it hasn't turned up. This is my first time dealing with this issue. Can you check?",en,True
CONV-02225,chat,"Hello, I forgot my password. How can I reset it? Can you check?",en,True
CONV-02226,mobile_app,Just checking — I can't recall my password and need to change it. I’m trying to sort this out before the end of the day. Thanks.,en,True
CONV-02227,chat,Quick question: The promised delivery window is over for ORD-100434. I noticed this while reviewing my recent activity. Thanks.,en,True
CONV-02228,email,I’m contacting support because I'd like to withdraw this purchase if it hasn't shipped. This is my first time dealing with this issue. Thank you.,en,True
CONV-02229,web_form,Please advise: Could you help me end my recurring plan? I noticed this while reviewing my recent activity. Thanks.,en,True
CONV-02230,web_form,Please advise: Can you show me the latest tracking update for my shipment? I’m trying to sort this out before the end of the day. Thanks.,en,True
CONV-02231,email,"Could you help me? My delivery arrived, but the item inside is damaged. I’m trying to sort this out before the end of the day. I'd appreciate your help.",en,True
CONV-02232,email,Please advise: Why are there duplicate transactions for one order? I’m trying to sort this out before the end of the day. Thanks.,en,True
CONV-02233,web_form,Could you help me? I was sent the wrong model. I placed the order earlier today. I’d like to resolve this today.,en,True
CONV-02234,chat,Please advise: My package contains a different product. I noticed this while reviewing my recent activity. Thanks.,en,True
CONV-02235,email,Please advise: Why are there duplicate transactions for one order? I placed the order earlier today. Any guidance would be helpful.,en,True
CONV-02236,mobile_app,I wanted to check whether I want to return ORD-100965. How do I start? This is my first time dealing with this issue. Can you check?,en,True
CONV-02237,chat,Could you help me? Why is the coupon being rejected at checkout? I’m trying to sort this out before the end of the day. Any guidance would be helpful.,en,True
CONV-02238,chat,I’m contacting support because Roughly how long will delivery take? This is my first time dealing with this issue. Thank you.,en,True
CONV-02239,chat,I wanted to check whether Do you have an update on ORD-100176? I want to know where it stands. This is my first time dealing with this issue.,en,True
CONV-02240,chat,Just checking — There are changes in my profile that I didn't make. I noticed this while reviewing my recent activity. Any guidance would be helpful.,en,True
CONV-02241,mobile_app,Just checking — Part of ORD-102543 was not included in the delivery. I noticed this while reviewing my recent activity. I’d like to resolve this today.,en,True
CONV-02242,email,I need some help. Where is ORD-104935 right now? I haven't changed anything on my account. Please let me know.,en,True
CONV-02243,chat,I wanted to check whether Can you give me an ETA for this shipment? I haven't changed anything on my account. Please let me know.,en,True
CONV-02244,email,I’m contacting support because Something different was packed instead of what I purchased. I haven't changed anything on my account.,en,True
CONV-02245,chat,I wanted to check whether I need to redirect this package to another address. Thank you.,en,True
CONV-02246,email,I’m contacting support because Something different was packed instead of what I purchased. This is my first time dealing with this issue.,en,True
CONV-02247,email,"Hi, How do I change the address attached to my order? I placed the order earlier today. Thanks.",en,True
CONV-02248,web_form,Could you explain the available options for this product? Can you check?,en,True
CONV-02249,chat,"Hello, The product has a crack that wasn't shown in the listing. This is my first time dealing with this issue.",en,True
CONV-02250,chat,I wanted to check whether Can you tell me more about this product's features? I haven't changed anything on my account. Thank you.,en,True
CONV-02251,email,I’m contacting support because I can't sign in to my account. Thank you.,en,True
CONV-02252,email,"I expected this shipment already, but it hasn't turned up. Can you check?",en,True
CONV-02253,web_form,Just checking — I changed my mind and would like to send the item back. I noticed this while reviewing my recent activity. Any guidance would be helpful.,en,True
CONV-02254,web_form,Please advise: Can you cancel ORD-101880 for me? I noticed this while reviewing my recent activity. Any guidance would be helpful.,en,True
CONV-02255,chat,"Hi, ORD-100370 was due on Monday, but it still hasn't arrived. I placed the order earlier today. Thanks.",en,True
CONV-02256,chat,Quick question: The delivered item doesn't match my order. I placed the order earlier today. Thanks.,en,True
CONV-02257,email,I’m contacting support because Where should I enter my promo code? This is my first time dealing with this issue.,en,True
CONV-02258,email,Just checking — Has the refund for ORD-101105 been issued yet? I placed the order earlier today. I'd appreciate your help.,en,True
CONV-02259,mobile_app,"Hello, I received a security alert for an unfamiliar sign-in. Please let me know.",en,True
CONV-02260,chat,Quick question: Please stop my recurring membership. I’m trying to sort this out before the end of the day. I'd appreciate your help.,en,True
CONV-02261,web_form,"Quick question: I have tried several times, but the transaction won't go through. I noticed this while reviewing my recent activity. I’d like to resolve this today.",en,True
CONV-02262,email,"Could you help me? My delivery arrived, but the item inside is damaged. I’m trying to sort this out before the end of the day. I'd appreciate your help.",en,True
CONV-02263,web_form,Could you explain the available options for this product? I haven't changed anything on my account. Can you check?,en,True
CONV-02264,email,I’m contacting support because Something different was packed instead of what I purchased. Can you check?,en,True
CONV-02265,email,Quick question: Can you tell me more about this product's features? I’m trying to sort this out before the end of the day. Any guidance would be helpful.,en,True
CONV-02266,web_form,I need some help. Can I change the shipping address for ORD-103710? I haven't changed anything on my account. Can you check?,en,True
CONV-02267,web_form,Quick question: I want to track the package that was just dispatched. I’m trying to sort this out before the end of the day. Thanks.,en,True
CONV-02268,mobile_app,Please advise: I'm still waiting for the money from my return. Can you check? I placed the order earlier today. Thanks.,en,True
CONV-02269,mobile_app,"Hello, My discount code isn't working. I haven't changed anything on my account. Thank you.",en,True
CONV-02270,web_form,"Hello, I received the package, but one of the products is absent. I haven't changed anything on my account.",en,True
CONV-02271,chat,"Hi, Checkout keeps rejecting my payment. I placed the order earlier today. Thanks.",en,True
CONV-02272,mobile_app,"Hello, My package contains a different product. I haven't changed anything on my account. Thank you.",en,True
CONV-02273,mobile_app,"Quick question: The box arrived, but notebook wasn't inside. I noticed this while reviewing my recent activity. I'd appreciate your help.",en,True
CONV-02274,mobile_app,"Hi, Why was my subscription charged this month? I’m trying to sort this out before the end of the day. Any guidance would be helpful.",en,True
CONV-02275,web_form,Please advise: I can't finish the purchase because the payment isn't accepted. I placed the order earlier today. I’d like to resolve this today.,en,True
CONV-02276,chat,Could you help me? Please help me arrange a return. I’m trying to sort this out before the end of the day. I’d like to resolve this today.,en,True
CONV-02277,email,Something about my account activity looks suspicious. I haven't changed anything on my account. Can you check?,en,True
CONV-02278,web_form,Please advise: My discount code isn't working. I’m trying to sort this out before the end of the day. I’d like to resolve this today.,en,True
CONV-02279,email,"I wanted to check whether I have tried several times, but the transaction won't go through. This is my first time dealing with this issue. Can you check?",en,True
CONV-02280,web_form,Quick question: The delivered item doesn't match my order. I placed the order earlier today. I’d like to resolve this today.,en,True
CONV-02281,web_form,Quick question: I want to return ORD-100840. How do I start? I noticed this while reviewing my recent activity. Thanks.,en,True
CONV-02282,chat,"Hello, Does this product come with the accessories shown? This is my first time dealing with this issue. Thank you.",en,True
CONV-02283,email,Could you help me? What is the estimated delivery date for my package? I’m trying to sort this out before the end of the day. Thanks.,en,True
CONV-02284,chat,"Hello, Would you mind checking the latest status of ORD-100204? Can you check?",en,True
CONV-02285,email,Just checking — It looks like I was billed twice for ORD-101641. I noticed this while reviewing my recent activity. Thanks.,en,True
CONV-02286,web_form,"My delivery arrived, but the item inside is damaged. Please let me know.",en,True
CONV-02287,mobile_app,I wanted to check whether I want to return ORD-100905. How do I start? This is my first time dealing with this issue.,en,True
CONV-02288,mobile_app,Could you help me? What is the estimated delivery date for my package? I noticed this while reviewing my recent activity. I’d like to resolve this today.,en,True
CONV-02289,web_form,Could you help me? Something about my account activity looks suspicious. I placed the order earlier today. I'd appreciate your help.,en,True
CONV-02290,chat,Just checking — Can you help me cancel my recent order? I’m trying to sort this out before the end of the day. I’d like to resolve this today.,en,True
CONV-02291,web_form,I’m contacting support because Can you see what stage ORD-100162 is at right now? Thank you.,en,True
CONV-02292,chat,I wanted to check whether I need to create a new password because I can't remember mine. I haven't changed anything on my account.,en,True
CONV-02293,chat,Please update the destination before the order ships. This is my first time dealing with this issue. Thank you.,en,True
CONV-02294,mobile_app,Quick question: Can you tell me more about this product's features? I’m trying to sort this out before the end of the day. I'd appreciate your help.,en,True
CONV-02295,email,Quick question: Can you give me an ETA for this shipment? I’m trying to sort this out before the end of the day. Any guidance would be helpful.,en,True
CONV-02296,chat,My subscription payment was higher than I expected. I haven't changed anything on my account. Can you check?,en,True
CONV-02297,email,"I wanted to check whether I have tried several times, but the transaction won't go through. This is my first time dealing with this issue.",en,True
CONV-02298,mobile_app,Quick question: Can you give me an ETA for this shipment? I noticed this while reviewing my recent activity. I'd appreciate your help.,en,True
CONV-02299,chat,Could you help me? Something about my account activity looks suspicious. I placed the order earlier today. Thanks.,en,True
CONV-02300,web_form,I’m contacting support because I need the specifications before I decide whether to buy it. I haven't changed anything on my account. Can you check?,en,True
CONV-02301,mobile_app,Could you help me? My subscription payment was higher than I expected. I noticed this while reviewing my recent activity. Thanks.,en,True
CONV-02302,email,I was sent the wrong model. This is my first time dealing with this issue.,en,True
CONV-02303,mobile_app,Could you help me? My subscription payment was higher than I expected. I placed the order earlier today. Any guidance would be helpful.,en,True
CONV-02304,email,I want to cancel my subscription. This is my first time dealing with this issue. Please let me know.,en,True
CONV-02305,email,"Hi, Why was my subscription charged this month? I’m trying to sort this out before the end of the day. I’d like to resolve this today.",en,True
CONV-02306,mobile_app,I no longer want this order. Is cancellation still possible? This is my first time dealing with this issue.,en,True
CONV-02307,chat,"Hello, When should ORD-100640 arrive? Thank you.",en,True
CONV-02308,chat,"Hi, How can I prevent the plan from renewing? I placed the order earlier today. I’d like to resolve this today.",en,True
CONV-02309,email,Quick question: Can you give me an ETA for this shipment? I noticed this while reviewing my recent activity. Thanks.,en,True
CONV-02310,chat,Quick question: The promotional code says it is invalid. I’m trying to sort this out before the end of the day. Any guidance would be helpful.,en,True
CONV-02311,chat,Could you help me? I want to cancel my subscription. I’m trying to sort this out before the end of the day. I’d like to resolve this today.,en,True
CONV-02312,chat,Just checking — The login page won't let me access my account. I noticed this while reviewing my recent activity. I’d like to resolve this today.,en,True
CONV-02313,chat,I’m contacting support because I opened the package and found the product broken. I haven't changed anything on my account.,en,True
CONV-02314,mobile_app,"Hi, I need the specifications before I decide whether to buy it. I noticed this while reviewing my recent activity. I'd appreciate your help.",en,True
CONV-02315,mobile_app,Please advise: I forgot my password. How can I reset it? I noticed this while reviewing my recent activity. Thanks.,en,True
CONV-02316,web_form,I’m contacting support because How do I change the address attached to my order? I haven't changed anything on my account.,en,True
CONV-02317,mobile_app,I need some help. The login page won't let me access my account. This is my first time dealing with this issue.,en,True
CONV-02318,mobile_app,I’m contacting support because Could you explain the return process for this purchase?,en,True
CONV-02319,web_form,What is the estimated delivery date for my package? This is my first time dealing with this issue. Can you check?,en,True
CONV-02320,web_form,"Hello, I entered the wrong delivery address. Can it be corrected? This is my first time dealing with this issue.",en,True
CONV-02321,web_form,Please advise: Can you cancel ORD-101900 for me? I placed the order earlier today. Thanks.,en,True
CONV-02322,chat,"Hello, The product has a crack that wasn't shown in the listing. This is my first time dealing with this issue. Can you check?",en,True
CONV-02323,mobile_app,"Hello, My package contains a different product. Thank you.",en,True
CONV-02324,mobile_app,"Hello, Can you cancel ORD-101885 for me? This is my first time dealing with this issue.",en,True
CONV-02325,web_form,"Hello, Why are there duplicate transactions for one order? I haven't changed anything on my account.",en,True
CONV-02326,email,"Hi, How do I change the address attached to my order? I’m trying to sort this out before the end of the day. Any guidance would be helpful.",en,True
CONV-02327,mobile_app,I’m contacting support because Could you tell me the current location or transit stage of my parcel? I haven't changed anything on my account.,en,True
CONV-02328,email,Just checking — There is visible damage on the item I received. I placed the order earlier today. I’d like to resolve this today.,en,True
CONV-02329,mobile_app,I wanted to check whether The promotional code says it is invalid. Thank you.,en,True
CONV-02330,web_form,Just checking — I don't want the subscription to continue after this billing period. I placed the order earlier today. Thanks.,en,True
CONV-02331,chat,Just checking — The discount isn't being applied even though I entered the code. I placed the order earlier today. Any guidance would be helpful.,en,True
CONV-02332,email,Has the courier scanned ORD-104967 yet? Please let me know.,en,True
CONV-02333,web_form,"Hi, Could you explain the return process for this purchase? I placed the order earlier today. Any guidance would be helpful.",en,True
CONV-02334,email,Could you help me? What is the estimated delivery date for my package? I noticed this while reviewing my recent activity. Any guidance would be helpful.,en,True
CONV-02335,chat,"My delivery arrived, but the item inside is damaged. This is my first time dealing with this issue.",en,True
CONV-02336,mobile_app,I want to cancel my subscription. I haven't changed anything on my account. Can you check?,en,True
CONV-02337,mobile_app,"Hello, My package contains a different product. Please let me know.",en,True
CONV-02338,email,I wanted to check whether The promotional code says it is invalid. I haven't changed anything on my account.,en,True
CONV-02339,web_form,"Hello, Why are there duplicate transactions for one order? I haven't changed anything on my account. Can you check?",en,True
CONV-02340,chat,Could you help me? Why is the coupon being rejected at checkout? I placed the order earlier today. Thanks.,en,True
CONV-02341,email,Just checking — Part of ORD-102533 was not included in the delivery. I placed the order earlier today. Thanks.,en,True
CONV-02342,email,Could you help me? One product from my order is missing. I placed the order earlier today. Thanks.,en,True
CONV-02343,web_form,I need some help. Has the refund for ORD-101070 been issued yet? Thank you.,en,True
CONV-02344,email,"Hello, Can you cancel ORD-101775 for me? Thank you.",en,True
CONV-02345,web_form,Quick question: I want to track the package that was just dispatched. I noticed this while reviewing my recent activity. Thanks.,en,True
CONV-02346,email,I need some help. Why does the payment fail whenever I try to complete the order? I haven't changed anything on my account. Can you check?,en,True
CONV-02347,web_form,"Hello, I forgot my password. How can I reset it? This is my first time dealing with this issue. Please let me know.",en,True
CONV-02348,mobile_app,I wanted to check whether I want to track the package that was just dispatched. This is my first time dealing with this issue.,en,True
CONV-02349,web_form,Could you help me? I no longer want this order. Is cancellation still possible? I’m trying to sort this out before the end of the day. Thanks.,en,True
CONV-02350,web_form,"Hello, I don't recognize the amount billed for my membership. I haven't changed anything on my account. Thank you.",en,True
CONV-02351,mobile_app,"Hi, When should the refund appear in my account? I noticed this while reviewing my recent activity. Thanks.",en,True
CONV-02352,email,Could you help me? My subscription payment was higher than I expected. I noticed this while reviewing my recent activity. I'd appreciate your help.,en,True
CONV-02353,chat,"Quick question: I have tried several times, but the transaction won't go through. I placed the order earlier today. Thanks.",en,True
CONV-02354,email,"I’m contacting support because ORD-100475 was due on Thursday, but it still hasn't arrived. This is my first time dealing with this issue.",en,True
CONV-02355,email,Why is the coupon being rejected at checkout? I haven't changed anything on my account. Can you check?,en,True
CONV-02356,mobile_app,Just checking — It looks like I was billed twice for ORD-101651. I’m trying to sort this out before the end of the day. I’d like to resolve this today.,en,True
CONV-02357,chat,Just checking — I don't want the subscription to continue after this billing period. I placed the order earlier today. I’d like to resolve this today.,en,True
CONV-02358,email,I wanted to check whether The promotional code says it is invalid. This is my first time dealing with this issue.,en,True
CONV-02359,web_form,One product from my order is missing. I haven't changed anything on my account. Can you check?,en,True
CONV-02360,web_form,Please advise: My package contains a different product. I’m trying to sort this out before the end of the day. I’d like to resolve this today.,en,True
CONV-02361,mobile_app,Just checking — Part of ORD-102583 was not included in the delivery. I’m trying to sort this out before the end of the day. I’d like to resolve this today.,en,True
CONV-02362,mobile_app,I need some help. Why does the payment fail whenever I try to complete the order? I haven't changed anything on my account. Please let me know.,en,True
CONV-02363,mobile_app,Just checking — I’m planning around the delivery. When is it expected? I noticed this while reviewing my recent activity. I'd appreciate your help.,en,True
CONV-02364,web_form,I wanted to check whether I need to redirect this package to another address. This is my first time dealing with this issue.,en,True
CONV-02365,web_form,Just checking — The item I received isn't the one I ordered. I’m trying to sort this out before the end of the day. I'd appreciate your help.,en,True
CONV-02366,email,I need some help. I changed my mind and would like to send the item back. Thank you.,en,True
CONV-02367,chat,I need some help. Has the refund for ORD-101140 been issued yet? I haven't changed anything on my account.,en,True
CONV-02368,mobile_app,I need some help. I changed my mind and would like to send the item back. I haven't changed anything on my account. Can you check?,en,True
CONV-02369,mobile_app,I’m contacting support because Checkout keeps rejecting my payment. I haven't changed anything on my account. Thank you.,en,True
CONV-02370,email,Could you help me? What is the estimated delivery date for my package? I noticed this while reviewing my recent activity. Thanks.,en,True
CONV-02371,mobile_app,"Hi, When should the refund appear in my account? I placed the order earlier today. Thanks.",en,True
CONV-02372,chat,Could you tell me the current status of my refund? This is my first time dealing with this issue.,en,True
CONV-02373,chat,I wanted to check whether I have a question about the charge on my recurring plan.,en,True
CONV-02374,mobile_app,Could you help me? One product from my order is missing. I’m trying to sort this out before the end of the day. I'd appreciate your help.,en,True
CONV-02375,chat,Quick question: The delivered item doesn't match my order. I placed the order earlier today. Thanks.,en,True
CONV-02376,chat,Just checking — Where is ORD-104750 right now? I placed the order earlier today. I'd appreciate your help.,en,True
CONV-02377,mobile_app,Please advise: Would you mind checking the latest status of ORD-100059? I placed the order earlier today. Any guidance would be helpful.,en,True
CONV-02378,email,My account suddenly won't let me log in. This is my first time dealing with this issue. Thank you.,en,True
CONV-02379,chat,"Hi, I'd like to withdraw this purchase if it hasn't shipped. I’m trying to sort this out before the end of the day. I'd appreciate your help.",en,True
CONV-02380,chat,"I wanted to check whether The box arrived, but adapter wasn't inside. Thank you.",en,True
CONV-02381,web_form,Please advise: Can you show me the latest tracking update for my shipment? I placed the order earlier today. Thanks.,en,True
CONV-02382,web_form,"I wanted to check whether The item was returned, but I haven't received the refund. This is my first time dealing with this issue. Thank you.",en,True
CONV-02383,email,Just checking — I can't recall my password and need to change it. I noticed this while reviewing my recent activity. I'd appreciate your help.,en,True
CONV-02384,mobile_app,Quick question: I need to create a new password because I can't remember mine. I’m trying to sort this out before the end of the day. Any guidance would be helpful.,en,True
CONV-02385,web_form,Quick question: The delivered item doesn't match my order. I’m trying to sort this out before the end of the day. I'd appreciate your help.,en,True
CONV-02386,web_form,Quick question: I want to return ORD-100940. How do I start? I’m trying to sort this out before the end of the day. Any guidance would be helpful.,en,True
CONV-02387,chat,I need some help. Has the refund for ORD-101080 been issued yet? I haven't changed anything on my account. Can you check?,en,True
CONV-02388,mobile_app,"Hi, Can you see what stage ORD-100187 is at right now? I’m trying to sort this out before the end of the day. Any guidance would be helpful.",en,True
CONV-02389,web_form,"Hello, I received the package, but one of the products is absent. I haven't changed anything on my account. Can you check?",en,True
CONV-02390,email,Quick question: The item arrived damaged. What should I do? I placed the order earlier today. I'd appreciate your help.,en,True
CONV-02391,email,"Could you help me? My delivery arrived, but the item inside is damaged. I’m trying to sort this out before the end of the day. I’d like to resolve this today.",en,True
CONV-02392,chat,Just checking — Where is ORD-104890 right now? I’m trying to sort this out before the end of the day. I’d like to resolve this today.,en,True
CONV-02393,mobile_app,Please advise: The product has a crack that wasn't shown in the listing. I noticed this while reviewing my recent activity. Thanks.,en,True
CONV-02394,mobile_app,"Hi, How do I change the address attached to my order? I’m trying to sort this out before the end of the day. I’d like to resolve this today.",en,True
CONV-02395,chat,My subscription payment was higher than I expected. This is my first time dealing with this issue.,en,True
CONV-02396,web_form,"Hello, I entered the wrong delivery address. Can it be corrected? This is my first time dealing with this issue. Can you check?",en,True
CONV-02397,web_form,I wanted to check whether Do you have an update on ORD-100226? I want to know where it stands. I haven't changed anything on my account. Thank you.,en,True
CONV-02398,email,Has the courier scanned ORD-104847 yet? Please let me know.,en,True
CONV-02399,mobile_app,I need some help. Can you help me cancel my recent order? I haven't changed anything on my account. Can you check?,en,True
CONV-02400,mobile_app,Please advise: I forgot my password. How can I reset it? I’m trying to sort this out before the end of the day. Any guidance would be helpful.,en,True
CONV-02401,mobile_app,I need some help. The discount isn't being applied even though I entered the code. Please let me know.,en,True
CONV-02402,web_form,Please advise: I can't finish the purchase because the payment isn't accepted. I placed the order earlier today. I'd appreciate your help.,en,True
CONV-02403,mobile_app,"Could you help me? My delivery arrived, but the item inside is damaged. I noticed this while reviewing my recent activity. Any guidance would be helpful.",en,True
CONV-02404,email,Quick question: Can you give me an ETA for this shipment? I noticed this while reviewing my recent activity. Any guidance would be helpful.,en,True
CONV-02405,chat,I’m contacting support because When should the refund appear in my account?,en,True
CONV-02406,mobile_app,I’m contacting support because I think someone may have accessed my account. This is my first time dealing with this issue. Thank you.,en,True
CONV-02407,mobile_app,"Hi, Why was my subscription charged this month? I placed the order earlier today. Thanks.",en,True
CONV-02408,chat,"Hi, I'd like to withdraw this purchase if it hasn't shipped. I noticed this while reviewing my recent activity. I'd appreciate your help.",en,True
CONV-02409,chat,Could you help me? My account suddenly won't let me log in. I’m trying to sort this out before the end of the day. I’d like to resolve this today.,en,True
CONV-02410,email,Could you help me? Could you tell me the current status of my refund? I noticed this while reviewing my recent activity. I’d like to resolve this today.,en,True
CONV-02411,web_form,Could you help me? Why is the coupon being rejected at checkout? I noticed this while reviewing my recent activity. I'd appreciate your help.,en,True
CONV-02412,web_form,Please advise: My package contains a different product. I noticed this while reviewing my recent activity. I'd appreciate your help.,en,True
CONV-02413,mobile_app,"I expected this shipment already, but it hasn't turned up. This is my first time dealing with this issue. Please let me know.",en,True
CONV-02414,mobile_app,"Hello, My package contains a different product. I haven't changed anything on my account. Please let me know.",en,True
CONV-02415,web_form,"Quick question: I have tried several times, but the transaction won't go through. I placed the order earlier today. I’d like to resolve this today.",en,True
CONV-02416,chat,"Hello, I'm still waiting for the money from my return. Can you check? This is my first time dealing with this issue.",en,True
CONV-02417,mobile_app,"Could you help me? My delivery arrived, but the item inside is damaged. I’m trying to sort this out before the end of the day. Thanks.",en,True
CONV-02418,mobile_app,Could you help me? My subscription payment was higher than I expected. I noticed this while reviewing my recent activity. Any guidance would be helpful.,en,True
CONV-02419,chat,Just checking — Can you help me cancel my recent order? I noticed this while reviewing my recent activity. I'd appreciate your help.,en,True
CONV-02420,chat,I wanted to check whether I need to create a new password because I can't remember mine. I haven't changed anything on my account. Can you check?,en,True
CONV-02421,mobile_app,My account suddenly won't let me log in. I haven't changed anything on my account. Can you check?,en,True
CONV-02422,web_form,I need some help. Part of ORD-102698 was not included in the delivery. This is my first time dealing with this issue. Can you check?,en,True
CONV-02423,mobile_app,Quick question: I need to create a new password because I can't remember mine. I noticed this while reviewing my recent activity. Any guidance would be helpful.,en,True
CONV-02424,chat,Please advise: My discount code isn't working. I placed the order earlier today. Any guidance would be helpful.,en,True
CONV-02425,email,I’m contacting support because I think someone may have accessed my account.,en,True
CONV-02426,web_form,I need some help. It looks like I was billed twice for ORD-101506.,en,True
CONV-02427,email,I’m contacting support because I'd like to withdraw this purchase if it hasn't shipped. I haven't changed anything on my account. Please let me know.,en,True
CONV-02428,web_form,"Could you help me? I expected this shipment already, but it hasn't turned up. I placed the order earlier today. I'd appreciate your help.",en,True
CONV-02429,chat,My subscription payment was higher than I expected. I haven't changed anything on my account.,en,True
CONV-02430,chat,I need some help. Part of ORD-102528 was not included in the delivery. Thank you.,en,True
CONV-02431,mobile_app,I’m contacting support because Could you tell me the current location or transit stage of my parcel? This is my first time dealing with this issue.,en,True
CONV-02432,mobile_app,I wanted to check whether I keep getting rejected when I try to sign in. I haven't changed anything on my account. Can you check?,en,True
CONV-02433,mobile_app,I need some help. The delivery date for ORD-100361 has passed and I'm still waiting. This is my first time dealing with this issue. Please let me know.,en,True
CONV-02434,mobile_app,Please advise: The product has a crack that wasn't shown in the listing. I’m trying to sort this out before the end of the day. Thanks.,en,True
CONV-02435,web_form,I’m contacting support because When should the refund appear in my account? I haven't changed anything on my account. Thank you.,en,True
CONV-02436,web_form,Could you help me? I want to cancel my subscription. I’m trying to sort this out before the end of the day. Any guidance would be helpful.,en,True
CONV-02437,mobile_app,Quick question: The item arrived damaged. What should I do? I noticed this while reviewing my recent activity. Any guidance would be helpful.,en,True
CONV-02438,chat,Please advise: Can you cancel ORD-101830 for me? I’m trying to sort this out before the end of the day. I’d like to resolve this today.,en,True
CONV-02439,email,"Quick question: The item was returned, but I haven't received the refund. I’m trying to sort this out before the end of the day. I’d like to resolve this today.",en,True
CONV-02440,web_form,I’m contacting support because Can you see what stage ORD-100022 is at right now? I haven't changed anything on my account. Please let me know.,en,True
CONV-02441,web_form,I’m contacting support because I opened the package and found the product broken. I haven't changed anything on my account. Thank you.,en,True
CONV-02442,email,Could you help me? The same purchase appears twice on my card statement. I noticed this while reviewing my recent activity. Any guidance would be helpful.,en,True
CONV-02443,mobile_app,"Hi, My multi-item order is incomplete. I placed the order earlier today. I'd appreciate your help.",en,True
CONV-02444,web_form,"Hello, I forgot my password. How can I reset it? Please let me know.",en,True
CONV-02445,chat,Quick question: The promotional code says it is invalid. I placed the order earlier today. Any guidance would be helpful.,en,True
CONV-02446,chat,I need some help. Can you explain the latest recurring charge? This is my first time dealing with this issue. Can you check?,en,True
CONV-02447,mobile_app,I need some help. The item I received isn't the one I ordered. Thank you.,en,True
CONV-02448,web_form,"Hi, ORD-100460 was due on Monday, but it still hasn't arrived. I placed the order earlier today. I’d like to resolve this today.",en,True
CONV-02449,mobile_app,Could you help me? Could you tell me the current status of my refund? I noticed this while reviewing my recent activity. Thanks.,en,True
CONV-02450,mobile_app,"Hi, Can you see what stage ORD-100087 is at right now? I noticed this while reviewing my recent activity. Thanks.",en,True
CONV-02451,chat,Could you help me? My payment is being declined at checkout. I’m trying to sort this out before the end of the day. Thanks.,en,True
CONV-02452,mobile_app,"Hi, My multi-item order is incomplete. I placed the order earlier today. I’d like to resolve this today.",en,True
CONV-02453,chat,Please advise: My parcel is 3 days late. Can you investigate? I’m trying to sort this out before the end of the day. Thanks.,en,True
CONV-02454,chat,Please advise: My parcel is 3 days late. Can you investigate? I’m trying to sort this out before the end of the day. Any guidance would be helpful.,en,True
CONV-02455,chat,I’m contacting support because Can you see what stage ORD-100212 is at right now? This is my first time dealing with this issue. Can you check?,en,True
CONV-02456,email,I’m contacting support because Something different was packed instead of what I purchased.,en,True
CONV-02457,web_form,Just checking — Why does the payment fail whenever I try to complete the order? I placed the order earlier today. I’d like to resolve this today.,en,True
CONV-02458,web_form,"Hello, Would you mind checking the latest status of ORD-100234? Thank you.",en,True
CONV-02459,chat,"Hi, I can't sign in to my account. I noticed this while reviewing my recent activity. I’d like to resolve this today.",en,True
CONV-02460,email,Quick question: Can you give me an ETA for this shipment? I placed the order earlier today. Thanks.,en,True
CONV-02461,web_form,Please advise: My discount code isn't working. I noticed this while reviewing my recent activity. I’d like to resolve this today.,en,True
CONV-02462,chat,Just checking — The item I received isn't the one I ordered. I noticed this while reviewing my recent activity. Thanks.,en,True
CONV-02463,mobile_app,Just checking — Can you explain the latest recurring charge? I noticed this while reviewing my recent activity. Thanks.,en,True
CONV-02464,email,I wanted to check whether The delivered item doesn't match my order.,en,True
CONV-02465,web_form,I wanted to check whether Can you give me an ETA for this shipment? I haven't changed anything on my account.,en,True
CONV-02466,email,I wanted to check whether I want to track the package that was just dispatched. This is my first time dealing with this issue. Thank you.,en,True
CONV-02467,mobile_app,I need some help. The item I received isn't the one I ordered. This is my first time dealing with this issue. Thank you.,en,True
CONV-02468,chat,I’m contacting support because I need the specifications before I decide whether to buy it. Please let me know.,en,True
CONV-02469,email,"Hi, Where can I request a password reset? I’m trying to sort this out before the end of the day. I'd appreciate your help.",en,True
CONV-02470,mobile_app,Just checking — Part of ORD-102503 was not included in the delivery. I placed the order earlier today. I’d like to resolve this today.,en,True
CONV-02471,mobile_app,Could you help me? My subscription payment was higher than I expected. I noticed this while reviewing my recent activity. Any guidance would be helpful.,en,True
CONV-02472,email,Please help me arrange a return. This is my first time dealing with this issue. Thank you.,en,True
CONV-02473,mobile_app,Quick question: I have a question about the charge on my recurring plan. I noticed this while reviewing my recent activity. Any guidance would be helpful.,en,True
CONV-02474,chat,"Hi, I think someone may have accessed my account. I’m trying to sort this out before the end of the day. Any guidance would be helpful.",en,True
CONV-02475,chat,Could you help me? Why is the coupon being rejected at checkout? I noticed this while reviewing my recent activity. Thanks.,en,True
CONV-02476,chat,Can you send me through the password recovery process? I haven't changed anything on my account.,en,True
CONV-02477,email,I need some help. Where is ORD-104835 right now? Thank you.,en,True
CONV-02478,email,Please advise: When should ORD-100685 arrive? I noticed this while reviewing my recent activity. Thanks.,en,True
CONV-02479,email,Just checking — I can't recall my password and need to change it. I’m trying to sort this out before the end of the day. I'd appreciate your help.,en,True
CONV-02480,chat,Quick question: Please stop my recurring membership. I placed the order earlier today. I’d like to resolve this today.,en,True
CONV-02481,chat,Could you help me? Something about my account activity looks suspicious. I noticed this while reviewing my recent activity. Any guidance would be helpful.,en,True
CONV-02482,mobile_app,"Hi, I opened the package and found the product broken. I’m trying to sort this out before the end of the day. Any guidance would be helpful.",en,True
CONV-02483,email,"Hi, How do I change the address attached to my order? I’m trying to sort this out before the end of the day. Thanks.",en,True
CONV-02484,chat,Please advise: Can you cancel ORD-101850 for me? I noticed this while reviewing my recent activity. I'd appreciate your help.,en,True
CONV-02485,email,"Hello, My parcel is 4 days late. Can you investigate? This is my first time dealing with this issue. Can you check?",en,True
CONV-02486,chat,The same purchase appears twice on my card statement. This is my first time dealing with this issue. Please let me know.,en,True
CONV-02487,web_form,I wanted to check whether The item arrived damaged. What should I do? Please let me know.,en,True
CONV-02488,web_form,Could you help me? Something about my account activity looks suspicious. I’m trying to sort this out before the end of the day. I’d like to resolve this today.,en,True
CONV-02489,web_form,Just checking — The item I received isn't the one I ordered. I’m trying to sort this out before the end of the day. I'd appreciate your help.,en,True
CONV-02490,chat,Just checking — I changed my mind and would like to send the item back. I placed the order earlier today. I'd appreciate your help.,en,True
CONV-02491,email,Could you help me? What is the estimated delivery date for my package? I’m trying to sort this out before the end of the day. Any guidance would be helpful.,en,True
CONV-02492,web_form,I wanted to check whether Can you give me an ETA for this shipment? This is my first time dealing with this issue. Can you check?,en,True
CONV-02493,mobile_app,"Hello, I'm locked out of my account and need access. I haven't changed anything on my account. Can you check?",en,True
CONV-02494,mobile_app,Could you help me? Could you explain the available options for this product? I noticed this while reviewing my recent activity. I'd appreciate your help.,en,True
CONV-02495,chat,Quick question: The delivered item doesn't match my order. I’m trying to sort this out before the end of the day. Any guidance would be helpful.,en,True
CONV-02496,mobile_app,Just checking — There is visible damage on the item I received. I’m trying to sort this out before the end of the day. Thanks.,en,True
CONV-02497,mobile_app,I need some help. There are changes in my profile that I didn't make. I haven't changed anything on my account. Please let me know.,en,True
CONV-02498,chat,Please update the destination before the order ships. This is my first time dealing with this issue. Please let me know.,en,True
CONV-02499,mobile_app,Please advise: I don't recognize the amount billed for my membership. I placed the order earlier today. Thanks.,en,True
CONV-02500,chat,Please advise: I'm locked out of my account and need access. I’m trying to sort this out before the end of the day. I'd appreciate your help.,en,True
CONV-02501,mobile_app,Just checking — It looks like I was billed twice for ORD-101511. I placed the order earlier today. I'd appreciate your help.,en,True
CONV-02502,chat,Quick question: Please stop ORD-101882 before it is dispatched. I placed the order earlier today. I'd appreciate your help.,en,True
CONV-02503,mobile_app,Could you help me? What is the estimated delivery date for my package? I placed the order earlier today. I'd appreciate your help.,en,True
CONV-02504,chat,Just checking — Where is ORD-104930 right now? I placed the order earlier today. I’d like to resolve this today.,en,True
CONV-02505,email,Just checking — I can't recall my password and need to change it. I placed the order earlier today. I'd appreciate your help.,en,True
CONV-02506,mobile_app,I wanted to check whether The promised delivery window is over for ORD-100369. I haven't changed anything on my account. Please let me know.,en,True
CONV-02507,mobile_app,Has the courier scanned ORD-104997 yet? Can you check?,en,True
CONV-02508,web_form,I need some help. I placed ORD-100118 recently. What is happening with it? I haven't changed anything on my account. Please let me know.,en,True
CONV-02509,web_form,Quick question: I noticed a login I don't recognize. I noticed this while reviewing my recent activity. I’d like to resolve this today.,en,True
CONV-02510,web_form,I need some help. I can't recall my password and need to change it. I haven't changed anything on my account. Please let me know.,en,True
CONV-02511,chat,I’m contacting support because I opened the package and found the product broken. I haven't changed anything on my account.,en,True
CONV-02512,web_form,Please update the destination before the order ships. I haven't changed anything on my account. Can you check?,en,True
CONV-02513,email,Could you help me? The same purchase appears twice on my card statement. I placed the order earlier today. Any guidance would be helpful.,en,True
CONV-02514,mobile_app,Could you help me? Can you send me through the password recovery process? I’m trying to sort this out before the end of the day. Any guidance would be helpful.,en,True
CONV-02515,chat,Just checking — I changed my mind and would like to send the item back. I placed the order earlier today. I’d like to resolve this today.,en,True
CONV-02516,web_form,One product from my order is missing.,en,True
CONV-02517,email,I wanted to check whether Please stop my recurring membership. Thank you.,en,True
CONV-02518,email,My account suddenly won't let me log in. This is my first time dealing with this issue. Please let me know.,en,True
CONV-02519,email,I’m contacting support because Where should I enter my promo code? I haven't changed anything on my account. Can you check?,en,True
CONV-02520,chat,I wanted to check whether I need to create a new password because I can't remember mine. This is my first time dealing with this issue. Can you check?,en,True
CONV-02521,email,I need some help. The item I received isn't the one I ordered. Can you check?,en,True
CONV-02522,web_form,Could you explain the available options for this product? I haven't changed anything on my account.,en,True
CONV-02523,chat,I need some help. Can you explain the latest recurring charge? I haven't changed anything on my account. Can you check?,en,True
CONV-02524,email,Quick question: The item arrived damaged. What should I do? I noticed this while reviewing my recent activity. I’d like to resolve this today.,en,True
CONV-02525,email,"Hi, How do I change the address attached to my order? I placed the order earlier today. Any guidance would be helpful.",en,True
CONV-02526,email,Just checking — There is visible damage on the item I received. I placed the order earlier today. I'd appreciate your help.,en,True
CONV-02527,chat,Quick question: The promotional code says it is invalid. I placed the order earlier today. Thanks.,en,True
CONV-02528,web_form,Just checking — I changed my mind and would like to send the item back. I’m trying to sort this out before the end of the day. Any guidance would be helpful.,en,True
CONV-02529,web_form,Please advise: I can't finish the purchase because the payment isn't accepted. I placed the order earlier today. I'd appreciate your help.,en,True
CONV-02530,mobile_app,Please advise: Does this product come with the accessories shown? I’m trying to sort this out before the end of the day. I'd appreciate your help.,en,True
CONV-02531,chat,"Hi, Could you tell me the current location or transit stage of my parcel? I’m trying to sort this out before the end of the day. I’d like to resolve this today.",en,True
CONV-02532,chat,Please advise: I can't finish the purchase because the payment isn't accepted. I noticed this while reviewing my recent activity. Thanks.,en,True
CONV-02533,web_form,I’m contacting support because When should the refund appear in my account? This is my first time dealing with this issue. Please let me know.,en,True
CONV-02534,mobile_app,"Please advise: I received the package, but one of the products is absent. I noticed this while reviewing my recent activity. I'd appreciate your help.",en,True
CONV-02535,email,"I’m contacting support because ORD-100435 was due on Saturday, but it still hasn't arrived. I haven't changed anything on my account.",en,True
CONV-02536,web_form,I wanted to check whether I think I was charged more than once for a single checkout.,en,True
CONV-02537,mobile_app,"I’m contacting support because ORD-100365 was due on Tuesday, but it still hasn't arrived. Thank you.",en,True
CONV-02538,email,"Please advise: I received the package, but one of the products is absent. I’m trying to sort this out before the end of the day. Any guidance would be helpful.",en,True
CONV-02539,mobile_app,Quick question: Do you have an update on ORD-100231? I want to know where it stands. I noticed this while reviewing my recent activity. Thanks.,en,True
CONV-02540,email,I wanted to check whether The promotional code says it is invalid.,en,True
CONV-02541,email,Just checking — Can you explain the latest recurring charge? I’m trying to sort this out before the end of the day. I’d like to resolve this today.,en,True
CONV-02542,email,I need some help. The discount isn't being applied even though I entered the code. Can you check?,en,True
CONV-02543,email,"Hello, My parcel is 2 days late. Can you investigate? Can you check?",en,True
CONV-02544,web_form,I wanted to check whether The item arrived damaged. What should I do? I haven't changed anything on my account. Thank you.,en,True
CONV-02545,web_form,I wanted to check whether Do you have an update on ORD-100086? I want to know where it stands. This is my first time dealing with this issue. Please let me know.,en,True
CONV-02546,web_form,Could you help me? Please help me arrange a return. I’m trying to sort this out before the end of the day. Any guidance would be helpful.,en,True
CONV-02547,mobile_app,Please advise: I'm still waiting for the money from my return. Can you check? I noticed this while reviewing my recent activity. Any guidance would be helpful.,en,True
CONV-02548,email,I’m contacting support because I can't sign in to my account. I haven't changed anything on my account. Please let me know.,en,True
CONV-02549,email,Quick question: I have a question about the charge on my recurring plan. I noticed this while reviewing my recent activity. I'd appreciate your help.,en,True
CONV-02550,web_form,Could you help me? Why is the coupon being rejected at checkout? I noticed this while reviewing my recent activity. I’d like to resolve this today.,en,True
CONV-02551,mobile_app,I need some help. I don't want the subscription to continue after this billing period. This is my first time dealing with this issue.,en,True
CONV-02552,web_form,I need some help. Part of ORD-102658 was not included in the delivery. I haven't changed anything on my account. Can you check?,en,True
CONV-02553,email,I wanted to check whether I want to return ORD-100855. How do I start? Please let me know.,en,True
CONV-02554,web_form,I need some help. I placed ORD-100078 recently. What is happening with it? Please let me know.,en,True
CONV-02555,mobile_app,Just checking — There is visible damage on the item I received. I placed the order earlier today. Thanks.,en,True
CONV-02556,web_form,I wanted to check whether Can you tell me more about this product's features? I haven't changed anything on my account. Can you check?,en,True
CONV-02557,chat,"Hello, I entered the wrong delivery address. Can it be corrected? I haven't changed anything on my account. Please let me know.",en,True
CONV-02558,mobile_app,Just checking — Can you explain the latest recurring charge? I noticed this while reviewing my recent activity. Thanks.,en,True
CONV-02559,chat,Please advise: I received a security alert for an unfamiliar sign-in. I’m trying to sort this out before the end of the day. Any guidance would be helpful.,en,True
CONV-02560,email,I’m contacting support because Something different was packed instead of what I purchased. This is my first time dealing with this issue. Can you check?,en,True
CONV-02561,web_form,I need some help. Part of ORD-102598 was not included in the delivery. I haven't changed anything on my account.,en,True
CONV-02562,mobile_app,Quick question: I have a question about the charge on my recurring plan. I placed the order earlier today. Thanks.,en,True
CONV-02563,chat,Could you help me? I want to cancel my subscription. I noticed this while reviewing my recent activity. I’d like to resolve this today.,en,True
CONV-02564,web_form,Please advise: I received a security alert for an unfamiliar sign-in. I noticed this while reviewing my recent activity. I'd appreciate your help.,en,True
CONV-02565,chat,I’m contacting support because I opened the package and found the product broken.,en,True
CONV-02566,web_form,Quick question: The promised delivery window is over for ORD-100424. I placed the order earlier today. I'd appreciate your help.,en,True
CONV-02567,web_form,Please advise: My parcel is 5 days late. Can you investigate? I noticed this while reviewing my recent activity. I'd appreciate your help.,en,True
CONV-02568,web_form,I’m contacting support because I need the specifications before I decide whether to buy it. I haven't changed anything on my account.,en,True
CONV-02569,email,Quick question: I need to redirect this package to another address. I placed the order earlier today. Any guidance would be helpful.,en,True
CONV-02570,chat,"Hello, Would you mind checking the latest status of ORD-100104? This is my first time dealing with this issue.",en,True
CONV-02571,chat,Please advise: Could you help me end my recurring plan? I’m trying to sort this out before the end of the day. I'd appreciate your help.,en,True
CONV-02572,web_form,Quick question: The promotional code says it is invalid. I’m trying to sort this out before the end of the day. I’d like to resolve this today.,en,True
CONV-02573,web_form,"Hi, I'd like to withdraw this purchase if it hasn't shipped. I placed the order earlier today. Thanks.",en,True
CONV-02574,email,"Hello, I can't finish the purchase because the payment isn't accepted. Can you check?",en,True
CONV-02575,mobile_app,I need some help. There are changes in my profile that I didn't make. Thank you.,en,True
CONV-02576,email,My account suddenly won't let me log in. Thank you.,en,True
CONV-02577,web_form,"I wanted to check whether The box arrived, but shirt wasn't inside. I haven't changed anything on my account. Can you check?",en,True
CONV-02578,mobile_app,I’m contacting support because Could you tell me the current location or transit stage of my parcel? This is my first time dealing with this issue. Can you check?,en,True
CONV-02579,mobile_app,Please advise: Why are there duplicate transactions for one order? I noticed this while reviewing my recent activity. I’d like to resolve this today.,en,True
CONV-02580,mobile_app,"Hi, How do I change the address attached to my order? I’m trying to sort this out before the end of the day. I’d like to resolve this today.",en,True
CONV-02581,mobile_app,Just checking — It looks like I was billed twice for ORD-101731. I noticed this while reviewing my recent activity. I’d like to resolve this today.,en,True
CONV-02582,web_form,"Hi, Could you tell me the current location or transit stage of my parcel? I’m trying to sort this out before the end of the day. Any guidance would be helpful.",en,True
CONV-02583,chat,I wanted to check whether I have a question about the charge on my recurring plan. I haven't changed anything on my account.,en,True
CONV-02584,email,Please advise: I entered the wrong delivery address. Can it be corrected? I placed the order earlier today. Thanks.,en,True
CONV-02585,email,I no longer want this order. Is cancellation still possible? I haven't changed anything on my account. Thank you.,en,True
CONV-02586,email,I need some help. The item I received isn't the one I ordered.,en,True
CONV-02587,web_form,Please advise: Can you cancel ORD-101940 for me? I noticed this while reviewing my recent activity. Thanks.,en,True
CONV-02588,web_form,I wanted to check whether Can you give me an ETA for this shipment? This is my first time dealing with this issue.,en,True
CONV-02589,chat,Could you help me? I was sent the wrong model. I noticed this while reviewing my recent activity. Thanks.,en,True
CONV-02590,email,"Hello, My discount code isn't working. Can you check?",en,True
CONV-02591,web_form,Just checking — The delivery date for ORD-100496 has passed and I'm still waiting. I placed the order earlier today. I'd appreciate your help.,en,True
CONV-02592,web_form,Quick question: The promised delivery window is over for ORD-100464. I noticed this while reviewing my recent activity. I'd appreciate your help.,en,True
CONV-02593,mobile_app,Just checking — Can you explain the latest recurring charge? I’m trying to sort this out before the end of the day. Thanks.,en,True
CONV-02594,mobile_app,I’m contacting support because Where should I enter my promo code? Thank you.,en,True
CONV-02595,chat,I’m contacting support because Can you see what stage ORD-100172 is at right now? I haven't changed anything on my account. Can you check?,en,True
CONV-02596,email,I wanted to check whether I want to track the package that was just dispatched. Please let me know.,en,True
CONV-02597,web_form,Please advise: Can you show me the latest tracking update for my shipment? I noticed this while reviewing my recent activity. Any guidance would be helpful.,en,True
CONV-02598,chat,One product from my order is missing. Please let me know.,en,True
CONV-02599,chat,Just checking — There are changes in my profile that I didn't make. I placed the order earlier today. Thanks.,en,True
CONV-02600,chat,I wanted to check whether Can you tell me more about this product's features? Thank you.,en,True
CONV-02601,web_form,Just checking — The item I received isn't the one I ordered. I’m trying to sort this out before the end of the day. I’d like to resolve this today.,en,True
CONV-02602,chat,I need some help. There is visible damage on the item I received. This is my first time dealing with this issue.,en,True
CONV-02603,web_form,Quick question: I want to return ORD-100900. How do I start? I noticed this while reviewing my recent activity. Any guidance would be helpful.,en,True
CONV-02604,chat,"Quick question: I have tried several times, but the transaction won't go through. I placed the order earlier today. Thanks.",en,True
CONV-02605,email,Quick question: I need to redirect this package to another address. I placed the order earlier today. Any guidance would be helpful.,en,True
CONV-02606,email,Could you help me? What is the estimated delivery date for my package? I placed the order earlier today. Thanks.,en,True
CONV-02607,mobile_app,I wanted to check whether The delivered item doesn't match my order. I haven't changed anything on my account. Thank you.,en,True
CONV-02608,web_form,Could you help me? I was sent the wrong model. I’m trying to sort this out before the end of the day. I’d like to resolve this today.,en,True
CONV-02609,web_form,I’m contacting support because My multi-item order is incomplete. I haven't changed anything on my account.,en,True
CONV-02610,web_form,My subscription payment was higher than I expected. This is my first time dealing with this issue. Please let me know.,en,True
CONV-02611,web_form,"Hello, I'm still waiting for the money from my return. Can you check? I haven't changed anything on my account. Thank you.",en,True
CONV-02612,email,Just checking — I’m planning around the delivery. When is it expected? I’m trying to sort this out before the end of the day. Thanks.,en,True
CONV-02613,chat,One product from my order is missing. This is my first time dealing with this issue. Please let me know.,en,True
CONV-02614,chat,Please advise: I'm locked out of my account and need access. I placed the order earlier today. I’d like to resolve this today.,en,True
CONV-02615,mobile_app,"Hello, I received a security alert for an unfamiliar sign-in. This is my first time dealing with this issue. Thank you.",en,True
CONV-02616,email,Quick question: I think I was charged more than once for a single checkout. I’m trying to sort this out before the end of the day. Any guidance would be helpful.,en,True
CONV-02617,mobile_app,Please advise: Does this product come with the accessories shown? I noticed this while reviewing my recent activity. I'd appreciate your help.,en,True
CONV-02618,web_form,I need some help. There is visible damage on the item I received. This is my first time dealing with this issue. Thank you.,en,True
CONV-02619,web_form,"I wanted to check whether The box arrived, but case wasn't inside. This is my first time dealing with this issue.",en,True
CONV-02620,web_form,"Hi, How can I prevent the plan from renewing? I’m trying to sort this out before the end of the day. Thanks.",en,True
CONV-02621,chat,"My delivery arrived, but the item inside is damaged. Can you check?",en,True
CONV-02622,email,I need some help. I changed my mind and would like to send the item back. This is my first time dealing with this issue. Please let me know.,en,True
CONV-02623,web_form,Could you help me? Has the courier scanned ORD-104872 yet? I’m trying to sort this out before the end of the day. Thanks.,en,True
CONV-02624,web_form,I wanted to check whether I need to redirect this package to another address. This is my first time dealing with this issue.,en,True
CONV-02625,mobile_app,I need some help. The delivery date for ORD-100421 has passed and I'm still waiting. This is my first time dealing with this issue. Thank you.,en,True
CONV-02626,mobile_app,Just checking — I placed ORD-100123 recently. What is happening with it? I noticed this while reviewing my recent activity. Any guidance would be helpful.,en,True
CONV-02627,web_form,"Hello, I don't recognize the amount billed for my membership. This is my first time dealing with this issue. Thank you.",en,True
CONV-02628,chat,I need some help. Part of ORD-102628 was not included in the delivery. I haven't changed anything on my account. Please let me know.,en,True
CONV-02629,email,Please help me arrange a return. Thank you.,en,True
CONV-02630,email,I need some help. Why does the payment fail whenever I try to complete the order? I haven't changed anything on my account. Can you check?,en,True
CONV-02631,chat,"Hi, Checkout keeps rejecting my payment. I’m trying to sort this out before the end of the day. Thanks.",en,True
CONV-02632,chat,"Hello, The product has a crack that wasn't shown in the listing. This is my first time dealing with this issue. Can you check?",en,True
CONV-02633,mobile_app,"Hi, I see two charges for the same purchase. I noticed this while reviewing my recent activity. I'd appreciate your help.",en,True
CONV-02634,web_form,The same purchase appears twice on my card statement. Can you check?,en,True
CONV-02635,email,"Hello, Can you cancel ORD-101795 for me? This is my first time dealing with this issue. Please let me know.",en,True
CONV-02636,email,I need some help. Where is ORD-104815 right now? I haven't changed anything on my account. Please let me know.,en,True
CONV-02637,email,I wanted to check whether The promised delivery window is over for ORD-100399. I haven't changed anything on my account. Can you check?,en,True
CONV-02638,chat,Just checking — The item I received isn't the one I ordered. I noticed this while reviewing my recent activity. Any guidance would be helpful.,en,True
CONV-02639,chat,Just checking — I changed my mind and would like to send the item back. I noticed this while reviewing my recent activity. I’d like to resolve this today.,en,True
CONV-02640,mobile_app,I wanted to check whether I want to track the package that was just dispatched. Can you check?,en,True
CONV-02641,mobile_app,"Hello, I'm locked out of my account and need access. I haven't changed anything on my account.",en,True
CONV-02642,web_form,"Hi, Checkout keeps rejecting my payment. I’m trying to sort this out before the end of the day. I’d like to resolve this today.",en,True
CONV-02643,web_form,I’m contacting support because My multi-item order is incomplete. I haven't changed anything on my account.,en,True
CONV-02644,web_form,I wanted to check whether Can you tell me more about this product's features? This is my first time dealing with this issue.,en,True
CONV-02645,web_form,I wanted to check whether The item arrived damaged. What should I do? This is my first time dealing with this issue. Thank you.,en,True
CONV-02646,chat,Just checking — I changed my mind and would like to send the item back. I’m trying to sort this out before the end of the day. I'd appreciate your help.,en,True
CONV-02647,web_form,Just checking — The delivery date for ORD-100456 has passed and I'm still waiting. I’m trying to sort this out before the end of the day. I'd appreciate your help.,en,True
CONV-02648,mobile_app,Quick question: I have a question about the charge on my recurring plan. I’m trying to sort this out before the end of the day. Thanks.,en,True
CONV-02649,mobile_app,"Hi, When should the refund appear in my account? I noticed this while reviewing my recent activity. Any guidance would be helpful.",en,True
CONV-02650,chat,Please advise: Can you cancel ORD-101950 for me? I’m trying to sort this out before the end of the day. I’d like to resolve this today.,en,True
CONV-02651,chat,Just checking — The discount isn't being applied even though I entered the code. I placed the order earlier today. Thanks.,en,True
CONV-02652,email,Just checking — I’m planning around the delivery. When is it expected? I’m trying to sort this out before the end of the day. Any guidance would be helpful.,en,True
CONV-02653,mobile_app,I’m contacting support because Something different was packed instead of what I purchased. This is my first time dealing with this issue. Thank you.,en,True
CONV-02654,email,Could you help me? What is the estimated delivery date for my package? I’m trying to sort this out before the end of the day. Any guidance would be helpful.,en,True
CONV-02655,web_form,Could you help me? I was sent the wrong model. I’m trying to sort this out before the end of the day. I'd appreciate your help.,en,True
CONV-02656,mobile_app,I’m contacting support because I'd like to withdraw this purchase if it hasn't shipped. I haven't changed anything on my account. Can you check?,en,True
CONV-02657,chat,I need some help. Part of ORD-102748 was not included in the delivery. I haven't changed anything on my account. Please let me know.,en,True
CONV-02658,mobile_app,I’m contacting support because Where should I enter my promo code? I haven't changed anything on my account. Please let me know.,en,True
CONV-02659,email,I wanted to check whether I noticed a login I don't recognize. I haven't changed anything on my account. Can you check?,en,True
CONV-02660,web_form,"Hi, I think someone may have accessed my account. I’m trying to sort this out before the end of the day. I’d like to resolve this today.",en,True
CONV-02661,chat,Please advise: Can you show me the latest tracking update for my shipment? I noticed this while reviewing my recent activity. I'd appreciate your help.,en,True
CONV-02662,chat,Quick question: I noticed a login I don't recognize. I placed the order earlier today. Any guidance would be helpful.,en,True
CONV-02663,web_form,Just checking — Can you help me cancel my recent order? I’m trying to sort this out before the end of the day. Thanks.,en,True
CONV-02664,mobile_app,I wanted to check whether The promised delivery window is over for ORD-100389. Thank you.,en,True
CONV-02665,chat,"Hi, Something different was packed instead of what I purchased. I’m trying to sort this out before the end of the day. Any guidance would be helpful.",en,True
CONV-02666,chat,Just checking — I don't want the subscription to continue after this billing period. I placed the order earlier today. I’d like to resolve this today.,en,True
CONV-02667,web_form,Quick question: Please stop my recurring membership. I’m trying to sort this out before the end of the day. Any guidance would be helpful.,en,True
CONV-02668,mobile_app,I wanted to check whether I want to return ORD-100845. How do I start? This is my first time dealing with this issue. Can you check?,en,True
CONV-02669,web_form,I wanted to check whether Can you give me an ETA for this shipment? I haven't changed anything on my account.,en,True
CONV-02670,mobile_app,Quick question: Do you have an update on ORD-100091? I want to know where it stands. I’m trying to sort this out before the end of the day. Any guidance would be helpful.,en,True
CONV-02671,mobile_app,"Hello, Could you help me end my recurring plan? I haven't changed anything on my account. Can you check?",en,True
CONV-02672,email,I need some help. Can you help me cancel my recent order? Please let me know.,en,True
CONV-02673,web_form,Please advise: I'm locked out of my account and need access. I noticed this while reviewing my recent activity. Any guidance would be helpful.,en,True
CONV-02674,web_form,"Hello, I don't recognize the amount billed for my membership. Thank you.",en,True
CONV-02675,chat,Please advise: I'm locked out of my account and need access. I noticed this while reviewing my recent activity. I'd appreciate your help.,en,True
CONV-02676,email,"Please advise: I received the package, but one of the products is absent. I’m trying to sort this out before the end of the day. Any guidance would be helpful.",en,True
CONV-02677,chat,I need some help. It looks like I was billed twice for ORD-101676. This is my first time dealing with this issue. Thank you.,en,True
CONV-02678,chat,"I wanted to check whether The item was returned, but I haven't received the refund. This is my first time dealing with this issue. Can you check?",en,True
CONV-02679,web_form,Please advise: Can you cancel ORD-101960 for me? I placed the order earlier today. Any guidance would be helpful.,en,True
CONV-02680,web_form,One product from my order is missing. This is my first time dealing with this issue. Can you check?,en,True
CONV-02681,web_form,"Hi, How can I prevent the plan from renewing? I placed the order earlier today. Any guidance would be helpful.",en,True
CONV-02682,email,"Hi, Can you see what stage ORD-100237 is at right now? I noticed this while reviewing my recent activity. I'd appreciate your help.",en,True
CONV-02683,email,Quick question: I need to create a new password because I can't remember mine. I’m trying to sort this out before the end of the day. I'd appreciate your help.,en,True
CONV-02684,web_form,Please advise: I received a security alert for an unfamiliar sign-in. I noticed this while reviewing my recent activity. I’d like to resolve this today.,en,True
CONV-02685,email,"Quick question: The item was returned, but I haven't received the refund. I noticed this while reviewing my recent activity. I’d like to resolve this today.",en,True
CONV-02686,mobile_app,"Hello, Can you cancel ORD-101805 for me?",en,True
CONV-02687,mobile_app,I wanted to check whether The promotional code says it is invalid. This is my first time dealing with this issue. Thank you.,en,True
CONV-02688,mobile_app,Just checking — I placed ORD-100163 recently. What is happening with it? I’m trying to sort this out before the end of the day. Any guidance would be helpful.,en,True
CONV-02689,web_form,Just checking — There are changes in my profile that I didn't make. I’m trying to sort this out before the end of the day. I'd appreciate your help.,en,True
CONV-02690,email,Could you help me? Could you explain the available options for this product? I placed the order earlier today. Thanks.,en,True
CONV-02691,web_form,I wanted to check whether Can you tell me more about this product's features? I haven't changed anything on my account.,en,True
CONV-02692,mobile_app,"Hello, I received a security alert for an unfamiliar sign-in. I haven't changed anything on my account. Please let me know.",en,True
CONV-02693,mobile_app,Just checking — I can't recall my password and need to change it. I’m trying to sort this out before the end of the day. Any guidance would be helpful.,en,True
CONV-02694,web_form,I’m contacting support because How do I change the address attached to my order?,en,True
CONV-02695,email,"Hello, Could you help me end my recurring plan? Please let me know.",en,True
CONV-02696,email,I no longer want this order. Is cancellation still possible? Please let me know.,en,True
CONV-02697,email,"Hi, How do I change the address attached to my order? I noticed this while reviewing my recent activity. Thanks.",en,True
CONV-02698,email,Quick question: I have a question about the charge on my recurring plan. I noticed this while reviewing my recent activity. I’d like to resolve this today.,en,True
CONV-02699,web_form,Just checking — Why does the payment fail whenever I try to complete the order? I placed the order earlier today. I'd appreciate your help.,en,True
CONV-02700,email,Quick question: I need to redirect this package to another address. I noticed this while reviewing my recent activity. Any guidance would be helpful.,en,True
CONV-02701,mobile_app,Could you help me? Can you send me through the password recovery process? I placed the order earlier today. Thanks.,en,True
CONV-02702,web_form,"Hi, I think someone may have accessed my account. I’m trying to sort this out before the end of the day. I'd appreciate your help.",en,True
CONV-02703,web_form,Please advise: My discount code isn't working. I’m trying to sort this out before the end of the day. I’d like to resolve this today.,en,True
CONV-02704,email,Could you help me? Could you explain the available options for this product? I placed the order earlier today. Any guidance would be helpful.,en,True
CONV-02705,web_form,"Hi, I can't sign in to my account. I placed the order earlier today. Any guidance would be helpful.",en,True
CONV-02706,web_form,"Hi, Checkout keeps rejecting my payment. I placed the order earlier today. I'd appreciate your help.",en,True
CONV-02707,email,"Hi, Roughly how long will delivery take? I’m trying to sort this out before the end of the day. Any guidance would be helpful.",en,True
CONV-02708,email,Quick question: Do you have an update on ORD-100041? I want to know where it stands. I placed the order earlier today. I’d like to resolve this today.,en,True
CONV-02709,chat,"Hello, When should ORD-100560 arrive? I haven't changed anything on my account. Thank you.",en,True
CONV-02710,mobile_app,"Hello, I received a security alert for an unfamiliar sign-in. I haven't changed anything on my account. Thank you.",en,True
CONV-02711,chat,I need some help. I can't recall my password and need to change it. I haven't changed anything on my account.,en,True
CONV-02712,mobile_app,Just checking — I placed ORD-100243 recently. What is happening with it? I noticed this while reviewing my recent activity. Any guidance would be helpful.,en,True
CONV-02713,email,"Hello, I can't finish the purchase because the payment isn't accepted. Can you check?",en,True
CONV-02714,web_form,"Hi, I can't sign in to my account. I’m trying to sort this out before the end of the day. Any guidance would be helpful.",en,True
CONV-02715,mobile_app,Quick question: I need to create a new password because I can't remember mine. I’m trying to sort this out before the end of the day. Thanks.,en,True
CONV-02716,email,"Hello, Could you help me end my recurring plan? I haven't changed anything on my account. Thank you.",en,True
CONV-02717,chat,"Hi, Checkout keeps rejecting my payment. I’m trying to sort this out before the end of the day. Any guidance would be helpful.",en,True
CONV-02718,mobile_app,I need some help. The delivery date for ORD-100261 has passed and I'm still waiting. I haven't changed anything on my account. Thank you.,en,True
CONV-02719,web_form,Quick question: I keep getting rejected when I try to sign in. I noticed this while reviewing my recent activity. Any guidance would be helpful.,en,True
CONV-02720,email,Quick question: I think I was charged more than once for a single checkout. I noticed this while reviewing my recent activity. Thanks.,en,True
CONV-02721,email,"Hi, I see two charges for the same purchase. I noticed this while reviewing my recent activity. Any guidance would be helpful.",en,True
CONV-02722,web_form,Could you help me? Has the courier scanned ORD-104792 yet? I placed the order earlier today. Thanks.,en,True
CONV-02723,chat,Could you help me? Please help me arrange a return. I noticed this while reviewing my recent activity. I’d like to resolve this today.,en,True
CONV-02724,chat,Could you help me? I no longer want this order. Is cancellation still possible? I’m trying to sort this out before the end of the day. I'd appreciate your help.,en,True
CONV-02725,web_form,Please advise: My package contains a different product. I noticed this while reviewing my recent activity. I'd appreciate your help.,en,True
CONV-02726,web_form,I wanted to check whether The item arrived damaged. What should I do? This is my first time dealing with this issue. Thank you.,en,True
CONV-02727,web_form,"Hi, ORD-100340 was due on Monday, but it still hasn't arrived. I placed the order earlier today. I’d like to resolve this today.",en,True
CONV-02728,web_form,Could you help me? My account suddenly won't let me log in. I placed the order earlier today. Any guidance would be helpful.,en,True
CONV-02729,email,Just checking — It looks like I was billed twice for ORD-101601. I placed the order earlier today. Thanks.,en,True
CONV-02730,email,I want to cancel my subscription. This is my first time dealing with this issue. Please let me know.,en,True
CONV-02731,web_form,Could you explain the available options for this product? This is my first time dealing with this issue.,en,True
CONV-02732,web_form,"Hi, ORD-100480 was due on Wednesday, but it still hasn't arrived. I’m trying to sort this out before the end of the day. I'd appreciate your help.",en,True
CONV-02733,mobile_app,I’m contacting support because I can't sign in to my account. I haven't changed anything on my account.,en,True
CONV-02734,mobile_app,I need some help. The discount isn't being applied even though I entered the code. This is my first time dealing with this issue. Please let me know.,en,True
CONV-02735,chat,I need some help. Can I change the shipping address for ORD-103540? This is my first time dealing with this issue. Thank you.,en,True
CONV-02736,web_form,"Hello, Does this product come with the accessories shown?",en,True
CONV-02737,web_form,Can you send me through the password recovery process? I haven't changed anything on my account. Thank you.,en,True
CONV-02738,chat,Could you help me? I want to cancel my subscription. I noticed this while reviewing my recent activity. I’d like to resolve this today.,en,True
CONV-02739,chat,Could you help me? I no longer want this order. Is cancellation still possible? I noticed this while reviewing my recent activity. I’d like to resolve this today.,en,True
CONV-02740,mobile_app,I’m contacting support because Where should I enter my promo code? This is my first time dealing with this issue. Please let me know.,en,True
CONV-02741,mobile_app,I wanted to check whether The delivered item doesn't match my order. This is my first time dealing with this issue. Thank you.,en,True
CONV-02742,mobile_app,"Hello, I'm locked out of my account and need access. This is my first time dealing with this issue. Can you check?",en,True
CONV-02743,email,I want to cancel my subscription. This is my first time dealing with this issue. Thank you.,en,True
CONV-02744,chat,I need some help. Can you explain the latest recurring charge?,en,True
CONV-02745,email,Just checking — What exactly is included with this item? I noticed this while reviewing my recent activity. Thanks.,en,True
CONV-02746,mobile_app,"Hi, How do I change the address attached to my order? I noticed this while reviewing my recent activity. I'd appreciate your help.",en,True
CONV-02747,email,"I wanted to check whether I have tried several times, but the transaction won't go through. I haven't changed anything on my account.",en,True
CONV-02748,email,Quick question: I need to create a new password because I can't remember mine. I placed the order earlier today. I’d like to resolve this today.,en,True
CONV-02749,email,"Hi, I need the specifications before I decide whether to buy it. I’m trying to sort this out before the end of the day. Thanks.",en,True
CONV-02750,web_form,I need some help. I can't recall my password and need to change it. I haven't changed anything on my account. Thank you.,en,True
CONV-02751,email,Please advise: Does this product come with the accessories shown? I noticed this while reviewing my recent activity. Thanks.,en,True
CONV-02752,email,"Hello, My parcel is 2 days late. Can you investigate?",en,True
CONV-02753,mobile_app,I wanted to check whether Please stop my recurring membership. This is my first time dealing with this issue. Can you check?,en,True
CONV-02754,mobile_app,Please advise: Does this product come with the accessories shown? I noticed this while reviewing my recent activity. I’d like to resolve this today.,en,True
CONV-02755,web_form,I’m contacting support because My multi-item order is incomplete. I haven't changed anything on my account. Can you check?,en,True
CONV-02756,web_form,I wanted to check whether Can you tell me more about this product's features?,en,True
CONV-02757,email,I need some help. Why does the payment fail whenever I try to complete the order?,en,True
CONV-02758,chat,What is the estimated delivery date for my package? I haven't changed anything on my account. Thank you.,en,True
CONV-02759,web_form,I need some help. There is visible damage on the item I received. I haven't changed anything on my account. Please let me know.,en,True
CONV-02760,chat,I wanted to check whether Can you give me an ETA for this shipment? I haven't changed anything on my account. Thank you.,en,True
CONV-02761,web_form,Please advise: I'm locked out of my account and need access. I placed the order earlier today. Any guidance would be helpful.,en,True
CONV-02762,mobile_app,I wanted to check whether The delivered item doesn't match my order. Thank you.,en,True
CONV-02763,email,Could you help me? One product from my order is missing. I placed the order earlier today. Any guidance would be helpful.,en,True
CONV-02764,mobile_app,"Hi, Why was my subscription charged this month? I placed the order earlier today. Thanks.",en,True
CONV-02765,web_form,Please update the destination before the order ships. I haven't changed anything on my account. Can you check?,en,True
CONV-02766,email,I need some help. There are changes in my profile that I didn't make. This is my first time dealing with this issue. Can you check?,en,True
CONV-02767,chat,Can you send me through the password recovery process? Can you check?,en,True
CONV-02768,email,"Hello, Could you help me end my recurring plan? I haven't changed anything on my account. Thank you.",en,True
CONV-02769,chat,One product from my order is missing. This is my first time dealing with this issue. Please let me know.,en,True
CONV-02770,mobile_app,My payment is being declined at checkout. Thank you.,en,True
CONV-02771,mobile_app,My account suddenly won't let me log in.,en,True
CONV-02772,mobile_app,Could you help me? I’m checking on ORD-100115. Could you tell me its current status? I’m trying to sort this out before the end of the day. Any guidance would be helpful.,en,True
CONV-02773,mobile_app,I no longer want this order. Is cancellation still possible? I haven't changed anything on my account.,en,True
CONV-02774,chat,Please advise: I can't finish the purchase because the payment isn't accepted. I placed the order earlier today. Thanks.,en,True
CONV-02775,mobile_app,"Hello, My package contains a different product. I haven't changed anything on my account. Please let me know.",en,True
CONV-02776,chat,Could you tell me the current status of my refund? Can you check?,en,True
CONV-02777,email,"Quick question: The box arrived, but cable wasn't inside. I’m trying to sort this out before the end of the day. Thanks.",en,True
CONV-02778,chat,I’m contacting support because Why was my subscription charged this month? Can you check?,en,True
CONV-02779,email,Please advise: Does this product come with the accessories shown? I’m trying to sort this out before the end of the day. Thanks.,en,True
CONV-02780,email,"Quick question: The item was returned, but I haven't received the refund. I placed the order earlier today. I'd appreciate your help.",en,True
CONV-02781,web_form,Just checking — I don't want the subscription to continue after this billing period. I placed the order earlier today. Any guidance would be helpful.,en,True
CONV-02782,email,"Hi, Can you see what stage ORD-100057 is at right now? I noticed this while reviewing my recent activity. I’d like to resolve this today.",en,True
CONV-02783,chat,I wanted to check whether I have a question about the charge on my recurring plan. I haven't changed anything on my account.,en,True
CONV-02784,web_form,"Hi, Where should I enter my promo code? I noticed this while reviewing my recent activity. I'd appreciate your help.",en,True
CONV-02785,mobile_app,I need some help. Where is ORD-104945 right now? This is my first time dealing with this issue.,en,True
CONV-02786,mobile_app,"Hi, I see two charges for the same purchase. I’m trying to sort this out before the end of the day. I'd appreciate your help.",en,True
CONV-02787,chat,I’m contacting support because I opened the package and found the product broken. This is my first time dealing with this issue. Can you check?,en,True
CONV-02788,email,Quick question: I need to redirect this package to another address. I noticed this while reviewing my recent activity. Thanks.,en,True
CONV-02789,email,I need some help. The item I received isn't the one I ordered.,en,True
CONV-02790,chat,"Hello, I received the package, but one of the products is absent. Please let me know.",en,True
CONV-02791,web_form,I’m contacting support because Where can I request a password reset? This is my first time dealing with this issue. Thank you.,en,True
CONV-02792,web_form,I wanted to check whether I have a question about the charge on my recurring plan. Thank you.,en,True
CONV-02793,mobile_app,Just checking — Can I change the shipping address for ORD-103655? I noticed this while reviewing my recent activity. I'd appreciate your help.,en,True
CONV-02794,mobile_app,Quick question: Can you give me an ETA for this shipment? I’m trying to sort this out before the end of the day. I'd appreciate your help.,en,True
CONV-02795,web_form,Please advise: My discount code isn't working. I’m trying to sort this out before the end of the day. I'd appreciate your help.,en,True
CONV-02796,email,"Quick question: The item was returned, but I haven't received the refund. I placed the order earlier today. I’d like to resolve this today.",en,True
CONV-02797,email,I’m contacting support because Could you tell me the current location or transit stage of my parcel? I haven't changed anything on my account. Please let me know.,en,True
CONV-02798,web_form,"Quick question: I have tried several times, but the transaction won't go through. I’m trying to sort this out before the end of the day. I’d like to resolve this today.",en,True
CONV-02799,mobile_app,I wanted to check whether I want to track the package that was just dispatched.,en,True
CONV-02800,chat,I’m contacting support because Can you see what stage ORD-100072 is at right now?,en,True
CONV-02801,chat,Quick question: Please stop ORD-101922 before it is dispatched. I noticed this while reviewing my recent activity. I'd appreciate your help.,en,True
CONV-02802,email,"Hi, Where can I request a password reset? I placed the order earlier today. I’d like to resolve this today.",en,True
CONV-02803,web_form,Just checking — Can you help me cancel my recent order? I’m trying to sort this out before the end of the day. Thanks.,en,True
CONV-02804,mobile_app,"Hi, Roughly how long will delivery take? I’m trying to sort this out before the end of the day. I’d like to resolve this today.",en,True
CONV-02805,chat,"Hi, Where should I enter my promo code? I noticed this while reviewing my recent activity. Any guidance would be helpful.",en,True
CONV-02806,email,Just checking — Has the refund for ORD-101005 been issued yet? I’m trying to sort this out before the end of the day. I’d like to resolve this today.,en,True
CONV-02807,chat,I need some help. Part of ORD-102668 was not included in the delivery. This is my first time dealing with this issue. Please let me know.,en,True
CONV-02808,web_form,I need some help. Has the refund for ORD-101190 been issued yet? Thank you.,en,True
CONV-02809,mobile_app,"Hi, I need the specifications before I decide whether to buy it. I placed the order earlier today. I’d like to resolve this today.",en,True
CONV-02810,email,"Quick question: The box arrived, but mug wasn't inside. I’m trying to sort this out before the end of the day. Any guidance would be helpful.",en,True
CONV-02811,email,Just checking — Has the refund for ORD-101125 been issued yet? I’m trying to sort this out before the end of the day. I’d like to resolve this today.,en,True
CONV-02812,email,Please advise: I'm still waiting for the money from my return. Can you check? I noticed this while reviewing my recent activity. I'd appreciate your help.,en,True
CONV-02813,web_form,I’m contacting support because I need the specifications before I decide whether to buy it. I haven't changed anything on my account.,en,True
CONV-02814,web_form,I’m contacting support because Why was my subscription charged this month? Thank you.,en,True
CONV-02815,chat,Just checking — There are changes in my profile that I didn't make. I placed the order earlier today. Any guidance would be helpful.,en,True
CONV-02816,chat,Please advise: What steps do I need to follow to return this product? I placed the order earlier today. I'd appreciate your help.,en,True
CONV-02817,chat,"Hi, I think someone may have accessed my account. I noticed this while reviewing my recent activity. Any guidance would be helpful.",en,True
CONV-02818,chat,"Hello, I received the package, but one of the products is absent. Please let me know.",en,True
CONV-02819,email,Please advise: Why are there duplicate transactions for one order? I placed the order earlier today. Thanks.,en,True
CONV-02820,chat,Just checking — Where is ORD-104790 right now? I noticed this while reviewing my recent activity. I'd appreciate your help.,en,True
CONV-02821,chat,Could you help me? I no longer want this order. Is cancellation still possible? I noticed this while reviewing my recent activity. I'd appreciate your help.,en,True
CONV-02822,web_form,Just checking — There are changes in my profile that I didn't make. I placed the order earlier today. I'd appreciate your help.,en,True
CONV-02823,mobile_app,I’m contacting support because Could you tell me the current location or transit stage of my parcel? I haven't changed anything on my account. Can you check?,en,True
CONV-02824,chat,"Hello, I entered the wrong delivery address. Can it be corrected? I haven't changed anything on my account. Please let me know.",en,True
CONV-02825,web_form,"Hi, ORD-100440 was due on Friday, but it still hasn't arrived. I noticed this while reviewing my recent activity. I'd appreciate your help.",en,True
CONV-02826,email,"Hello, Can you show me the latest tracking update for my shipment? This is my first time dealing with this issue. Please let me know.",en,True
CONV-02827,chat,I need some help. Has the refund for ORD-101100 been issued yet?,en,True
CONV-02828,web_form,I’m contacting support because Why was my subscription charged this month? Thank you.,en,True
CONV-02829,web_form,I’m contacting support because Where can I request a password reset? I haven't changed anything on my account. Please let me know.,en,True
CONV-02830,email,Just checking — I’m planning around the delivery. When is it expected? I noticed this while reviewing my recent activity. Any guidance would be helpful.,en,True
CONV-02831,web_form,I need some help. It looks like I was billed twice for ORD-101546. I haven't changed anything on my account.,en,True
CONV-02832,web_form,Please advise: Can you show me the latest tracking update for my shipment? I placed the order earlier today. Any guidance would be helpful.,en,True
CONV-02833,chat,I need some help. Can I change the shipping address for ORD-103560? I haven't changed anything on my account. Please let me know.,en,True
CONV-02834,chat,Quick question: Please stop my recurring membership. I’m trying to sort this out before the end of the day. I’d like to resolve this today.,en,True
CONV-02835,email,Please advise: I entered the wrong delivery address. Can it be corrected? I placed the order earlier today. Any guidance would be helpful.,en,True
CONV-02836,web_form,"Hello, When should ORD-100630 arrive? This is my first time dealing with this issue.",en,True
CONV-02837,chat,I wanted to check whether Can you give me an ETA for this shipment? This is my first time dealing with this issue. Thank you.,en,True
CONV-02838,email,"Hi, When should the refund appear in my account? I placed the order earlier today. I'd appreciate your help.",en,True
CONV-02839,chat,Please advise: My parcel is 5 days late. Can you investigate? I noticed this while reviewing my recent activity. Thanks.,en,True
CONV-02840,chat,I wanted to check whether I think I was charged more than once for a single checkout. Please let me know.,en,True
CONV-02841,web_form,I need some help. I can't recall my password and need to change it. This is my first time dealing with this issue. Please let me know.,en,True
CONV-02842,mobile_app,Just checking — What exactly is included with this item? I’m trying to sort this out before the end of the day. I'd appreciate your help.,en,True
CONV-02843,web_form,I’m contacting support because Where can I request a password reset? This is my first time dealing with this issue. Thank you.,en,True
CONV-02844,chat,"Hi, Checkout keeps rejecting my payment. I noticed this while reviewing my recent activity. Thanks.",en,True
CONV-02845,mobile_app,"Hello, Could you help me end my recurring plan? This is my first time dealing with this issue. Can you check?",en,True
CONV-02846,email,Please advise: I entered the wrong delivery address. Can it be corrected? I placed the order earlier today. Any guidance would be helpful.,en,True
CONV-02847,web_form,I need some help. Part of ORD-102578 was not included in the delivery. This is my first time dealing with this issue. Can you check?,en,True
CONV-02848,mobile_app,I wanted to check whether Please stop my recurring membership. Can you check?,en,True
CONV-02849,email,Please advise: Would you mind checking the latest status of ORD-100049? I’m trying to sort this out before the end of the day. I’d like to resolve this today.,en,True
CONV-02850,mobile_app,I need some help. The discount isn't being applied even though I entered the code. I haven't changed anything on my account. Please let me know.,en,True
CONV-02851,web_form,Could you help me? Something about my account activity looks suspicious. I noticed this while reviewing my recent activity. I’d like to resolve this today.,en,True
CONV-02852,chat,Please advise: What steps do I need to follow to return this product? I noticed this while reviewing my recent activity. I’d like to resolve this today.,en,True
CONV-02853,chat,Could you tell me the current status of my refund? This is my first time dealing with this issue. Can you check?,en,True
CONV-02854,mobile_app,Just checking — I’m planning around the delivery. When is it expected? I’m trying to sort this out before the end of the day. I’d like to resolve this today.,en,True
CONV-02855,email,Could you help me? Please update the destination before the order ships. I placed the order earlier today. Any guidance would be helpful.,en,True
CONV-02856,mobile_app,"Quick question: The box arrived, but headphones wasn't inside. I’m trying to sort this out before the end of the day. I’d like to resolve this today.",en,True
CONV-02857,mobile_app,I wanted to check whether I want to track the package that was just dispatched. This is my first time dealing with this issue.,en,True
CONV-02858,chat,I’m contacting support because I see two charges for the same purchase. I haven't changed anything on my account. Thank you.,en,True
CONV-02859,chat,I need some help. It looks like I was billed twice for ORD-101656. Please let me know.,en,True
CONV-02860,mobile_app,I need some help. The item I received isn't the one I ordered. I haven't changed anything on my account. Please let me know.,en,True
CONV-02861,chat,I’m contacting support because How do I change the address attached to my order? I haven't changed anything on my account. Thank you.,en,True
CONV-02862,email,Quick question: I have a question about the charge on my recurring plan. I noticed this while reviewing my recent activity. I'd appreciate your help.,en,True
CONV-02863,chat,"Hi, Could you tell me the current location or transit stage of my parcel? I’m trying to sort this out before the end of the day. I'd appreciate your help.",en,True
CONV-02864,mobile_app,Something about my account activity looks suspicious. I haven't changed anything on my account. Please let me know.,en,True
CONV-02865,web_form,Could you help me? Why is the coupon being rejected at checkout? I placed the order earlier today. I’d like to resolve this today.,en,True
CONV-02866,mobile_app,I wanted to check whether I noticed a login I don't recognize. Thank you.,en,True
CONV-02867,email,"Hello, Can you show me the latest tracking update for my shipment? Please let me know.",en,True
CONV-02868,web_form,I need some help. Can you explain the latest recurring charge? This is my first time dealing with this issue. Please let me know.,en,True
CONV-02869,web_form,"I wanted to check whether The box arrived, but case wasn't inside.",en,True
CONV-02870,mobile_app,My payment is being declined at checkout. I haven't changed anything on my account. Thank you.,en,True
CONV-02871,email,I want to cancel my subscription. I haven't changed anything on my account. Please let me know.,en,True
CONV-02872,email,"Hello, I can't finish the purchase because the payment isn't accepted.",en,True
CONV-02873,mobile_app,Just checking — Has the refund for ORD-101195 been issued yet? I placed the order earlier today. Thanks.,en,True
CONV-02874,web_form,Just checking — Why does the payment fail whenever I try to complete the order? I noticed this while reviewing my recent activity. I’d like to resolve this today.,en,True
CONV-02875,web_form,Please advise: Could you help me end my recurring plan? I placed the order earlier today. Any guidance would be helpful.,en,True
CONV-02876,chat,"Hi, I'd like to withdraw this purchase if it hasn't shipped. I placed the order earlier today. I’d like to resolve this today.",en,True
CONV-02877,email,My payment is being declined at checkout. I haven't changed anything on my account. Can you check?,en,True
CONV-02878,mobile_app,I need some help. Where is ORD-104965 right now? I haven't changed anything on my account. Can you check?,en,True
CONV-02879,mobile_app,Could you help me? I’m checking on ORD-100035. Could you tell me its current status? I placed the order earlier today. Any guidance would be helpful.,en,True
CONV-02880,email,Please advise: I entered the wrong delivery address. Can it be corrected? I noticed this while reviewing my recent activity. Any guidance would be helpful.,en,True
CONV-02881,mobile_app,I need some help. The item I received isn't the one I ordered. This is my first time dealing with this issue. Please let me know.,en,True
CONV-02882,web_form,"Hello, Does this product come with the accessories shown? I haven't changed anything on my account.",en,True
CONV-02883,email,I’m contacting support because Something different was packed instead of what I purchased. I haven't changed anything on my account. Can you check?,en,True
CONV-02884,web_form,I’m contacting support because I opened the package and found the product broken. Please let me know.,en,True
CONV-02885,email,I’m contacting support because How can I prevent the plan from renewing? This is my first time dealing with this issue. Thank you.,en,True
CONV-02886,chat,"Quick question: I have tried several times, but the transaction won't go through. I’m trying to sort this out before the end of the day. Thanks.",en,True
CONV-02887,mobile_app,I wanted to check whether The promised delivery window is over for ORD-100349. This is my first time dealing with this issue. Thank you.,en,True
CONV-02888,email,Just checking — There is visible damage on the item I received. I noticed this while reviewing my recent activity. I’d like to resolve this today.,en,True
CONV-02889,mobile_app,"Quick question: The box arrived, but notebook wasn't inside. I’m trying to sort this out before the end of the day. I'd appreciate your help.",en,True
CONV-02890,chat,I wanted to check whether Can you tell me more about this product's features? Thank you.,en,True
CONV-02891,email,I’m contacting support because How can I prevent the plan from renewing? I haven't changed anything on my account. Thank you.,en,True
CONV-02892,email,Just checking — It looks like I was billed twice for ORD-101681. I’m trying to sort this out before the end of the day. Thanks.,en,True
CONV-02893,chat,"Hi, Could you tell me the current location or transit stage of my parcel? I placed the order earlier today. I’d like to resolve this today.",en,True
CONV-02894,email,I need some help. Why does the payment fail whenever I try to complete the order? This is my first time dealing with this issue. Can you check?,en,True
CONV-02895,mobile_app,"Hi, Where can I request a password reset? I noticed this while reviewing my recent activity. Thanks.",en,True
CONV-02896,mobile_app,Just checking — It looks like I was billed twice for ORD-101671. I noticed this while reviewing my recent activity. I'd appreciate your help.,en,True
CONV-02897,web_form,Quick question: Please stop my recurring membership. I placed the order earlier today. Thanks.,en,True
CONV-02898,mobile_app,"Hi, When should the refund appear in my account? I’m trying to sort this out before the end of the day. Thanks.",en,True
CONV-02899,chat,Could you help me? My account suddenly won't let me log in. I’m trying to sort this out before the end of the day. I'd appreciate your help.,en,True
CONV-02900,chat,"Hello, Why are there duplicate transactions for one order? Thank you.",en,True
CONV-02901,web_form,Quick question: Please stop my recurring membership. I placed the order earlier today. Thanks.,en,True
CONV-02902,web_form,Please advise: My parcel is 3 days late. Can you investigate? I’m trying to sort this out before the end of the day. I’d like to resolve this today.,en,True
CONV-02903,web_form,I need some help. Can I change the shipping address for ORD-103610?,en,True
CONV-02904,web_form,Could you help me? I no longer want this order. Is cancellation still possible? I noticed this while reviewing my recent activity. Thanks.,en,True
CONV-02905,mobile_app,I’m contacting support because Checkout keeps rejecting my payment. Please let me know.,en,True
CONV-02906,mobile_app,"Hello, Can you cancel ORD-101825 for me? This is my first time dealing with this issue. Can you check?",en,True
CONV-02907,chat,"Hi, Could you explain the return process for this purchase? I noticed this while reviewing my recent activity. I’d like to resolve this today.",en,True
CONV-02908,mobile_app,I wanted to check whether The promised delivery window is over for ORD-100469. This is my first time dealing with this issue. Thank you.,en,True
CONV-02909,chat,I’m checking on ORD-100140. Could you tell me its current status? This is my first time dealing with this issue. Can you check?,en,True
CONV-02910,web_form,Please advise: What steps do I need to follow to return this product? I placed the order earlier today. Any guidance would be helpful.,en,True
CONV-02911,email,"I expected this shipment already, but it hasn't turned up.",en,True
CONV-02912,web_form,I’m checking on ORD-100050. Could you tell me its current status? This is my first time dealing with this issue. Thank you.,en,True
CONV-02913,web_form,I need some help. I’m planning around the delivery. When is it expected? This is my first time dealing with this issue. Can you check?,en,True
CONV-02914,mobile_app,I’m contacting support because Could you tell me the current location or transit stage of my parcel?,en,True
CONV-02915,web_form,"Hi, I can't sign in to my account. I’m trying to sort this out before the end of the day. Thanks.",en,True
CONV-02916,chat,Please advise: My package contains a different product. I’m trying to sort this out before the end of the day. Any guidance would be helpful.,en,True
CONV-02917,mobile_app,I wanted to check whether I want to track the package that was just dispatched. This is my first time dealing with this issue. Can you check?,en,True
CONV-02918,email,I need some help. The discount isn't being applied even though I entered the code. This is my first time dealing with this issue.,en,True
CONV-02919,chat,I’m contacting support because I need the specifications before I decide whether to buy it. Please let me know.,en,True
CONV-02920,mobile_app,Please advise: I forgot my password. How can I reset it? I noticed this while reviewing my recent activity. Any guidance would be helpful.,en,True
CONV-02921,web_form,"I wanted to check whether The box arrived, but shirt wasn't inside. Can you check?",en,True
CONV-02922,chat,Just checking — The delivery date for ORD-100406 has passed and I'm still waiting. I placed the order earlier today. Any guidance would be helpful.,en,True
CONV-02923,chat,I’m contacting support because How do I change the address attached to my order? Thank you.,en,True
CONV-02924,chat,I’m contacting support because When should the refund appear in my account?,en,True
CONV-02925,email,I’m contacting support because How can I prevent the plan from renewing? I haven't changed anything on my account. Please let me know.,en,True
CONV-02926,chat,Quick question: I want to return ORD-100890. How do I start? I placed the order earlier today. I’d like to resolve this today.,en,True
CONV-02927,email,"Hello, My package contains a different product. This is my first time dealing with this issue.",en,True
CONV-02928,email,Could you help me? One product from my order is missing. I placed the order earlier today. Any guidance would be helpful.,en,True
CONV-02929,mobile_app,I wanted to check whether I want to track the package that was just dispatched. I haven't changed anything on my account.,en,True
CONV-02930,chat,Just checking — The item I received isn't the one I ordered. I placed the order earlier today. Any guidance would be helpful.,en,True
CONV-02931,web_form,Could you help me? I want to cancel my subscription. I’m trying to sort this out before the end of the day. Thanks.,en,True
CONV-02932,web_form,I’m contacting support because Can you see what stage ORD-100042 is at right now? Thank you.,en,True
CONV-02933,chat,"Hi, I can't sign in to my account. I noticed this while reviewing my recent activity. I'd appreciate your help.",en,True
CONV-02934,mobile_app,I want to cancel my subscription. This is my first time dealing with this issue.,en,True
CONV-02935,email,"I expected this shipment already, but it hasn't turned up. I haven't changed anything on my account. Can you check?",en,True
CONV-02936,email,Please advise: Does this product come with the accessories shown? I’m trying to sort this out before the end of the day. Any guidance would be helpful.,en,True
CONV-02937,mobile_app,Could you help me? Please update the destination before the order ships. I placed the order earlier today. I’d like to resolve this today.,en,True
CONV-02938,chat,I need some help. I’m planning around the delivery. When is it expected? Thank you.,en,True
CONV-02939,email,Could you help me? Could you tell me the current status of my refund? I placed the order earlier today. I'd appreciate your help.,en,True
CONV-02940,chat,"I wanted to check whether The box arrived, but charger wasn't inside. I haven't changed anything on my account. Please let me know.",en,True
CONV-02941,email,I wanted to check whether Please stop ORD-101947 before it is dispatched. I haven't changed anything on my account. Please let me know.,en,True
CONV-02942,email,"Quick question: The box arrived, but cable wasn't inside. I noticed this while reviewing my recent activity. Thanks.",en,True
CONV-02943,mobile_app,I need some help. Why does the payment fail whenever I try to complete the order? This is my first time dealing with this issue. Thank you.,en,True
CONV-02944,email,"Hello, I received a security alert for an unfamiliar sign-in. I haven't changed anything on my account. Can you check?",en,True
CONV-02945,chat,I need some help. Can I change the shipping address for ORD-103520? Please let me know.,en,True
CONV-02946,chat,I need some help. There is visible damage on the item I received. I haven't changed anything on my account. Can you check?,en,True
CONV-02947,web_form,"Hello, I'm still waiting for the money from my return. Can you check? I haven't changed anything on my account. Please let me know.",en,True
CONV-02948,mobile_app,I’m contacting support because Could you explain the return process for this purchase? I haven't changed anything on my account.,en,True
CONV-02949,mobile_app,I wanted to check whether I keep getting rejected when I try to sign in. This is my first time dealing with this issue.,en,True
CONV-02950,web_form,I need some help. I can't recall my password and need to change it. This is my first time dealing with this issue. Thank you.,en,True
CONV-02951,email,"Could you help me? My delivery arrived, but the item inside is damaged. I’m trying to sort this out before the end of the day. I’d like to resolve this today.",en,True
CONV-02952,email,"Could you help me? My delivery arrived, but the item inside is damaged. I noticed this while reviewing my recent activity. I'd appreciate your help.",en,True
CONV-02953,email,"Hello, I received a security alert for an unfamiliar sign-in. Can you check?",en,True
CONV-02954,chat,Quick question: The delivered item doesn't match my order. I’m trying to sort this out before the end of the day. Thanks.,en,True
CONV-02955,web_form,Just checking — I don't want the subscription to continue after this billing period. I noticed this while reviewing my recent activity. Any guidance would be helpful.,en,True
CONV-02956,web_form,Quick question: The promised delivery window is over for ORD-100304. I placed the order earlier today. I'd appreciate your help.,en,True
CONV-02957,web_form,Could you help me? My payment is being declined at checkout. I placed the order earlier today. I’d like to resolve this today.,en,True
CONV-02958,web_form,"Quick question: I have tried several times, but the transaction won't go through. I’m trying to sort this out before the end of the day. I’d like to resolve this today.",en,True
CONV-02959,chat,I’m contacting support because My multi-item order is incomplete. I haven't changed anything on my account. Please let me know.,en,True
CONV-02960,email,I’m contacting support because I can't sign in to my account. Thank you.,en,True
CONV-02961,web_form,"Hi, Could you explain the return process for this purchase? I’m trying to sort this out before the end of the day. Any guidance would be helpful.",en,True
CONV-02962,web_form,"Hello, I don't recognize the amount billed for my membership. I haven't changed anything on my account. Please let me know.",en,True
CONV-02963,email,Please advise: I entered the wrong delivery address. Can it be corrected? I noticed this while reviewing my recent activity. Thanks.,en,True
CONV-02964,web_form,Please advise: I'm locked out of my account and need access. I placed the order earlier today. Any guidance would be helpful.,en,True
CONV-02965,chat,I wanted to check whether I think I was charged more than once for a single checkout. I haven't changed anything on my account. Please let me know.,en,True
CONV-02966,mobile_app,I’m contacting support because How can I prevent the plan from renewing?,en,True
CONV-02967,mobile_app,I’m contacting support because Could you explain the return process for this purchase? This is my first time dealing with this issue. Can you check?,en,True
CONV-02968,web_form,Please advise: Could you help me end my recurring plan? I’m trying to sort this out before the end of the day. Thanks.,en,True
CONV-02969,chat,Please advise: I can't finish the purchase because the payment isn't accepted. I noticed this while reviewing my recent activity. Any guidance would be helpful.,en,True
CONV-02970,mobile_app,I wanted to check whether The promotional code says it is invalid. This is my first time dealing with this issue. Please let me know.,en,True
CONV-02971,chat,Quick question: I want to return ORD-100850. How do I start? I’m trying to sort this out before the end of the day. I’d like to resolve this today.,en,True
CONV-02972,chat,I need some help. Has the refund for ORD-101000 been issued yet? This is my first time dealing with this issue. Can you check?,en,True
CONV-02973,mobile_app,I need some help. There are changes in my profile that I didn't make. Thank you.,en,True
CONV-02974,web_form,I need some help. I placed ORD-100018 recently. What is happening with it? Thank you.,en,True
CONV-02975,email,Please advise: Why are there duplicate transactions for one order? I placed the order earlier today. Any guidance would be helpful.,en,True
CONV-02976,mobile_app,Please advise: Why are there duplicate transactions for one order? I placed the order earlier today. I’d like to resolve this today.,en,True
CONV-02977,mobile_app,"I expected this shipment already, but it hasn't turned up. This is my first time dealing with this issue. Thank you.",en,True
CONV-02978,email,I’m contacting support because Checkout keeps rejecting my payment. This is my first time dealing with this issue. Can you check?,en,True
CONV-02979,mobile_app,Could you help me? Please update the destination before the order ships. I noticed this while reviewing my recent activity. I'd appreciate your help.,en,True
CONV-02980,mobile_app,I need some help. Where is ORD-104825 right now? This is my first time dealing with this issue.,en,True
CONV-02981,web_form,I’m contacting support because How do I change the address attached to my order? I haven't changed anything on my account. Can you check?,en,True
CONV-02982,mobile_app,I’m contacting support because I think someone may have accessed my account. This is my first time dealing with this issue. Thank you.,en,True
CONV-02983,mobile_app,Quick question: Can you give me an ETA for this shipment? I placed the order earlier today. I’d like to resolve this today.,en,True
CONV-02984,mobile_app,Please advise: I entered the wrong delivery address. Can it be corrected? I’m trying to sort this out before the end of the day. I’d like to resolve this today.,en,True
CONV-02985,chat,The same purchase appears twice on my card statement. Please let me know.,en,True
CONV-02986,chat,I wanted to check whether I have a question about the charge on my recurring plan. This is my first time dealing with this issue. Can you check?,en,True
CONV-02987,chat,Just checking — There are changes in my profile that I didn't make. I’m trying to sort this out before the end of the day. Any guidance would be helpful.,en,True
CONV-02988,email,"Hi, When should the refund appear in my account? I placed the order earlier today. I'd appreciate your help.",en,True
CONV-02989,web_form,Quick question: The delivered item doesn't match my order. I placed the order earlier today. I'd appreciate your help.,en,True
CONV-02990,chat,Could you tell me the current status of my refund? I haven't changed anything on my account.,en,True
CONV-02991,email,I’m contacting support because Checkout keeps rejecting my payment.,en,True
CONV-02992,email,Please advise: Why are there duplicate transactions for one order? I noticed this while reviewing my recent activity. Any guidance would be helpful.,en,True
CONV-02993,email,I need some help. Can you help me cancel my recent order? This is my first time dealing with this issue. Thank you.,en,True
CONV-02994,chat,Could you help me? My payment is being declined at checkout. I’m trying to sort this out before the end of the day. Thanks.,en,True
CONV-02995,chat,Please advise: I received a security alert for an unfamiliar sign-in. I’m trying to sort this out before the end of the day. Any guidance would be helpful.,en,True
CONV-02996,email,I wanted to check whether Please stop ORD-101987 before it is dispatched. This is my first time dealing with this issue. Please let me know.,en,True
CONV-02997,chat,I wanted to check whether I need to redirect this package to another address. This is my first time dealing with this issue. Please let me know.,en,True
CONV-02998,web_form,Quick question: The promised delivery window is over for ORD-100344. I noticed this while reviewing my recent activity. I'd appreciate your help.,en,True
CONV-02999,chat,Quick question: The promotional code says it is invalid. I placed the order earlier today. Thanks.,en,True
CONV-03000,chat,"Hi, Could you explain the return process for this purchase? I placed the order earlier today. I’d like to resolve this today.",en,True
CONV-03001,chat,Could you explain the available options for this product? This is my first time dealing with this issue. Thank you.,en,True
CONV-03002,email,I’m contacting support because How can I prevent the plan from renewing? Thank you.,en,True
CONV-03003,mobile_app,Please advise: Does this product come with the accessories shown? I placed the order earlier today. I'd appreciate your help.,en,True
CONV-03004,web_form,"Hello, I don't recognize the amount billed for my membership. I haven't changed anything on my account. Thank you.",en,True
CONV-03005,mobile_app,Could you help me? Can you send me through the password recovery process? I’m trying to sort this out before the end of the day. Thanks.,en,True
CONV-03006,mobile_app,I wanted to check whether Please stop my recurring membership. I haven't changed anything on my account. Can you check?,en,True
CONV-03007,web_form,Could you tell me the current status of my refund? Thank you.,en,True
CONV-03008,chat,Quick question: The delivered item doesn't match my order. I noticed this while reviewing my recent activity. Any guidance would be helpful.,en,True
CONV-03009,web_form,"I wanted to check whether The item was returned, but I haven't received the refund. This is my first time dealing with this issue. Thank you.",en,True
CONV-03010,email,Could you help me? I’m checking on ORD-100085. Could you tell me its current status? I’m trying to sort this out before the end of the day. I'd appreciate your help.,en,True
CONV-03011,web_form,The same purchase appears twice on my card statement. Can you check?,en,True
CONV-03012,chat,What is the estimated delivery date for my package? This is my first time dealing with this issue. Please let me know.,en,True
CONV-03013,mobile_app,"I wanted to check whether I have tried several times, but the transaction won't go through. Please let me know.",en,True
CONV-03014,chat,"I wanted to check whether The box arrived, but charger wasn't inside. This is my first time dealing with this issue. Please let me know.",en,True
CONV-03015,chat,I need some help. I can't recall my password and need to change it.,en,True
CONV-03016,web_form,I’m contacting support because When should the refund appear in my account? I haven't changed anything on my account. Thank you.,en,True
CONV-03017,chat,I need some help. I placed ORD-100128 recently. What is happening with it? This is my first time dealing with this issue.,en,True
CONV-03018,web_form,Please advise: I can't finish the purchase because the payment isn't accepted. I’m trying to sort this out before the end of the day. I'd appreciate your help.,en,True
CONV-03019,mobile_app,Quick question: I need to redirect this package to another address. I’m trying to sort this out before the end of the day. I'd appreciate your help.,en,True
CONV-03020,chat,Just checking — Where is ORD-104970 right now? I noticed this while reviewing my recent activity. I’d like to resolve this today.,en,True
CONV-03021,email,I’m contacting support because Could you explain the return process for this purchase? Thank you.,en,True
CONV-03022,mobile_app,My account suddenly won't let me log in. This is my first time dealing with this issue.,en,True
CONV-03023,web_form,My subscription payment was higher than I expected. Please let me know.,en,True
CONV-03024,email,"Hello, I can't finish the purchase because the payment isn't accepted. This is my first time dealing with this issue.",en,True
CONV-03025,email,"Hello, My parcel is 4 days late. Can you investigate? This is my first time dealing with this issue.",en,True
CONV-03026,email,Just checking — It looks like I was billed twice for ORD-101661. I placed the order earlier today. Any guidance would be helpful.,en,True
CONV-03027,email,"Hello, My package contains a different product. I haven't changed anything on my account. Can you check?",en,True
CONV-03028,chat,Please advise: Could you help me end my recurring plan? I’m trying to sort this out before the end of the day. I’d like to resolve this today.,en,True
CONV-03029,mobile_app,I’m contacting support because Checkout keeps rejecting my payment. This is my first time dealing with this issue. Please let me know.,en,True
CONV-03030,email,I’m contacting support because Where should I enter my promo code? Can you check?,en,True
CONV-03031,chat,"Hi, Something different was packed instead of what I purchased. I placed the order earlier today. Thanks.",en,True
CONV-03032,web_form,I’m contacting support because My multi-item order is incomplete. This is my first time dealing with this issue.,en,True
CONV-03033,web_form,"Hello, I'm still waiting for the money from my return. Can you check? This is my first time dealing with this issue. Thank you.",en,True
CONV-03034,chat,"I wanted to check whether The item was returned, but I haven't received the refund. Can you check?",en,True
CONV-03035,chat,I wanted to check whether Do you have an update on ORD-100216? I want to know where it stands.,en,True
CONV-03036,web_form,Quick question: The promotional code says it is invalid. I’m trying to sort this out before the end of the day. I’d like to resolve this today.,en,True
CONV-03037,web_form,I wanted to check whether I need to create a new password because I can't remember mine. This is my first time dealing with this issue. Thank you.,en,True
CONV-03038,mobile_app,"Hi, When should the refund appear in my account? I’m trying to sort this out before the end of the day. Any guidance would be helpful.",en,True
CONV-03039,mobile_app,I’m contacting support because Something different was packed instead of what I purchased. Please let me know.,en,True
CONV-03040,chat,One product from my order is missing. This is my first time dealing with this issue. Please let me know.,en,True
CONV-03041,email,"I’m contacting support because ORD-100275 was due on Tuesday, but it still hasn't arrived.",en,True
CONV-03042,mobile_app,I wanted to check whether The promised delivery window is over for ORD-100489. I haven't changed anything on my account. Please let me know.,en,True
CONV-03043,mobile_app,Just checking — Has the refund for ORD-101035 been issued yet? I’m trying to sort this out before the end of the day. Thanks.,en,True
CONV-03044,email,"Hi, When should the refund appear in my account? I noticed this while reviewing my recent activity. I’d like to resolve this today.",en,True
CONV-03045,email,Quick question: Can you tell me more about this product's features? I’m trying to sort this out before the end of the day. Any guidance would be helpful.,en,True
CONV-03046,chat,"I wanted to check whether The item was returned, but I haven't received the refund. I haven't changed anything on my account. Can you check?",en,True
CONV-03047,email,Could you help me? Could you explain the available options for this product? I noticed this while reviewing my recent activity. Any guidance would be helpful.,en,True
CONV-03048,web_form,I need some help. Can you explain the latest recurring charge? I haven't changed anything on my account. Thank you.,en,True
CONV-03049,web_form,I wanted to check whether I need to create a new password because I can't remember mine. This is my first time dealing with this issue. Thank you.,en,True
CONV-03050,chat,I’m contacting support because My multi-item order is incomplete. I haven't changed anything on my account. Please let me know.,en,True
CONV-03051,email,Quick question: I have a question about the charge on my recurring plan. I noticed this while reviewing my recent activity. I’d like to resolve this today.,en,True
CONV-03052,web_form,"I wanted to check whether The item was returned, but I haven't received the refund. Please let me know.",en,True
CONV-03053,web_form,I’m contacting support because I opened the package and found the product broken. This is my first time dealing with this issue. Please let me know.,en,True
CONV-03054,web_form,"Hello, Does this product come with the accessories shown? Can you check?",en,True
CONV-03055,mobile_app,I need some help. The delivery date for ORD-100281 has passed and I'm still waiting. Please let me know.,en,True
CONV-03056,email,Just checking — Can I change the shipping address for ORD-103565? I noticed this while reviewing my recent activity. Any guidance would be helpful.,en,True
CONV-03057,web_form,"Quick question: I have tried several times, but the transaction won't go through. I’m trying to sort this out before the end of the day. I'd appreciate your help.",en,True
CONV-03058,chat,Quick question: I want to track the package that was just dispatched. I placed the order earlier today. I’d like to resolve this today.,en,True
CONV-03059,web_form,Please advise: What steps do I need to follow to return this product? I placed the order earlier today. Thanks.,en,True
CONV-03060,web_form,Can you send me through the password recovery process? Thank you.,en,True
CONV-03061,web_form,Could you help me? I want to cancel my subscription. I placed the order earlier today. Any guidance would be helpful.,en,True
CONV-03062,web_form,Can you send me through the password recovery process? I haven't changed anything on my account. Thank you.,en,True
CONV-03063,mobile_app,"Hi, How do I change the address attached to my order? I placed the order earlier today. I'd appreciate your help.",en,True
CONV-03064,mobile_app,Just checking — I’m planning around the delivery. When is it expected? I noticed this while reviewing my recent activity. I'd appreciate your help.,en,True
CONV-03065,chat,"Hi, I think someone may have accessed my account. I placed the order earlier today. Any guidance would be helpful.",en,True
CONV-03066,web_form,"Hello, Why are there duplicate transactions for one order? This is my first time dealing with this issue. Can you check?",en,True
CONV-03067,chat,Could you help me? My payment is being declined at checkout. I noticed this while reviewing my recent activity. Thanks.,en,True
CONV-03068,web_form,I’m contacting support because Why was my subscription charged this month? I haven't changed anything on my account. Thank you.,en,True
CONV-03069,email,I wanted to check whether Please stop ORD-101847 before it is dispatched. Thank you.,en,True
CONV-03070,mobile_app,Quick question: I think I was charged more than once for a single checkout. I’m trying to sort this out before the end of the day. I’d like to resolve this today.,en,True
CONV-03071,mobile_app,"Hi, I see two charges for the same purchase. I placed the order earlier today. I'd appreciate your help.",en,True
CONV-03072,web_form,Could you help me? I was sent the wrong model. I noticed this while reviewing my recent activity. I'd appreciate your help.,en,True
CONV-03073,chat,I need some help. There is visible damage on the item I received. Can you check?,en,True
CONV-03074,chat,I wanted to check whether The item arrived damaged. What should I do? Can you check?,en,True
CONV-03075,web_form,Could you help me? Has the courier scanned ORD-104972 yet? I placed the order earlier today. Any guidance would be helpful.,en,True
CONV-03076,web_form,Could you help me? I no longer want this order. Is cancellation still possible? I’m trying to sort this out before the end of the day. Thanks.,en,True
CONV-03077,email,I’m contacting support because Checkout keeps rejecting my payment. I haven't changed anything on my account. Can you check?,en,True
CONV-03078,mobile_app,Please advise: The product has a crack that wasn't shown in the listing. I’m trying to sort this out before the end of the day. Any guidance would be helpful.,en,True
CONV-03079,email,"Hello, My discount code isn't working. This is my first time dealing with this issue. Can you check?",en,True
CONV-03080,mobile_app,Please advise: When should ORD-100575 arrive? I’m trying to sort this out before the end of the day. I’d like to resolve this today.,en,True
CONV-03081,email,Quick question: I have a question about the charge on my recurring plan. I’m trying to sort this out before the end of the day. I’d like to resolve this today.,en,True
CONV-03082,email,I need some help. The discount isn't being applied even though I entered the code. I haven't changed anything on my account. Can you check?,en,True
CONV-03083,web_form,Could you help me? Why is the coupon being rejected at checkout? I’m trying to sort this out before the end of the day. I’d like to resolve this today.,en,True
CONV-03084,web_form,I need some help. It looks like I was billed twice for ORD-101706. This is my first time dealing with this issue.,en,True
CONV-03085,web_form,Please update the destination before the order ships. Can you check?,en,True
CONV-03086,chat,Quick question: I noticed a login I don't recognize. I noticed this while reviewing my recent activity. Thanks.,en,True
CONV-03087,web_form,Could you help me? My payment is being declined at checkout. I’m trying to sort this out before the end of the day. I’d like to resolve this today.,en,True
CONV-03088,mobile_app,I’m contacting support because Could you explain the return process for this purchase? Can you check?,en,True
CONV-03089,email,"Hi, Why was my subscription charged this month? I noticed this while reviewing my recent activity. I’d like to resolve this today.",en,True
CONV-03090,mobile_app,I no longer want this order. Is cancellation still possible? This is my first time dealing with this issue. Can you check?,en,True
CONV-03091,chat,The same purchase appears twice on my card statement. This is my first time dealing with this issue. Thank you.,en,True
CONV-03092,mobile_app,I’m contacting support because I'd like to withdraw this purchase if it hasn't shipped. This is my first time dealing with this issue. Can you check?,en,True
CONV-03093,mobile_app,"Please advise: I received the package, but one of the products is absent. I noticed this while reviewing my recent activity. I’d like to resolve this today.",en,True
CONV-03094,mobile_app,I wanted to check whether The promised delivery window is over for ORD-100269. Thank you.,en,True
CONV-03095,email,Just checking — I’m planning around the delivery. When is it expected? I’m trying to sort this out before the end of the day. Thanks.,en,True
CONV-03096,email,Could you help me? Can you send me through the password recovery process? I noticed this while reviewing my recent activity. I'd appreciate your help.,en,True
CONV-03097,chat,"Hi, Something different was packed instead of what I purchased. I noticed this while reviewing my recent activity. Any guidance would be helpful.",en,True
CONV-03098,chat,Just checking — The login page won't let me access my account. I’m trying to sort this out before the end of the day. I'd appreciate your help.,en,True
CONV-03099,web_form,"Hi, ORD-100300 was due on Wednesday, but it still hasn't arrived. I’m trying to sort this out before the end of the day. I’d like to resolve this today.",en,True
CONV-03100,email,I wanted to check whether The promised delivery window is over for ORD-100459. I haven't changed anything on my account.,en,True
CONV-03101,email,I’m contacting support because Checkout keeps rejecting my payment.,en,True
CONV-03102,web_form,"Hi, Checkout keeps rejecting my payment. I’m trying to sort this out before the end of the day. I’d like to resolve this today.",en,True
CONV-03103,web_form,I’m contacting support because I opened the package and found the product broken. This is my first time dealing with this issue. Please let me know.,en,True
CONV-03104,chat,My subscription payment was higher than I expected. This is my first time dealing with this issue. Can you check?,en,True
CONV-03105,web_form,Please advise: Could you help me end my recurring plan? I placed the order earlier today. Thanks.,en,True
CONV-03106,email,Please advise: The product has a crack that wasn't shown in the listing. I noticed this while reviewing my recent activity. I’d like to resolve this today.,en,True
CONV-03107,mobile_app,"Hi, Can you see what stage ORD-100027 is at right now? I noticed this while reviewing my recent activity. Any guidance would be helpful.",en,True
CONV-03108,email,"Hello, Could you help me end my recurring plan? This is my first time dealing with this issue. Thank you.",en,True
CONV-03109,web_form,I need some help. What exactly is included with this item? I haven't changed anything on my account. Can you check?,en,True
CONV-03110,mobile_app,I need some help. I changed my mind and would like to send the item back. Can you check?,en,True
CONV-03111,chat,Quick question: Please stop my recurring membership. I’m trying to sort this out before the end of the day. I'd appreciate your help.,en,True
CONV-03112,chat,"Hello, The product has a crack that wasn't shown in the listing.",en,True
CONV-03113,email,Has the courier scanned ORD-104907 yet? Thank you.,en,True
CONV-03114,mobile_app,"Hi, Roughly how long will delivery take? I’m trying to sort this out before the end of the day. I’d like to resolve this today.",en,True
CONV-03115,web_form,Can you send me through the password recovery process? This is my first time dealing with this issue. Thank you.,en,True
CONV-03116,web_form,Just checking — The discount isn't being applied even though I entered the code. I’m trying to sort this out before the end of the day. I'd appreciate your help.,en,True
CONV-03117,web_form,"Hi, ORD-100380 was due on Friday, but it still hasn't arrived. I noticed this while reviewing my recent activity. I’d like to resolve this today.",en,True
CONV-03118,email,I no longer want this order. Is cancellation still possible? I haven't changed anything on my account. Please let me know.,en,True
CONV-03119,email,"Hi, I see two charges for the same purchase. I’m trying to sort this out before the end of the day. Any guidance would be helpful.",en,True
CONV-03120,mobile_app,I need some help. The item I received isn't the one I ordered. I haven't changed anything on my account. Thank you.,en,True
CONV-03121,mobile_app,Please advise: I don't recognize the amount billed for my membership. I placed the order earlier today. Any guidance would be helpful.,en,True
CONV-03122,chat,I wanted to check whether I need to create a new password because I can't remember mine. I haven't changed anything on my account.,en,True
CONV-03123,web_form,Quick question: I keep getting rejected when I try to sign in. I noticed this while reviewing my recent activity. Any guidance would be helpful.,en,True
CONV-03124,web_form,Just checking — The item I received isn't the one I ordered. I noticed this while reviewing my recent activity. I’d like to resolve this today.,en,True
CONV-03125,chat,Quick question: The promised delivery window is over for ORD-100374. I noticed this while reviewing my recent activity. Any guidance would be helpful.,en,True
CONV-03126,web_form,Quick question: I noticed a login I don't recognize. I noticed this while reviewing my recent activity. I'd appreciate your help.,en,True
CONV-03127,mobile_app,"Hello, My package contains a different product. This is my first time dealing with this issue. Thank you.",en,True
CONV-03128,mobile_app,I need some help. The discount isn't being applied even though I entered the code. Thank you.,en,True
CONV-03129,email,Please help me arrange a return. Thank you.,en,True
CONV-03130,web_form,My subscription payment was higher than I expected. This is my first time dealing with this issue. Please let me know.,en,True
CONV-03131,email,"Hi, Why was my subscription charged this month? I placed the order earlier today. I'd appreciate your help.",en,True
CONV-03132,email,I wanted to check whether I keep getting rejected when I try to sign in. This is my first time dealing with this issue. Please let me know.,en,True
CONV-03133,mobile_app,Just checking — There is visible damage on the item I received. I’m trying to sort this out before the end of the day. Any guidance would be helpful.,en,True
CONV-03134,mobile_app,I’m contacting support because How can I prevent the plan from renewing? I haven't changed anything on my account. Can you check?,en,True
CONV-03135,chat,I wanted to check whether Can you tell me more about this product's features? I haven't changed anything on my account. Please let me know.,en,True
CONV-03136,chat,I need some help. Can you explain the latest recurring charge? This is my first time dealing with this issue.,en,True
CONV-03137,chat,"Hello, The product has a crack that wasn't shown in the listing. Can you check?",en,True
CONV-03138,email,Just checking — I’m planning around the delivery. When is it expected? I noticed this while reviewing my recent activity. Any guidance would be helpful.,en,True
CONV-03139,chat,Could you explain the available options for this product? This is my first time dealing with this issue. Please let me know.,en,True
CONV-03140,chat,What is the estimated delivery date for my package? This is my first time dealing with this issue. Please let me know.,en,True
CONV-03141,mobile_app,"Hello, I can't finish the purchase because the payment isn't accepted. This is my first time dealing with this issue. Please let me know.",en,True
CONV-03142,email,Could you help me? I’m checking on ORD-100185. Could you tell me its current status? I placed the order earlier today. I’d like to resolve this today.,en,True
CONV-03143,mobile_app,I need some help. The discount isn't being applied even though I entered the code. I haven't changed anything on my account. Thank you.,en,True
CONV-03144,mobile_app,Just checking — I can't recall my password and need to change it. I placed the order earlier today. Thanks.,en,True
CONV-03145,chat,Could you help me? Something about my account activity looks suspicious. I placed the order earlier today. Thanks.,en,True
CONV-03146,mobile_app,I wanted to check whether Please stop ORD-101797 before it is dispatched. I haven't changed anything on my account.,en,True
CONV-03147,email,I wanted to check whether I keep getting rejected when I try to sign in. This is my first time dealing with this issue. Thank you.,en,True
CONV-03148,mobile_app,"I wanted to check whether I have tried several times, but the transaction won't go through. Thank you.",en,True
CONV-03149,email,I need some help. There are changes in my profile that I didn't make. This is my first time dealing with this issue. Can you check?,en,True
CONV-03150,chat,"Hi, Could you tell me the current location or transit stage of my parcel? I noticed this while reviewing my recent activity. I’d like to resolve this today.",en,True
CONV-03151,mobile_app,"Hi, I see two charges for the same purchase. I placed the order earlier today. I'd appreciate your help.",en,True
CONV-03152,email,"Hello, I received a security alert for an unfamiliar sign-in. Can you check?",en,True
CONV-03153,mobile_app,I need some help. Why does the payment fail whenever I try to complete the order? Thank you.,en,True
CONV-03154,email,I was sent the wrong model. I haven't changed anything on my account.,en,True
CONV-03155,mobile_app,Quick question: Can you give me an ETA for this shipment? I noticed this while reviewing my recent activity. I’d like to resolve this today.,en,True
CONV-03156,email,Quick question: I need to redirect this package to another address. I placed the order earlier today. Thanks.,en,True
CONV-03157,chat,"Hello, Why are there duplicate transactions for one order? This is my first time dealing with this issue. Please let me know.",en,True
CONV-03158,mobile_app,"Could you help me? My delivery arrived, but the item inside is damaged. I placed the order earlier today. Thanks.",en,True
CONV-03159,email,I wanted to check whether I want to return ORD-100955. How do I start? I haven't changed anything on my account. Thank you.,en,True
CONV-03160,mobile_app,"Please advise: I received the package, but one of the products is absent. I noticed this while reviewing my recent activity. I'd appreciate your help.",en,True
CONV-03161,mobile_app,I’m contacting support because How can I prevent the plan from renewing? Can you check?,en,True
CONV-03162,mobile_app,"Hello, My discount code isn't working. This is my first time dealing with this issue. Please let me know.",en,True
CONV-03163,web_form,Quick question: I noticed a login I don't recognize. I noticed this while reviewing my recent activity. I'd appreciate your help.,en,True
CONV-03164,email,Just checking — Can I change the shipping address for ORD-103685? I noticed this while reviewing my recent activity. Any guidance would be helpful.,en,True
CONV-03165,email,"I expected this shipment already, but it hasn't turned up. This is my first time dealing with this issue.",en,True
CONV-03166,mobile_app,"Hi, I opened the package and found the product broken. I noticed this while reviewing my recent activity. Thanks.",en,True
CONV-03167,email,I need some help. Where is ORD-104755 right now? I haven't changed anything on my account. Thank you.,en,True
CONV-03168,mobile_app,I wanted to check whether Please stop ORD-101977 before it is dispatched. I haven't changed anything on my account. Can you check?,en,True
CONV-03169,web_form,I need some help. I placed ORD-100158 recently. What is happening with it? This is my first time dealing with this issue. Please let me know.,en,True
CONV-03170,chat,The same purchase appears twice on my card statement. This is my first time dealing with this issue. Thank you.,en,True
CONV-03171,mobile_app,I wanted to check whether I keep getting rejected when I try to sign in. I haven't changed anything on my account. Can you check?,en,True
CONV-03172,web_form,I’m contacting support because How do I change the address attached to my order? This is my first time dealing with this issue. Can you check?,en,True
CONV-03173,chat,Just checking — I changed my mind and would like to send the item back. I placed the order earlier today. I'd appreciate your help.,en,True
CONV-03174,web_form,Please advise: My parcel is 1 days late. Can you investigate? I placed the order earlier today. I'd appreciate your help.,en,True
CONV-03175,web_form,I need some help. Has the refund for ORD-101230 been issued yet? I haven't changed anything on my account. Thank you.,en,True
CONV-03176,web_form,I wanted to check whether Can you tell me more about this product's features? This is my first time dealing with this issue.,en,True
CONV-03177,chat,I wanted to check whether The item arrived damaged. What should I do? Can you check?,en,True
CONV-03178,web_form,Quick question: The promised delivery window is over for ORD-100444. I’m trying to sort this out before the end of the day. I’d like to resolve this today.,en,True
CONV-03179,web_form,Quick question: I want to track the package that was just dispatched. I placed the order earlier today. Any guidance would be helpful.,en,True
CONV-03180,chat,Could you help me? Please help me arrange a return. I’m trying to sort this out before the end of the day. I’d like to resolve this today.,en,True
CONV-03181,email,Please advise: Why are there duplicate transactions for one order? I noticed this while reviewing my recent activity. Thanks.,en,True
CONV-03182,email,I need some help. The login page won't let me access my account. Thank you.,en,True
CONV-03183,email,I’m contacting support because Could you tell me the current location or transit stage of my parcel? Thank you.,en,True
CONV-03184,web_form,"Hi, I can't sign in to my account. I noticed this while reviewing my recent activity. Thanks.",en,True
CONV-03185,email,I need some help. The delivery date for ORD-100311 has passed and I'm still waiting. Can you check?,en,True
CONV-03186,chat,I’m contacting support because Roughly how long will delivery take? I haven't changed anything on my account. Please let me know.,en,True
CONV-03187,chat,"Hello, I don't recognize the amount billed for my membership. Can you check?",en,True
CONV-03188,mobile_app,"Hello, Can you show me the latest tracking update for my shipment? I haven't changed anything on my account.",en,True
CONV-03189,mobile_app,I need some help. Can you help me cancel my recent order? I haven't changed anything on my account.,en,True
CONV-03190,chat,Just checking — The delivery date for ORD-100306 has passed and I'm still waiting. I’m trying to sort this out before the end of the day. Thanks.,en,True
CONV-03191,email,I need some help. The item I received isn't the one I ordered. I haven't changed anything on my account. Can you check?,en,True
CONV-03192,web_form,I need some help. I’m planning around the delivery. When is it expected?,en,True
CONV-03193,web_form,Please advise: My package contains a different product. I’m trying to sort this out before the end of the day. I’d like to resolve this today.,en,True
CONV-03194,email,I wanted to check whether Please stop ORD-101927 before it is dispatched. This is my first time dealing with this issue. Thank you.,en,True
CONV-03195,chat,I need some help. I’m planning around the delivery. When is it expected? This is my first time dealing with this issue. Please let me know.,en,True
CONV-03196,email,Just checking — I’m planning around the delivery. When is it expected? I’m trying to sort this out before the end of the day. Thanks.,en,True
CONV-03197,chat,My subscription payment was higher than I expected. I haven't changed anything on my account.,en,True
CONV-03198,chat,"Quick question: I have tried several times, but the transaction won't go through. I placed the order earlier today. Any guidance would be helpful.",en,True
CONV-03199,mobile_app,I wanted to check whether I noticed a login I don't recognize. I haven't changed anything on my account. Please let me know.,en,True
CONV-03200,email,"Hi, How do I change the address attached to my order? I noticed this while reviewing my recent activity. Thanks.",en,True
CONV-03201,email,I’m contacting support because Where should I enter my promo code? Can you check?,en,True
CONV-03202,web_form,Please advise: Could you help me end my recurring plan? I noticed this while reviewing my recent activity. Any guidance would be helpful.,en,True
CONV-03203,mobile_app,"Hi, Where can I request a password reset? I placed the order earlier today. Thanks.",en,True
CONV-03204,email,Could you help me? Can you send me through the password recovery process? I’m trying to sort this out before the end of the day. I’d like to resolve this today.,en,True
CONV-03205,email,Please advise: I forgot my password. How can I reset it? I’m trying to sort this out before the end of the day. I'd appreciate your help.,en,True
CONV-03206,chat,Quick question: I want to return ORD-100970. How do I start? I’m trying to sort this out before the end of the day. I’d like to resolve this today.,en,True
CONV-03207,email,Just checking — I placed ORD-100013 recently. What is happening with it? I’m trying to sort this out before the end of the day. I'd appreciate your help.,en,True
CONV-03208,mobile_app,"Hello, What steps do I need to follow to return this product?",en,True
CONV-03209,web_form,Please advise: What steps do I need to follow to return this product? I’m trying to sort this out before the end of the day. Thanks.,en,True
CONV-03210,web_form,I’m contacting support because Where can I request a password reset? Thank you.,en,True
CONV-03211,web_form,I need some help. I’m planning around the delivery. When is it expected? Can you check?,en,True
CONV-03212,web_form,Quick question: The promotional code says it is invalid. I’m trying to sort this out before the end of the day. I'd appreciate your help.,en,True
CONV-03213,mobile_app,I wanted to check whether The promised delivery window is over for ORD-100409. This is my first time dealing with this issue. Please let me know.,en,True
CONV-03214,web_form,Please advise: I received a security alert for an unfamiliar sign-in. I’m trying to sort this out before the end of the day. I’d like to resolve this today.,en,True
CONV-03215,chat,Quick question: The promotional code says it is invalid. I noticed this while reviewing my recent activity. Any guidance would be helpful.,en,True
CONV-03216,mobile_app,"Hi, Can you see what stage ORD-100207 is at right now? I noticed this while reviewing my recent activity. Thanks.",en,True
CONV-03217,mobile_app,Please advise: I entered the wrong delivery address. Can it be corrected? I noticed this while reviewing my recent activity. I’d like to resolve this today.,en,True
CONV-03218,chat,"Could you help me? I expected this shipment already, but it hasn't turned up. I noticed this while reviewing my recent activity. Thanks.",en,True
CONV-03219,email,I’m contacting support because I think someone may have accessed my account. I haven't changed anything on my account.,en,True
CONV-03220,chat,Just checking — The item I received isn't the one I ordered. I noticed this while reviewing my recent activity. Any guidance would be helpful.,en,True
CONV-03221,email,Could you help me? Please update the destination before the order ships. I placed the order earlier today. Thanks.,en,True
CONV-03222,web_form,I’m checking on ORD-100110. Could you tell me its current status? This is my first time dealing with this issue. Please let me know.,en,True
CONV-03223,email,Could you help me? Could you explain the available options for this product? I placed the order earlier today. Thanks.,en,True
CONV-03224,chat,I wanted to check whether I have a question about the charge on my recurring plan. I haven't changed anything on my account. Can you check?,en,True
CONV-03225,email,I’m contacting support because I'd like to withdraw this purchase if it hasn't shipped. Please let me know.,en,True
CONV-03226,email,Could you help me? The same purchase appears twice on my card statement. I noticed this while reviewing my recent activity. Thanks.,en,True
CONV-03227,chat,Just checking — I don't want the subscription to continue after this billing period. I’m trying to sort this out before the end of the day. I’d like to resolve this today.,en,True
CONV-03228,email,Something about my account activity looks suspicious. I haven't changed anything on my account.,en,True
CONV-03229,chat,I wanted to check whether Can you give me an ETA for this shipment? This is my first time dealing with this issue. Thank you.,en,True
CONV-03230,email,"Hello, I can't finish the purchase because the payment isn't accepted. I haven't changed anything on my account.",en,True
CONV-03231,chat,Just checking — The item I received isn't the one I ordered. I placed the order earlier today. Any guidance would be helpful.,en,True
CONV-03232,chat,I need some help. I can't recall my password and need to change it. Can you check?,en,True
CONV-03233,mobile_app,I need some help. The login page won't let me access my account. Can you check?,en,True
CONV-03234,mobile_app,"Hello, Can you show me the latest tracking update for my shipment? Can you check?",en,True
CONV-03235,mobile_app,"Hello, Can you cancel ORD-101925 for me?",en,True
CONV-03236,web_form,I need some help. I’m planning around the delivery. When is it expected? Can you check?,en,True
CONV-03237,mobile_app,I need some help. Where is ORD-104805 right now? Can you check?,en,True
CONV-03238,web_form,Just checking — The delivery date for ORD-100316 has passed and I'm still waiting. I placed the order earlier today. I’d like to resolve this today.,en,True
CONV-03239,email,Please advise: I don't recognize the amount billed for my membership. I noticed this while reviewing my recent activity. I’d like to resolve this today.,en,True
CONV-03240,mobile_app,Could you help me? Could you explain the available options for this product? I’m trying to sort this out before the end of the day. I'd appreciate your help.,en,True
CONV-03241,web_form,Just checking — Why does the payment fail whenever I try to complete the order? I’m trying to sort this out before the end of the day. I’d like to resolve this today.,en,True
CONV-03242,email,"Hello, My parcel is 4 days late. Can you investigate? This is my first time dealing with this issue.",en,True
CONV-03243,chat,Just checking — The discount isn't being applied even though I entered the code. I placed the order earlier today. Any guidance would be helpful.,en,True
CONV-03244,email,Could you help me? I’m checking on ORD-100105. Could you tell me its current status? I noticed this while reviewing my recent activity. I’d like to resolve this today.,en,True
CONV-03245,email,Could you help me? Can you send me through the password recovery process? I placed the order earlier today. I'd appreciate your help.,en,True
CONV-03246,web_form,I’m contacting support because Can you see what stage ORD-100142 is at right now? I haven't changed anything on my account. Please let me know.,en,True
CONV-03247,email,"Could you help me? My delivery arrived, but the item inside is damaged. I placed the order earlier today. I’d like to resolve this today.",en,True
CONV-03248,chat,Please advise: I received a security alert for an unfamiliar sign-in. I noticed this while reviewing my recent activity. Any guidance would be helpful.,en,True
CONV-03249,email,Please advise: Would you mind checking the latest status of ORD-100089? I placed the order earlier today. I’d like to resolve this today.,en,True
CONV-03250,chat,Could you help me? My account suddenly won't let me log in. I’m trying to sort this out before the end of the day. I'd appreciate your help.,en,True
CONV-03251,email,Quick question: I need to create a new password because I can't remember mine. I noticed this while reviewing my recent activity. I’d like to resolve this today.,en,True
CONV-03252,email,"Hi, I opened the package and found the product broken. I placed the order earlier today. I’d like to resolve this today.",en,True
CONV-03253,web_form,I need some help. I can't recall my password and need to change it. Thank you.,en,True
CONV-03254,web_form,Just checking — There are changes in my profile that I didn't make. I placed the order earlier today. I'd appreciate your help.,en,True
CONV-03255,mobile_app,Please advise: The product has a crack that wasn't shown in the listing. I placed the order earlier today. Any guidance would be helpful.,en,True
CONV-03256,chat,"I wanted to check whether The box arrived, but charger wasn't inside. Please let me know.",en,True
CONV-03257,mobile_app,I need some help. Can you help me cancel my recent order?,en,True
CONV-03258,web_form,"Hi, I'd like to withdraw this purchase if it hasn't shipped. I placed the order earlier today. Any guidance would be helpful.",en,True
CONV-03259,chat,Please advise: My discount code isn't working. I placed the order earlier today. Thanks.,en,True
CONV-03260,web_form,Could you help me? I was sent the wrong model. I’m trying to sort this out before the end of the day. I'd appreciate your help.,en,True
CONV-03261,email,Quick question: Do you have an update on ORD-100001? I want to know where it stands. I’m trying to sort this out before the end of the day. I’d like to resolve this today.,en,True
CONV-03262,chat,Just checking — There are changes in my profile that I didn't make. I’m trying to sort this out before the end of the day. Any guidance would be helpful.,en,True
CONV-03263,mobile_app,Has the courier scanned ORD-104957 yet? This is my first time dealing with this issue. Can you check?,en,True
CONV-03264,email,I no longer want this order. Is cancellation still possible? This is my first time dealing with this issue. Thank you.,en,True
CONV-03265,email,I wanted to check whether I want to return ORD-100935. How do I start? This is my first time dealing with this issue. Please let me know.,en,True
CONV-03266,web_form,Could you help me? Why is the coupon being rejected at checkout? I placed the order earlier today. I'd appreciate your help.,en,True
CONV-03267,chat,One product from my order is missing. Thank you.,en,True
CONV-03268,email,I wanted to check whether The promotional code says it is invalid. Can you check?,en,True
CONV-03269,email,"Hi, When should the refund appear in my account? I noticed this while reviewing my recent activity. I’d like to resolve this today.",en,True
CONV-03270,web_form,Could you help me? I want to cancel my subscription. I noticed this while reviewing my recent activity. Any guidance would be helpful.,en,True
CONV-03271,mobile_app,Could you help me? What is the estimated delivery date for my package? I placed the order earlier today. I’d like to resolve this today.,en,True
CONV-03272,mobile_app,"Hi, I see two charges for the same purchase. I noticed this while reviewing my recent activity. I'd appreciate your help.",en,True
CONV-03273,chat,Quick question: I noticed a login I don't recognize. I’m trying to sort this out before the end of the day. Any guidance would be helpful.,en,True
CONV-03274,web_form,Just checking — The login page won't let me access my account. I’m trying to sort this out before the end of the day. Thanks.,en,True
CONV-03275,chat,I wanted to check whether I have a question about the charge on my recurring plan. This is my first time dealing with this issue. Can you check?,en,True
CONV-03276,email,I’m contacting support because I think someone may have accessed my account. I haven't changed anything on my account. Can you check?,en,True
CONV-03277,chat,I need some help. It looks like I was billed twice for ORD-101576. I haven't changed anything on my account. Please let me know.,en,True
CONV-03278,chat,Please advise: Could you help me end my recurring plan? I noticed this while reviewing my recent activity. I'd appreciate your help.,en,True
CONV-03279,email,Just checking — I placed ORD-100213 recently. What is happening with it? I noticed this while reviewing my recent activity. I'd appreciate your help.,en,True
CONV-03280,chat,Please advise: What steps do I need to follow to return this product? I’m trying to sort this out before the end of the day. I’d like to resolve this today.,en,True
CONV-03281,email,My payment is being declined at checkout. I haven't changed anything on my account.,en,True
CONV-03282,email,"Hello, Could you help me end my recurring plan? Thank you.",en,True
CONV-03283,mobile_app,Please advise: The product has a crack that wasn't shown in the listing. I placed the order earlier today. Any guidance would be helpful.,en,True
CONV-03284,web_form,Could you help me? My account suddenly won't let me log in. I noticed this while reviewing my recent activity. Thanks.,en,True
CONV-03285,email,Just checking — What exactly is included with this item? I’m trying to sort this out before the end of the day. Any guidance would be helpful.,en,True
CONV-03286,email,Just checking — Can I change the shipping address for ORD-103505? I noticed this while reviewing my recent activity. Thanks.,en,True
CONV-03287,mobile_app,I need some help. I don't want the subscription to continue after this billing period.,en,True
CONV-03288,mobile_app,Please advise: Why are there duplicate transactions for one order? I’m trying to sort this out before the end of the day. I'd appreciate your help.,en,True
CONV-03289,email,Could you help me? I’m checking on ORD-100165. Could you tell me its current status? I noticed this while reviewing my recent activity. I'd appreciate your help.,en,True
CONV-03290,web_form,Could you explain the available options for this product? I haven't changed anything on my account. Can you check?,en,True
CONV-03291,web_form,Quick question: The promotional code says it is invalid. I placed the order earlier today. I'd appreciate your help.,en,True
CONV-03292,chat,Please advise: Can you show me the latest tracking update for my shipment? I’m trying to sort this out before the end of the day. I'd appreciate your help.,en,True
CONV-03293,email,I need some help. Why does the payment fail whenever I try to complete the order? I haven't changed anything on my account.,en,True
CONV-03294,email,Please advise: The product has a crack that wasn't shown in the listing. I placed the order earlier today. I'd appreciate your help.,en,True
CONV-03295,mobile_app,"I expected this shipment already, but it hasn't turned up. I haven't changed anything on my account. Please let me know.",en,True
CONV-03296,mobile_app,Quick question: Do you have an update on ORD-100071? I want to know where it stands. I placed the order earlier today. Thanks.,en,True
CONV-03297,email,I’m contacting support because How can I prevent the plan from renewing? This is my first time dealing with this issue. Thank you.,en,True
CONV-03298,mobile_app,Could you help me? Could you tell me the current status of my refund? I placed the order earlier today. Any guidance would be helpful.,en,True
CONV-03299,chat,Quick question: The promised delivery window is over for ORD-100394. I placed the order earlier today. Thanks.,en,True
CONV-03300,mobile_app,"Hi, Roughly how long will delivery take? I noticed this while reviewing my recent activity. I’d like to resolve this today.",en,True
CONV-03301,email,I’m contacting support because Checkout keeps rejecting my payment. I haven't changed anything on my account.,en,True
CONV-03302,email,Has the courier scanned ORD-104987 yet? This is my first time dealing with this issue. Thank you.,en,True
CONV-03303,chat,My subscription payment was higher than I expected.,en,True
CONV-03304,chat,I need some help. Part of ORD-102548 was not included in the delivery. This is my first time dealing with this issue. Please let me know.,en,True
CONV-03305,email,"Quick question: The item was returned, but I haven't received the refund. I noticed this while reviewing my recent activity. I’d like to resolve this today.",en,True
CONV-03306,mobile_app,Has the courier scanned ORD-104897 yet? This is my first time dealing with this issue.,en,True
CONV-03307,mobile_app,"Hi, Where can I request a password reset? I noticed this while reviewing my recent activity. Thanks.",en,True
CONV-03308,web_form,Quick question: I want to track the package that was just dispatched. I’m trying to sort this out before the end of the day. Any guidance would be helpful.,en,True
CONV-03309,email,I wanted to check whether The promotional code says it is invalid. This is my first time dealing with this issue. Can you check?,en,True
CONV-03310,chat,Please update the destination before the order ships. Thank you.,en,True
CONV-03311,email,I’m contacting support because I'd like to withdraw this purchase if it hasn't shipped. Please let me know.,en,True
CONV-03312,email,"Hello, Can you cancel ORD-101875 for me? I haven't changed anything on my account. Please let me know.",en,True
CONV-03313,email,"Hello, I can't finish the purchase because the payment isn't accepted. I haven't changed anything on my account. Can you check?",en,True
CONV-03314,web_form,I wanted to check whether Can you tell me more about this product's features? Can you check?,en,True
CONV-03315,mobile_app,I wanted to check whether The delivered item doesn't match my order. Thank you.,en,True
CONV-03316,mobile_app,I need some help. The login page won't let me access my account. This is my first time dealing with this issue. Can you check?,en,True
CONV-03317,chat,Please update the destination before the order ships. Please let me know.,en,True
CONV-03318,web_form,What is the estimated delivery date for my package?,en,True
CONV-03319,email,I’m contacting support because Where should I enter my promo code? This is my first time dealing with this issue. Can you check?,en,True
CONV-03320,chat,Just checking — The login page won't let me access my account. I placed the order earlier today. I’d like to resolve this today.,en,True
CONV-03321,mobile_app,"Hello, My parcel is 2 days late. Can you investigate? Please let me know.",en,True
CONV-03322,mobile_app,Quick question: I think I was charged more than once for a single checkout. I placed the order earlier today. I'd appreciate your help.,en,True
CONV-03323,web_form,Could you help me? I want to cancel my subscription. I’m trying to sort this out before the end of the day. Thanks.,en,True
CONV-03324,email,I’m contacting support because I'd like to withdraw this purchase if it hasn't shipped. This is my first time dealing with this issue. Please let me know.,en,True
CONV-03325,chat,I need some help. What exactly is included with this item? I haven't changed anything on my account. Please let me know.,en,True
CONV-03326,web_form,"Could you help me? I expected this shipment already, but it hasn't turned up. I’m trying to sort this out before the end of the day. I’d like to resolve this today.",en,True
CONV-03327,chat,"Hi, Something different was packed instead of what I purchased. I’m trying to sort this out before the end of the day. Thanks.",en,True
CONV-03328,web_form,I’m contacting support because I opened the package and found the product broken. I haven't changed anything on my account. Please let me know.,en,True
CONV-03329,web_form,I need some help. Can you explain the latest recurring charge? Please let me know.,en,True
CONV-03330,email,Quick question: I think I was charged more than once for a single checkout. I placed the order earlier today. Any guidance would be helpful.,en,True
CONV-03331,web_form,I need some help. Has the refund for ORD-101050 been issued yet? I haven't changed anything on my account. Please let me know.,en,True
CONV-03332,web_form,"Hello, When should ORD-100590 arrive? I haven't changed anything on my account.",en,True
CONV-03333,mobile_app,Just checking — I’m planning around the delivery. When is it expected? I placed the order earlier today. I’d like to resolve this today.,en,True
CONV-03334,web_form,Could you help me? Has the courier scanned ORD-104752 yet? I’m trying to sort this out before the end of the day. Thanks.,en,True
CONV-03335,web_form,"Hi, Where should I enter my promo code? I placed the order earlier today. I’d like to resolve this today.",en,True
CONV-03336,mobile_app,I was sent the wrong model. This is my first time dealing with this issue. Thank you.,en,True
CONV-03337,mobile_app,"Quick question: The item was returned, but I haven't received the refund. I’m trying to sort this out before the end of the day. Thanks.",en,True
CONV-03338,chat,I wanted to check whether I need to redirect this package to another address. This is my first time dealing with this issue. Thank you.,en,True
CONV-03339,chat,Quick question: I want to track the package that was just dispatched. I noticed this while reviewing my recent activity. I’d like to resolve this today.,en,True
CONV-03340,email,Could you help me? Could you explain the available options for this product? I noticed this while reviewing my recent activity. Thanks.,en,True
CONV-03341,chat,Please advise: I can't finish the purchase because the payment isn't accepted. I noticed this while reviewing my recent activity. Thanks.,en,True
CONV-03342,mobile_app,I need some help. Can you help me cancel my recent order? I haven't changed anything on my account. Can you check?,en,True
CONV-03343,email,I’m contacting support because Could you explain the return process for this purchase? This is my first time dealing with this issue. Please let me know.,en,True
CONV-03344,web_form,Just checking — I changed my mind and would like to send the item back. I noticed this while reviewing my recent activity. Thanks.,en,True
CONV-03345,web_form,I wanted to check whether I have a question about the charge on my recurring plan. This is my first time dealing with this issue. Thank you.,en,True
CONV-03346,email,"Hello, Can you cancel ORD-101855 for me? This is my first time dealing with this issue. Thank you.",en,True
CONV-03347,mobile_app,Has the courier scanned ORD-104757 yet? Can you check?,en,True
CONV-03348,web_form,Please advise: Can you cancel ORD-101980 for me? I’m trying to sort this out before the end of the day. Thanks.,en,True
CONV-03349,email,"Hi, Where can I request a password reset? I placed the order earlier today. I'd appreciate your help.",en,True
CONV-03350,web_form,Just checking — I don't want the subscription to continue after this billing period. I placed the order earlier today. Thanks.,en,True
CONV-03351,web_form,"Hi, Could you tell me the current location or transit stage of my parcel? I placed the order earlier today. Thanks.",en,True
CONV-03352,web_form,Please advise: I received a security alert for an unfamiliar sign-in. I placed the order earlier today. I’d like to resolve this today.,en,True
CONV-03353,web_form,I’m contacting support because I see two charges for the same purchase.,en,True
CONV-03354,chat,Could you help me? My payment is being declined at checkout. I placed the order earlier today. Any guidance would be helpful.,en,True
CONV-03355,chat,Just checking — The discount isn't being applied even though I entered the code. I noticed this while reviewing my recent activity. Any guidance would be helpful.,en,True
CONV-03356,chat,"Hello, Does this product come with the accessories shown? I haven't changed anything on my account. Thank you.",en,True
CONV-03357,mobile_app,Just checking — I placed ORD-100083 recently. What is happening with it? I placed the order earlier today. Any guidance would be helpful.,en,True
CONV-03358,web_form,Please advise: What steps do I need to follow to return this product? I’m trying to sort this out before the end of the day. Any guidance would be helpful.,en,True
CONV-03359,chat,Just checking — The item I received isn't the one I ordered. I’m trying to sort this out before the end of the day. Any guidance would be helpful.,en,True
CONV-03360,chat,I’m checking on ORD-100020. Could you tell me its current status? This is my first time dealing with this issue. Can you check?,en,True
CONV-03361,web_form,Could you help me? Something about my account activity looks suspicious. I placed the order earlier today. I’d like to resolve this today.,en,True
CONV-03362,email,I’m contacting support because I can't sign in to my account. I haven't changed anything on my account. Thank you.,en,True
CONV-03363,chat,I need some help. What exactly is included with this item? Please let me know.,en,True
CONV-03364,web_form,"Hello, Why are there duplicate transactions for one order? This is my first time dealing with this issue.",en,True
CONV-03365,email,"Hi, Where can I request a password reset? I noticed this while reviewing my recent activity. I’d like to resolve this today.",en,True
CONV-03366,mobile_app,Please advise: I forgot my password. How can I reset it? I placed the order earlier today. Thanks.,en,True
CONV-03367,mobile_app,"Hello, What steps do I need to follow to return this product? I haven't changed anything on my account. Can you check?",en,True
CONV-03368,web_form,I’m contacting support because I see two charges for the same purchase. Can you check?,en,True
CONV-03369,email,Could you help me? Can you send me through the password recovery process? I noticed this while reviewing my recent activity. I'd appreciate your help.,en,True
CONV-03370,email,Why is the coupon being rejected at checkout? This is my first time dealing with this issue.,en,True
CONV-03371,email,I’m contacting support because Could you tell me the current location or transit stage of my parcel? This is my first time dealing with this issue. Thank you.,en,True
CONV-03372,web_form,"I wanted to check whether The item was returned, but I haven't received the refund. I haven't changed anything on my account. Please let me know.",en,True
CONV-03373,email,Just checking — Can you explain the latest recurring charge? I’m trying to sort this out before the end of the day. I’d like to resolve this today.,en,True
CONV-03374,web_form,Quick question: I keep getting rejected when I try to sign in. I placed the order earlier today. Any guidance would be helpful.,en,True
CONV-03375,chat,"Hi, Could you explain the return process for this purchase? I’m trying to sort this out before the end of the day. I'd appreciate your help.",en,True
CONV-03376,email,"Hello, Can you show me the latest tracking update for my shipment? Thank you.",en,True
CONV-03377,web_form,I wanted to check whether I need to redirect this package to another address. This is my first time dealing with this issue. Can you check?,en,True
CONV-03378,chat,I wanted to check whether Can you tell me more about this product's features? This is my first time dealing with this issue. Please let me know.,en,True
CONV-03379,web_form,"Hello, I entered the wrong delivery address. Can it be corrected? I haven't changed anything on my account. Can you check?",en,True
CONV-03380,mobile_app,Why is the coupon being rejected at checkout? This is my first time dealing with this issue. Please let me know.,en,True
CONV-03381,mobile_app,Please advise: When should ORD-100515 arrive? I’m trying to sort this out before the end of the day. I'd appreciate your help.,en,True
CONV-03382,chat,I wanted to check whether Can you tell me more about this product's features? Please let me know.,en,True
CONV-03383,email,Quick question: Can you give me an ETA for this shipment? I’m trying to sort this out before the end of the day. Any guidance would be helpful.,en,True
CONV-03384,mobile_app,I need some help. Why does the payment fail whenever I try to complete the order? Please let me know.,en,True
CONV-03385,email,I wanted to check whether Please stop my recurring membership. This is my first time dealing with this issue. Please let me know.,en,True
CONV-03386,chat,I wanted to check whether Can you tell me more about this product's features? This is my first time dealing with this issue. Please let me know.,en,True
CONV-03387,web_form,"I wanted to check whether The box arrived, but shirt wasn't inside. This is my first time dealing with this issue. Can you check?",en,True
CONV-03388,chat,Quick question: I keep getting rejected when I try to sign in. I placed the order earlier today. I’d like to resolve this today.,en,True
CONV-03389,web_form,I’m contacting support because I opened the package and found the product broken. I haven't changed anything on my account. Please let me know.,en,True
CONV-03390,chat,Just checking — The login page won't let me access my account. I noticed this while reviewing my recent activity. I'd appreciate your help.,en,True
CONV-03391,email,Quick question: Can you tell me more about this product's features? I placed the order earlier today. Any guidance would be helpful.,en,True
CONV-03392,chat,"Hi, Could you explain the return process for this purchase? I noticed this while reviewing my recent activity. I’d like to resolve this today.",en,True
CONV-03393,mobile_app,Could you help me? Please update the destination before the order ships. I’m trying to sort this out before the end of the day. I'd appreciate your help.,en,True
CONV-03394,web_form,I need some help. Has the refund for ORD-101030 been issued yet? This is my first time dealing with this issue. Thank you.,en,True
CONV-03395,mobile_app,"Hi, My multi-item order is incomplete. I noticed this while reviewing my recent activity. I'd appreciate your help.",en,True
CONV-03396,web_form,Quick question: The delivered item doesn't match my order. I’m trying to sort this out before the end of the day. I’d like to resolve this today.,en,True
CONV-03397,email,I need some help. I changed my mind and would like to send the item back. This is my first time dealing with this issue. Thank you.,en,True
CONV-03398,chat,Quick question: Please stop my recurring membership. I placed the order earlier today. I’d like to resolve this today.,en,True
CONV-03399,chat,"Hi, Could you tell me the current location or transit stage of my parcel? I noticed this while reviewing my recent activity. I’d like to resolve this today.",en,True
CONV-03400,mobile_app,Please advise: When should ORD-100715 arrive? I noticed this while reviewing my recent activity. I'd appreciate your help.,en,True
CONV-03401,mobile_app,"Hi, Why was my subscription charged this month? I noticed this while reviewing my recent activity. Thanks.",en,True
CONV-03402,web_form,What is the estimated delivery date for my package? I haven't changed anything on my account.,en,True
CONV-03403,mobile_app,"Hi, Roughly how long will delivery take? I noticed this while reviewing my recent activity. I’d like to resolve this today.",en,True
CONV-03404,mobile_app,I’m contacting support because I think someone may have accessed my account. Please let me know.,en,True
CONV-03405,mobile_app,I wanted to check whether The delivered item doesn't match my order. I haven't changed anything on my account. Please let me know.,en,True
CONV-03406,mobile_app,I was sent the wrong model. I haven't changed anything on my account. Please let me know.,en,True
CONV-03407,mobile_app,Please advise: I entered the wrong delivery address. Can it be corrected? I’m trying to sort this out before the end of the day. I'd appreciate your help.,en,True
CONV-03408,mobile_app,"I expected this shipment already, but it hasn't turned up. Please let me know.",en,True
CONV-03409,email,Quick question: Do you have an update on ORD-100021? I want to know where it stands. I noticed this while reviewing my recent activity. I'd appreciate your help.,en,True
CONV-03410,web_form,Please advise: I'm locked out of my account and need access. I noticed this while reviewing my recent activity. Thanks.,en,True
CONV-03411,mobile_app,I wanted to check whether I want to return ORD-100885. How do I start? Can you check?,en,True
CONV-03412,web_form,Quick question: The delivered item doesn't match my order. I noticed this while reviewing my recent activity. I'd appreciate your help.,en,True
CONV-03413,mobile_app,I need some help. I changed my mind and would like to send the item back. This is my first time dealing with this issue. Can you check?,en,True
CONV-03414,mobile_app,I’m contacting support because How can I prevent the plan from renewing? I haven't changed anything on my account.,en,True
CONV-03415,email,I wanted to check whether Please stop my recurring membership. I haven't changed anything on my account. Thank you.,en,True
CONV-03416,mobile_app,"Could you help me? My delivery arrived, but the item inside is damaged. I noticed this while reviewing my recent activity. Thanks.",en,True
CONV-03417,web_form,Please advise: Could you help me end my recurring plan? I’m trying to sort this out before the end of the day. Thanks.,en,True
CONV-03418,email,I wanted to check whether I noticed a login I don't recognize. Can you check?,en,True
CONV-03419,mobile_app,My payment is being declined at checkout. I haven't changed anything on my account. Thank you.,en,True
CONV-03420,email,"I expected this shipment already, but it hasn't turned up. I haven't changed anything on my account.",en,True
CONV-03421,mobile_app,I wanted to check whether The promotional code says it is invalid. I haven't changed anything on my account. Please let me know.,en,True
CONV-03422,email,My account suddenly won't let me log in. I haven't changed anything on my account. Thank you.,en,True
CONV-03423,mobile_app,"Hi, When should the refund appear in my account? I placed the order earlier today. Thanks.",en,True
CONV-03424,mobile_app,"Hello, My parcel is 4 days late. Can you investigate? This is my first time dealing with this issue. Thank you.",en,True
CONV-03425,web_form,Please advise: What steps do I need to follow to return this product? I’m trying to sort this out before the end of the day. Any guidance would be helpful.,en,True
CONV-03426,chat,"My delivery arrived, but the item inside is damaged. I haven't changed anything on my account. Can you check?",en,True
CONV-03427,email,Just checking — Has the refund for ORD-101245 been issued yet? I’m trying to sort this out before the end of the day. I’d like to resolve this today.,en,True
CONV-03428,chat,Could you help me? I was sent the wrong model. I noticed this while reviewing my recent activity. Any guidance would be helpful.,en,True
CONV-03429,mobile_app,Could you help me? What is the estimated delivery date for my package? I noticed this while reviewing my recent activity. I'd appreciate your help.,en,True
CONV-03430,email,My payment is being declined at checkout. Can you check?,en,True
CONV-03431,mobile_app,"Hello, What steps do I need to follow to return this product?",en,True
CONV-03432,chat,Could you help me? I want to cancel my subscription. I noticed this while reviewing my recent activity. I'd appreciate your help.,en,True
CONV-03433,email,I need some help. There are changes in my profile that I didn't make. I haven't changed anything on my account.,en,True
CONV-03434,email,Please advise: When should ORD-100585 arrive? I placed the order earlier today. Any guidance would be helpful.,en,True
CONV-03435,web_form,I wanted to check whether I need to redirect this package to another address.,en,True
CONV-03436,web_form,"Hello, I received the package, but one of the products is absent. I haven't changed anything on my account. Can you check?",en,True
CONV-03437,mobile_app,"Hello, I can't finish the purchase because the payment isn't accepted. I haven't changed anything on my account. Please let me know.",en,True
CONV-03438,mobile_app,Could you help me? Could you tell me the current status of my refund? I noticed this while reviewing my recent activity. Any guidance would be helpful.,en,True
CONV-03439,web_form,I need some help. I’m planning around the delivery. When is it expected? I haven't changed anything on my account. Can you check?,en,True
CONV-03440,web_form,Could you help me? I was sent the wrong model. I noticed this while reviewing my recent activity. I’d like to resolve this today.,en,True
CONV-03441,email,My account suddenly won't let me log in. I haven't changed anything on my account. Please let me know.,en,True
CONV-03442,email,"Hello, My parcel is 6 days late. Can you investigate? I haven't changed anything on my account. Can you check?",en,True
CONV-03443,chat,Please advise: Could you help me end my recurring plan? I noticed this while reviewing my recent activity. I'd appreciate your help.,en,True
CONV-03444,chat,Just checking — I don't want the subscription to continue after this billing period. I placed the order earlier today. I’d like to resolve this today.,en,True
CONV-03445,mobile_app,Quick question: I need to redirect this package to another address. I noticed this while reviewing my recent activity. I'd appreciate your help.,en,True
CONV-03446,email,I wanted to check whether The promised delivery window is over for ORD-100359. Can you check?,en,True
CONV-03447,chat,"My delivery arrived, but the item inside is damaged. This is my first time dealing with this issue.",en,True
CONV-03448,mobile_app,I need some help. The discount isn't being applied even though I entered the code. This is my first time dealing with this issue. Please let me know.,en,True
CONV-03449,chat,Could you help me? I want to cancel my subscription. I noticed this while reviewing my recent activity. I'd appreciate your help.,en,True
CONV-03450,web_form,I’m contacting support because I see two charges for the same purchase. I haven't changed anything on my account.,en,True
CONV-03451,chat,Could you help me? Why is the coupon being rejected at checkout? I placed the order earlier today. Any guidance would be helpful.,en,True
CONV-03452,chat,The same purchase appears twice on my card statement. Thank you.,en,True
CONV-03453,mobile_app,Could you help me? Could you tell me the current status of my refund? I noticed this while reviewing my recent activity. Any guidance would be helpful.,en,True
CONV-03454,mobile_app,"Hello, Can you cancel ORD-101985 for me? Can you check?",en,True
CONV-03455,chat,Quick question: The promised delivery window is over for ORD-100294. I’m trying to sort this out before the end of the day. Any guidance would be helpful.,en,True
CONV-03456,mobile_app,Please advise: Why are there duplicate transactions for one order? I placed the order earlier today. I’d like to resolve this today.,en,True
CONV-03457,chat,I need some help. There is visible damage on the item I received. I haven't changed anything on my account. Can you check?,en,True
CONV-03458,chat,I’m contacting support because Roughly how long will delivery take? This is my first time dealing with this issue. Please let me know.,en,True
CONV-03459,mobile_app,Something about my account activity looks suspicious. Thank you.,en,True
CONV-03460,email,I wanted to check whether The delivered item doesn't match my order.,en,True
CONV-03461,email,"Could you help me? My delivery arrived, but the item inside is damaged. I’m trying to sort this out before the end of the day. I’d like to resolve this today.",en,True
CONV-03462,web_form,"Hi, Where should I enter my promo code? I’m trying to sort this out before the end of the day. I’d like to resolve this today.",en,True
CONV-03463,chat,Just checking — The item I received isn't the one I ordered. I’m trying to sort this out before the end of the day. Thanks.,en,True
CONV-03464,mobile_app,"Please advise: I received the package, but one of the products is absent. I placed the order earlier today. I’d like to resolve this today.",en,True
CONV-03465,mobile_app,"I’m contacting support because ORD-100425 was due on Tuesday, but it still hasn't arrived. Please let me know.",en,True
CONV-03466,web_form,I’m contacting support because My multi-item order is incomplete.,en,True
CONV-03467,web_form,I’m contacting support because When should the refund appear in my account? This is my first time dealing with this issue. Thank you.,en,True
CONV-03468,chat,Quick question: Please stop my recurring membership. I noticed this while reviewing my recent activity. I’d like to resolve this today.,en,True
CONV-03469,web_form,I need some help. What exactly is included with this item? This is my first time dealing with this issue. Can you check?,en,True
CONV-03470,chat,What is the estimated delivery date for my package? Please let me know.,en,True
CONV-03471,chat,"Hi, Where should I enter my promo code? I’m trying to sort this out before the end of the day. Any guidance would be helpful.",en,True
CONV-03472,chat,Just checking — I don't want the subscription to continue after this billing period. I placed the order earlier today. I'd appreciate your help.,en,True
CONV-03473,chat,I need some help. What exactly is included with this item? This is my first time dealing with this issue. Thank you.,en,True
CONV-03474,mobile_app,I’m contacting support because Something different was packed instead of what I purchased. Thank you.,en,True
CONV-03475,web_form,I wanted to check whether Can you tell me more about this product's features?,en,True
CONV-03476,email,"I’m contacting support because ORD-100355 was due on Thursday, but it still hasn't arrived. This is my first time dealing with this issue.",en,True
CONV-03477,email,"Quick question: The item was returned, but I haven't received the refund. I noticed this while reviewing my recent activity. I'd appreciate your help.",en,True
CONV-03478,chat,I need some help. It looks like I was billed twice for ORD-101716. Thank you.,en,True
CONV-03479,web_form,"Hi, I think someone may have accessed my account. I noticed this while reviewing my recent activity. I’d like to resolve this today.",en,True
CONV-03480,chat,"Hello, I received the package, but one of the products is absent. I haven't changed anything on my account. Please let me know.",en,True
CONV-03481,email,Quick question: I have a question about the charge on my recurring plan. I placed the order earlier today. I’d like to resolve this today.,en,True
CONV-03482,web_form,Could you help me? My account suddenly won't let me log in. I’m trying to sort this out before the end of the day. Any guidance would be helpful.,en,True
CONV-03483,chat,I wanted to check whether I think I was charged more than once for a single checkout. Please let me know.,en,True
CONV-03484,email,My account suddenly won't let me log in. Please let me know.,en,True
CONV-03485,web_form,I need some help. Part of ORD-102618 was not included in the delivery. Can you check?,en,True
CONV-03486,web_form,Just checking — The item I received isn't the one I ordered. I noticed this while reviewing my recent activity. I'd appreciate your help.,en,True
CONV-03487,mobile_app,"Could you help me? My delivery arrived, but the item inside is damaged. I placed the order earlier today. Any guidance would be helpful.",en,True
CONV-03488,mobile_app,Just checking — I can't recall my password and need to change it. I placed the order earlier today. Any guidance would be helpful.,en,True
CONV-03489,email,I wanted to check whether The delivered item doesn't match my order. I haven't changed anything on my account. Can you check?,en,True
CONV-03490,web_form,I’m contacting support because Where can I request a password reset? This is my first time dealing with this issue. Please let me know.,en,True
CONV-03491,email,I want to cancel my subscription. This is my first time dealing with this issue. Thank you.,en,True
CONV-03492,mobile_app,My payment is being declined at checkout. Please let me know.,en,True
CONV-03493,web_form,Quick question: Please stop my recurring membership. I’m trying to sort this out before the end of the day. Thanks.,en,True
CONV-03494,chat,"Hi, Could you tell me the current location or transit stage of my parcel? I placed the order earlier today. I'd appreciate your help.",en,True
CONV-03495,web_form,"Hi, Where should I enter my promo code? I noticed this while reviewing my recent activity. I’d like to resolve this today.",en,True
CONV-03496,mobile_app,Just checking — There is visible damage on the item I received. I’m trying to sort this out before the end of the day. Thanks.,en,True
CONV-03497,mobile_app,I need some help. Can you help me cancel my recent order? Can you check?,en,True
CONV-03498,web_form,I need some help. What exactly is included with this item? This is my first time dealing with this issue.,en,True
CONV-03499,mobile_app,Just checking — It looks like I was billed twice for ORD-101591. I’m trying to sort this out before the end of the day. I'd appreciate your help.,en,True
CONV-03500,chat,"Quick question: I have tried several times, but the transaction won't go through. I’m trying to sort this out before the end of the day. Any guidance would be helpful.",en,True
CONV-03501,email,Why is the coupon being rejected at checkout? This is my first time dealing with this issue. Can you check?,en,True
CONV-03502,web_form,I need some help. There is visible damage on the item I received. I haven't changed anything on my account. Thank you.,en,True
CONV-03503,web_form,Please advise: My package contains a different product. I placed the order earlier today. I’d like to resolve this today.,en,True
CONV-03504,web_form,Quick question: I want to track the package that was just dispatched. I placed the order earlier today. Thanks.,en,True
CONV-03505,email,"Hello, My package contains a different product. Can you check?",en,True
CONV-03506,chat,Please advise: My discount code isn't working. I’m trying to sort this out before the end of the day. Thanks.,en,True
CONV-03507,mobile_app,Could you help me? Can you send me through the password recovery process? I noticed this while reviewing my recent activity. Any guidance would be helpful.,en,True
CONV-03508,email,Could you help me? Could you tell me the current status of my refund? I’m trying to sort this out before the end of the day. I'd appreciate your help.,en,True
CONV-03509,email,I want to cancel my subscription. I haven't changed anything on my account. Thank you.,en,True
CONV-03510,web_form,Just checking — I changed my mind and would like to send the item back. I noticed this while reviewing my recent activity. Any guidance would be helpful.,en,True
CONV-03511,email,I wanted to check whether I want to return ORD-100795. How do I start? Thank you.,en,True
CONV-03512,chat,"Hello, I forgot my password. How can I reset it? This is my first time dealing with this issue.",en,True
CONV-03513,mobile_app,Just checking — It looks like I was billed twice for ORD-101711. I’m trying to sort this out before the end of the day. I'd appreciate your help.,en,True
CONV-03514,email,I need some help. There are changes in my profile that I didn't make. I haven't changed anything on my account. Can you check?,en,True
CONV-03515,chat,I wanted to check whether Do you have an update on ORD-100036? I want to know where it stands. Can you check?,en,True
CONV-03516,mobile_app,"I expected this shipment already, but it hasn't turned up. I haven't changed anything on my account. Thank you.",en,True
CONV-03517,mobile_app,"Hello, What steps do I need to follow to return this product? I haven't changed anything on my account.",en,True
CONV-03518,email,Just checking — Can you explain the latest recurring charge? I placed the order earlier today. I’d like to resolve this today.,en,True
CONV-03519,mobile_app,"Hi, When should the refund appear in my account? I noticed this while reviewing my recent activity. Any guidance would be helpful.",en,True
CONV-03520,chat,Please advise: I can't finish the purchase because the payment isn't accepted. I’m trying to sort this out before the end of the day. Any guidance would be helpful.,en,True
CONV-03521,email,I need some help. The item I received isn't the one I ordered. This is my first time dealing with this issue. Can you check?,en,True
CONV-03522,email,"Hi, Can you see what stage ORD-100037 is at right now? I’m trying to sort this out before the end of the day. I'd appreciate your help.",en,True
CONV-03523,chat,Could you help me? Please help me arrange a return. I placed the order earlier today. I'd appreciate your help.,en,True
CONV-03524,mobile_app,Please advise: I forgot my password. How can I reset it? I noticed this while reviewing my recent activity. Thanks.,en,True
CONV-03525,email,"Hello, What steps do I need to follow to return this product? This is my first time dealing with this issue. Please let me know.",en,True
CONV-03526,web_form,Please advise: Could you help me end my recurring plan? I’m trying to sort this out before the end of the day. Any guidance would be helpful.,en,True
CONV-03527,email,Quick question: I have a question about the charge on my recurring plan. I placed the order earlier today. I'd appreciate your help.,en,True
CONV-03528,chat,Just checking — Why does the payment fail whenever I try to complete the order? I’m trying to sort this out before the end of the day. Any guidance would be helpful.,en,True
CONV-03529,web_form,Just checking — There are changes in my profile that I didn't make. I noticed this while reviewing my recent activity. I'd appreciate your help.,en,True
CONV-03530,chat,I’m contacting support because I see two charges for the same purchase. Please let me know.,en,True
CONV-03531,mobile_app,Please advise: Would you mind checking the latest status of ORD-100039? I noticed this while reviewing my recent activity. Thanks.,en,True
CONV-03532,chat,"Quick question: I have tried several times, but the transaction won't go through. I noticed this while reviewing my recent activity. Thanks.",en,True
CONV-03533,email,I need some help. I don't want the subscription to continue after this billing period. I haven't changed anything on my account. Please let me know.,en,True
CONV-03534,email,Please advise: Would you mind checking the latest status of ORD-100169? I’m trying to sort this out before the end of the day. I’d like to resolve this today.,en,True
CONV-03535,email,My payment is being declined at checkout. I haven't changed anything on my account. Can you check?,en,True
CONV-03536,mobile_app,I’m contacting support because I can't sign in to my account.,en,True
CONV-03537,chat,Please update the destination before the order ships. I haven't changed anything on my account. Please let me know.,en,True
CONV-03538,chat,"Hello, Does this product come with the accessories shown? This is my first time dealing with this issue. Please let me know.",en,True
CONV-03539,chat,I wanted to check whether I have a question about the charge on my recurring plan. Can you check?,en,True
CONV-03540,web_form,I’m contacting support because My multi-item order is incomplete. I haven't changed anything on my account. Can you check?,en,True
CONV-03541,chat,Could you explain the available options for this product? Thank you.,en,True
CONV-03542,email,"Hi, Why was my subscription charged this month? I noticed this while reviewing my recent activity. I’d like to resolve this today.",en,True
CONV-03543,chat,I’m contacting support because I see two charges for the same purchase. This is my first time dealing with this issue. Please let me know.,en,True
CONV-03544,chat,Could you help me? My payment is being declined at checkout. I placed the order earlier today. Any guidance would be helpful.,en,True
CONV-03545,web_form,Could you help me? My payment is being declined at checkout. I placed the order earlier today. I'd appreciate your help.,en,True
CONV-03546,mobile_app,I’m contacting support because I'd like to withdraw this purchase if it hasn't shipped. This is my first time dealing with this issue.,en,True
CONV-03547,mobile_app,Just checking — I’m planning around the delivery. When is it expected? I placed the order earlier today. I'd appreciate your help.,en,True
CONV-03548,chat,I’m contacting support because Why was my subscription charged this month? Can you check?,en,True
CONV-03549,chat,"Hello, I forgot my password. How can I reset it? I haven't changed anything on my account. Can you check?",en,True
CONV-03550,web_form,I wanted to check whether The item arrived damaged. What should I do? I haven't changed anything on my account. Please let me know.,en,True
CONV-03551,web_form,Just checking — I changed my mind and would like to send the item back. I’m trying to sort this out before the end of the day. Any guidance would be helpful.,en,True
CONV-03552,email,I wanted to check whether Please stop my recurring membership. Thank you.,en,True
CONV-03553,web_form,Quick question: I want to return ORD-100780. How do I start? I noticed this while reviewing my recent activity. Any guidance would be helpful.,en,True
CONV-03554,mobile_app,Please advise: Would you mind checking the latest status of ORD-100159? I noticed this while reviewing my recent activity. Thanks.,en,True
CONV-03555,web_form,I’m contacting support because Can you see what stage ORD-100002 is at right now? This is my first time dealing with this issue. Thank you.,en,True
CONV-03556,email,I wanted to check whether The delivered item doesn't match my order. I haven't changed anything on my account. Can you check?,en,True
CONV-03557,chat,Can you send me through the password recovery process? Can you check?,en,True
CONV-03558,email,"Could you help me? My delivery arrived, but the item inside is damaged. I placed the order earlier today. I'd appreciate your help.",en,True
CONV-03559,mobile_app,Please help me arrange a return.,en,True
CONV-03560,email,"Hi, My multi-item order is incomplete. I placed the order earlier today. Any guidance would be helpful.",en,True
CONV-03561,chat,Please advise: My package contains a different product. I noticed this while reviewing my recent activity. Thanks.,en,True
CONV-03562,web_form,I need some help. Can I change the shipping address for ORD-103650? I haven't changed anything on my account.,en,True
CONV-03563,chat,I need some help. It looks like I was billed twice for ORD-101596. Thank you.,en,True
CONV-03564,web_form,Could you help me? I no longer want this order. Is cancellation still possible? I’m trying to sort this out before the end of the day. Any guidance would be helpful.,en,True
CONV-03565,mobile_app,I’m contacting support because I'd like to withdraw this purchase if it hasn't shipped. Can you check?,en,True
CONV-03566,mobile_app,"Quick question: The item was returned, but I haven't received the refund. I noticed this while reviewing my recent activity. Thanks.",en,True
CONV-03567,email,Please advise: Does this product come with the accessories shown? I noticed this while reviewing my recent activity. Any guidance would be helpful.,en,True
CONV-03568,chat,I wanted to check whether I think I was charged more than once for a single checkout. This is my first time dealing with this issue. Please let me know.,en,True
CONV-03569,chat,"I wanted to check whether The box arrived, but adapter wasn't inside. I haven't changed anything on my account. Thank you.",en,True
CONV-03570,web_form,"Hello, I entered the wrong delivery address. Can it be corrected?",en,True
CONV-03571,email,Just checking — What exactly is included with this item? I noticed this while reviewing my recent activity. Any guidance would be helpful.,en,True
CONV-03572,email,Just checking — I placed ORD-100053 recently. What is happening with it? I placed the order earlier today. I'd appreciate your help.,en,True
CONV-03573,web_form,Could you help me? I no longer want this order. Is cancellation still possible? I noticed this while reviewing my recent activity. Thanks.,en,True
CONV-03574,email,I no longer want this order. Is cancellation still possible? I haven't changed anything on my account. Thank you.,en,True
CONV-03575,chat,Please advise: My package contains a different product. I placed the order earlier today. Thanks.,en,True
CONV-03576,email,Just checking — Part of ORD-102553 was not included in the delivery. I’m trying to sort this out before the end of the day. Any guidance would be helpful.,en,True
CONV-03577,web_form,"Hi, I can't sign in to my account. I noticed this while reviewing my recent activity. Thanks.",en,True
CONV-03578,web_form,I need some help. Can you explain the latest recurring charge? I haven't changed anything on my account. Please let me know.,en,True
CONV-03579,mobile_app,Please advise: I don't recognize the amount billed for my membership. I noticed this while reviewing my recent activity. Thanks.,en,True
CONV-03580,web_form,Could you help me? Please help me arrange a return. I placed the order earlier today. Thanks.,en,True
CONV-03581,email,Please advise: Does this product come with the accessories shown? I placed the order earlier today. Thanks.,en,True
CONV-03582,web_form,I’m contacting support because Where can I request a password reset? I haven't changed anything on my account. Please let me know.,en,True
CONV-03583,mobile_app,I’m contacting support because I think someone may have accessed my account. Thank you.,en,True
CONV-03584,mobile_app,"Hello, I can't finish the purchase because the payment isn't accepted. This is my first time dealing with this issue. Please let me know.",en,True
CONV-03585,chat,I’m contacting support because How do I change the address attached to my order? This is my first time dealing with this issue. Thank you.,en,True
CONV-03586,web_form,Please advise: Can you show me the latest tracking update for my shipment? I placed the order earlier today. Any guidance would be helpful.,en,True
CONV-03587,web_form,Could you help me? Please help me arrange a return. I placed the order earlier today. Any guidance would be helpful.,en,True
CONV-03588,mobile_app,I want to cancel my subscription. I haven't changed anything on my account.,en,True
CONV-03589,mobile_app,Please advise: Why are there duplicate transactions for one order? I placed the order earlier today. I'd appreciate your help.,en,True
CONV-03590,web_form,I wanted to check whether I think I was charged more than once for a single checkout. I haven't changed anything on my account.,en,True
CONV-03591,email,I’m contacting support because Could you explain the return process for this purchase? Thank you.,en,True
CONV-03592,mobile_app,"Quick question: The box arrived, but notebook wasn't inside. I placed the order earlier today. I'd appreciate your help.",en,True
CONV-03593,email,"Hi, I need the specifications before I decide whether to buy it. I placed the order earlier today. Thanks.",en,True
CONV-03594,mobile_app,I wanted to check whether The delivered item doesn't match my order. This is my first time dealing with this issue. Please let me know.,en,True
CONV-03595,web_form,"Hi, I'd like to withdraw this purchase if it hasn't shipped. I noticed this while reviewing my recent activity. Thanks.",en,True
CONV-03596,email,Just checking — Has the refund for ORD-101085 been issued yet? I noticed this while reviewing my recent activity. I’d like to resolve this today.,en,True
CONV-03597,web_form,I’m checking on ORD-100010. Could you tell me its current status? I haven't changed anything on my account. Thank you.,en,True
CONV-03598,mobile_app,Please advise: I entered the wrong delivery address. Can it be corrected? I’m trying to sort this out before the end of the day. I’d like to resolve this today.,en,True
CONV-03599,mobile_app,My payment is being declined at checkout. I haven't changed anything on my account. Please let me know.,en,True
CONV-03600,chat,Quick question: I noticed a login I don't recognize. I’m trying to sort this out before the end of the day. Thanks.,en,True
CONV-03601,email,I need some help. Why does the payment fail whenever I try to complete the order? I haven't changed anything on my account.,en,True
CONV-03602,chat,"Hi, Could you explain the return process for this purchase? I placed the order earlier today. I'd appreciate your help.",en,True
CONV-03603,web_form,Please advise: My discount code isn't working. I placed the order earlier today. I’d like to resolve this today.,en,True
CONV-03604,mobile_app,I want to cancel my subscription. I haven't changed anything on my account. Can you check?,en,True
CONV-03605,email,I wanted to check whether Please stop my recurring membership. Please let me know.,en,True
CONV-03606,chat,"Hello, The product has a crack that wasn't shown in the listing. I haven't changed anything on my account. Can you check?",en,True
CONV-03607,mobile_app,"Hi, Why was my subscription charged this month? I noticed this while reviewing my recent activity. Any guidance would be helpful.",en,True
CONV-03608,web_form,Please advise: Can you show me the latest tracking update for my shipment? I’m trying to sort this out before the end of the day. Any guidance would be helpful.,en,True
CONV-03609,web_form,"My delivery arrived, but the item inside is damaged. I haven't changed anything on my account. Thank you.",en,True
CONV-03610,mobile_app,Could you help me? Can you send me through the password recovery process? I’m trying to sort this out before the end of the day. Thanks.,en,True
CONV-03611,email,"Hello, What steps do I need to follow to return this product? Thank you.",en,True
CONV-03612,email,I wanted to check whether I noticed a login I don't recognize. This is my first time dealing with this issue.,en,True
CONV-03613,mobile_app,I need some help. I don't want the subscription to continue after this billing period. Can you check?,en,True
CONV-03614,chat,"Could you help me? I expected this shipment already, but it hasn't turned up. I noticed this while reviewing my recent activity. Any guidance would be helpful.",en,True
CONV-03615,chat,I’m contacting support because My multi-item order is incomplete. This is my first time dealing with this issue. Thank you.,en,True
CONV-03616,email,"Hello, Can you show me the latest tracking update for my shipment? I haven't changed anything on my account. Thank you.",en,True
CONV-03617,web_form,Just checking — The login page won't let me access my account. I’m trying to sort this out before the end of the day. Any guidance would be helpful.,en,True
CONV-03618,chat,I need some help. I’m planning around the delivery. When is it expected? I haven't changed anything on my account. Thank you.,en,True
CONV-03619,email,I need some help. The delivery date for ORD-100431 has passed and I'm still waiting. Can you check?,en,True
CONV-03620,web_form,Please advise: My parcel is 1 days late. Can you investigate? I placed the order earlier today. I’d like to resolve this today.,en,True
CONV-03621,email,Has the courier scanned ORD-104867 yet? This is my first time dealing with this issue. Thank you.,en,True
CONV-03622,email,Could you help me? I’m checking on ORD-100145. Could you tell me its current status? I’m trying to sort this out before the end of the day. I’d like to resolve this today.,en,True
CONV-03623,mobile_app,I’m contacting support because Where should I enter my promo code? Please let me know.,en,True
CONV-03624,email,Please advise: The product has a crack that wasn't shown in the listing. I’m trying to sort this out before the end of the day. I’d like to resolve this today.,en,True
CONV-03625,email,I’m contacting support because Where should I enter my promo code? I haven't changed anything on my account.,en,True
CONV-03626,email,Just checking — Has the refund for ORD-101165 been issued yet? I placed the order earlier today. I’d like to resolve this today.,en,True
CONV-03627,chat,I need some help. Can I change the shipping address for ORD-103500? I haven't changed anything on my account. Thank you.,en,True
CONV-03628,web_form,I wanted to check whether The item arrived damaged. What should I do? Thank you.,en,True
CONV-03629,chat,"Hello, I received the package, but one of the products is absent. Thank you.",en,True
CONV-03630,chat,"Hi, Where should I enter my promo code? I noticed this while reviewing my recent activity. Thanks.",en,True
CONV-03631,email,I wanted to check whether The promised delivery window is over for ORD-100339. I haven't changed anything on my account.,en,True
CONV-03632,email,"Hello, Could you help me end my recurring plan? Thank you.",en,True
CONV-03633,chat,I need some help. What exactly is included with this item? Thank you.,en,True
CONV-03634,mobile_app,My account suddenly won't let me log in. This is my first time dealing with this issue. Can you check?,en,True
CONV-03635,mobile_app,"I’m contacting support because ORD-100265 was due on Thursday, but it still hasn't arrived. This is my first time dealing with this issue. Please let me know.",en,True
CONV-03636,web_form,"Hi, Something different was packed instead of what I purchased. I noticed this while reviewing my recent activity. I'd appreciate your help.",en,True
CONV-03637,chat,"Hi, Checkout keeps rejecting my payment. I’m trying to sort this out before the end of the day. Thanks.",en,True
CONV-03638,email,I no longer want this order. Is cancellation still possible? This is my first time dealing with this issue. Please let me know.,en,True
CONV-03639,mobile_app,Please advise: I entered the wrong delivery address. Can it be corrected? I noticed this while reviewing my recent activity. I'd appreciate your help.,en,True
CONV-03640,email,I need some help. The delivery date for ORD-100271 has passed and I'm still waiting. This is my first time dealing with this issue. Can you check?,en,True
CONV-03641,chat,What is the estimated delivery date for my package? This is my first time dealing with this issue. Thank you.,en,True
CONV-03642,mobile_app,Quick question: Can you give me an ETA for this shipment? I placed the order earlier today. I'd appreciate your help.,en,True
CONV-03643,chat,"Hello, Would you mind checking the latest status of ORD-100244? I haven't changed anything on my account. Can you check?",en,True
CONV-03644,mobile_app,"Hello, My parcel is 2 days late. Can you investigate? Thank you.",en,True
CONV-03645,web_form,Just checking — The delivery date for ORD-100476 has passed and I'm still waiting. I noticed this while reviewing my recent activity. I’d like to resolve this today.,en,True
CONV-03646,chat,I need some help. There is visible damage on the item I received.,en,True
CONV-03647,mobile_app,I need some help. I changed my mind and would like to send the item back. Can you check?,en,True
CONV-03648,web_form,Quick question: Please stop my recurring membership. I noticed this while reviewing my recent activity. Any guidance would be helpful.,en,True
CONV-03649,mobile_app,"Hello, What steps do I need to follow to return this product? Can you check?",en,True
CONV-03650,chat,I need some help. What exactly is included with this item? This is my first time dealing with this issue. Please let me know.,en,True
CONV-03651,chat,Just checking — Can you help me cancel my recent order? I’m trying to sort this out before the end of the day. I'd appreciate your help.,en,True
CONV-03652,web_form,I need some help. What exactly is included with this item? Can you check?,en,True
CONV-03653,email,I need some help. There are changes in my profile that I didn't make. This is my first time dealing with this issue.,en,True
CONV-03654,mobile_app,I’m contacting support because Checkout keeps rejecting my payment. Thank you.,en,True
CONV-03655,web_form,I’m contacting support because Why was my subscription charged this month? This is my first time dealing with this issue. Please let me know.,en,True
CONV-03656,web_form,Just checking — Can you help me cancel my recent order? I placed the order earlier today. Thanks.,en,True
CONV-03657,chat,Please advise: What steps do I need to follow to return this product? I placed the order earlier today. I'd appreciate your help.,en,True
CONV-03658,chat,"Hi, ORD-100250 was due on Monday, but it still hasn't arrived. I placed the order earlier today. Thanks.",en,True
CONV-03659,mobile_app,"Hello, My package contains a different product. I haven't changed anything on my account. Thank you.",en,True
CONV-03660,email,Please advise: When should ORD-100545 arrive? I’m trying to sort this out before the end of the day. Any guidance would be helpful.,en,True
CONV-03661,email,Could you help me? Can you send me through the password recovery process? I’m trying to sort this out before the end of the day. I'd appreciate your help.,en,True
CONV-03662,web_form,I’m contacting support because Roughly how long will delivery take? This is my first time dealing with this issue. Can you check?,en,True
CONV-03663,chat,"Hi, ORD-100310 was due on Monday, but it still hasn't arrived. I placed the order earlier today. Any guidance would be helpful.",en,True
CONV-03664,web_form,Could you help me? I want to cancel my subscription. I noticed this while reviewing my recent activity. Thanks.,en,True
CONV-03665,mobile_app,I need some help. The login page won't let me access my account. Can you check?,en,True
CONV-03666,mobile_app,Please advise: I'm still waiting for the money from my return. Can you check? I’m trying to sort this out before the end of the day. Thanks.,en,True
CONV-03667,mobile_app,"Hello, I can't finish the purchase because the payment isn't accepted. This is my first time dealing with this issue. Thank you.",en,True
CONV-03668,email,I’m contacting support because Could you tell me the current location or transit stage of my parcel? Please let me know.,en,True
CONV-03669,mobile_app,Could you help me? I’m checking on ORD-100015. Could you tell me its current status? I noticed this while reviewing my recent activity. Thanks.,en,True
CONV-03670,chat,I wanted to check whether I need to create a new password because I can't remember mine. I haven't changed anything on my account. Can you check?,en,True
CONV-03671,mobile_app,I wanted to check whether I keep getting rejected when I try to sign in. This is my first time dealing with this issue.,en,True
CONV-03672,web_form,Please advise: I received a security alert for an unfamiliar sign-in. I’m trying to sort this out before the end of the day. I'd appreciate your help.,en,True
CONV-03673,web_form,Quick question: I want to return ORD-100920. How do I start? I placed the order earlier today. Thanks.,en,True
CONV-03674,email,Just checking — I can't recall my password and need to change it. I placed the order earlier today. I’d like to resolve this today.,en,True
CONV-03675,web_form,"Hi, Checkout keeps rejecting my payment. I noticed this while reviewing my recent activity. I'd appreciate your help.",en,True
CONV-03676,mobile_app,Could you help me? Please update the destination before the order ships. I’m trying to sort this out before the end of the day. I’d like to resolve this today.,en,True
CONV-03677,chat,"Hello, I received the package, but one of the products is absent. I haven't changed anything on my account. Thank you.",en,True
CONV-03678,web_form,I wanted to check whether I need to redirect this package to another address. Can you check?,en,True
CONV-03679,web_form,I need some help. I placed ORD-100038 recently. What is happening with it? This is my first time dealing with this issue. Please let me know.,en,True
CONV-03680,email,"I expected this shipment already, but it hasn't turned up. I haven't changed anything on my account.",en,True
CONV-03681,email,Just checking — Can you explain the latest recurring charge? I’m trying to sort this out before the end of the day. I'd appreciate your help.,en,True
CONV-03682,web_form,I’m contacting support because Can you see what stage ORD-100182 is at right now? This is my first time dealing with this issue. Please let me know.,en,True
CONV-03683,email,"Hi, Where can I request a password reset? I noticed this while reviewing my recent activity. I'd appreciate your help.",en,True
CONV-03684,email,My account suddenly won't let me log in. Please let me know.,en,True
CONV-03685,web_form,I’m contacting support because When should the refund appear in my account? I haven't changed anything on my account. Please let me know.,en,True
CONV-03686,web_form,Please advise: I'm locked out of my account and need access. I’m trying to sort this out before the end of the day. Any guidance would be helpful.,en,True
CONV-03687,web_form,I need some help. What exactly is included with this item?,en,True
CONV-03688,email,Please advise: I'm still waiting for the money from my return. Can you check? I noticed this while reviewing my recent activity. I'd appreciate your help.,en,True
CONV-03689,mobile_app,Quick question: The item arrived damaged. What should I do? I placed the order earlier today. Any guidance would be helpful.,en,True
CONV-03690,mobile_app,"Hi, My multi-item order is incomplete. I’m trying to sort this out before the end of the day. I'd appreciate your help.",en,True
CONV-03691,mobile_app,"Hi, How do I change the address attached to my order? I placed the order earlier today. I’d like to resolve this today.",en,True
CONV-03692,mobile_app,"Hi, Where can I request a password reset? I’m trying to sort this out before the end of the day. Any guidance would be helpful.",en,True
CONV-03693,web_form,Could you tell me the current status of my refund? I haven't changed anything on my account. Thank you.,en,True
CONV-03694,chat,I wanted to check whether I have a question about the charge on my recurring plan.,en,True
CONV-03695,mobile_app,I’m contacting support because Where should I enter my promo code? This is my first time dealing with this issue. Thank you.,en,True
CONV-03696,web_form,I need some help. I’m planning around the delivery. When is it expected? I haven't changed anything on my account.,en,True
CONV-03697,web_form,Quick question: I want to track the package that was just dispatched. I’m trying to sort this out before the end of the day. Any guidance would be helpful.,en,True
CONV-03698,chat,"Quick question: I have tried several times, but the transaction won't go through. I’m trying to sort this out before the end of the day. Any guidance would be helpful.",en,True
CONV-03699,mobile_app,I need some help. The delivery date for ORD-100401 has passed and I'm still waiting. Please let me know.,en,True
CONV-03700,web_form,I wanted to check whether I need to create a new password because I can't remember mine. Please let me know.,en,True
CONV-03701,chat,Could you help me? Please help me arrange a return. I’m trying to sort this out before the end of the day. I'd appreciate your help.,en,True
CONV-03702,email,I’m contacting support because Something different was packed instead of what I purchased. I haven't changed anything on my account.,en,True
CONV-03703,web_form,Just checking — Where is ORD-104860 right now? I’m trying to sort this out before the end of the day. Any guidance would be helpful.,en,True
CONV-03704,chat,Just checking — Where is ORD-104910 right now? I noticed this while reviewing my recent activity. I'd appreciate your help.,en,True
CONV-03705,email,"Quick question: The box arrived, but mug wasn't inside. I placed the order earlier today. Any guidance would be helpful.",en,True
CONV-03706,email,Please advise: I don't recognize the amount billed for my membership. I’m trying to sort this out before the end of the day. I’d like to resolve this today.,en,True
CONV-03707,web_form,What is the estimated delivery date for my package? This is my first time dealing with this issue.,en,True
CONV-03708,chat,"Hi, Could you explain the return process for this purchase? I’m trying to sort this out before the end of the day. I’d like to resolve this today.",en,True
CONV-03709,email,Just checking — It looks like I was billed twice for ORD-101521. I noticed this while reviewing my recent activity. Thanks.,en,True
CONV-03710,web_form,Please advise: Can you show me the latest tracking update for my shipment? I noticed this while reviewing my recent activity. Thanks.,en,True
CONV-03711,chat,"Hi, I can't sign in to my account. I’m trying to sort this out before the end of the day. I’d like to resolve this today.",en,True
CONV-03712,chat,I wanted to check whether Do you have an update on ORD-100136? I want to know where it stands. I haven't changed anything on my account.,en,True
CONV-03713,web_form,I need some help. Can I change the shipping address for ORD-103590? I haven't changed anything on my account. Can you check?,en,True
CONV-03714,chat,I’m contacting support because Roughly how long will delivery take? Please let me know.,en,True
CONV-03715,chat,Quick question: The promised delivery window is over for ORD-100334. I placed the order earlier today. Any guidance would be helpful.,en,True
CONV-03716,chat,"Hi, ORD-100390 was due on Wednesday, but it still hasn't arrived. I’m trying to sort this out before the end of the day. Any guidance would be helpful.",en,True
CONV-03717,email,I wanted to check whether The promotional code says it is invalid.,en,True
CONV-03718,web_form,"Hi, Could you tell me the current location or transit stage of my parcel? I noticed this while reviewing my recent activity. Thanks.",en,True
CONV-03719,web_form,"Hi, How can I prevent the plan from renewing? I’m trying to sort this out before the end of the day. Any guidance would be helpful.",en,True
CONV-03720,mobile_app,I wanted to check whether Please stop ORD-101817 before it is dispatched. Can you check?,en,True
CONV-03721,web_form,"Hi, ORD-100400 was due on Monday, but it still hasn't arrived. I placed the order earlier today. I'd appreciate your help.",en,True
CONV-03722,web_form,"Hello, When should ORD-100710 arrive? I haven't changed anything on my account.",en,True
CONV-03723,mobile_app,"Hi, When should the refund appear in my account? I placed the order earlier today. Any guidance would be helpful.",en,True
CONV-03724,mobile_app,"Hello, Could you help me end my recurring plan? This is my first time dealing with this issue.",en,True
CONV-03725,email,Something about my account activity looks suspicious.,en,True
CONV-03726,web_form,I wanted to check whether Do you have an update on ORD-100046? I want to know where it stands. I haven't changed anything on my account. Please let me know.,en,True
CONV-03727,email,Just checking — It looks like I was billed twice for ORD-101561. I’m trying to sort this out before the end of the day. Thanks.,en,True
CONV-03728,email,I’m contacting support because Could you tell me the current location or transit stage of my parcel? Please let me know.,en,True
CONV-03729,web_form,Please update the destination before the order ships. This is my first time dealing with this issue.,en,True
CONV-03730,web_form,"Hello, I entered the wrong delivery address. Can it be corrected? This is my first time dealing with this issue. Can you check?",en,True
CONV-03731,chat,Could you help me? Has the courier scanned ORD-104982 yet? I noticed this while reviewing my recent activity. I'd appreciate your help.,en,True
CONV-03732,chat,Could you tell me the current status of my refund? Can you check?,en,True
CONV-03733,email,Just checking — Part of ORD-102513 was not included in the delivery. I noticed this while reviewing my recent activity. Any guidance would be helpful.,en,True
CONV-03734,chat,I wanted to check whether I need to redirect this package to another address. I haven't changed anything on my account. Please let me know.,en,True
CONV-03735,mobile_app,"Quick question: The item was returned, but I haven't received the refund. I noticed this while reviewing my recent activity. Any guidance would be helpful.",en,True
CONV-03736,chat,I’m contacting support because Why was my subscription charged this month? This is my first time dealing with this issue. Can you check?,en,True
CONV-03737,mobile_app,"Hi, Where can I request a password reset? I placed the order earlier today. Any guidance would be helpful.",en,True
CONV-03738,mobile_app,"Hello, My package contains a different product. Thank you.",en,True
CONV-03739,chat,The same purchase appears twice on my card statement. This is my first time dealing with this issue. Thank you.,en,True
CONV-03740,chat,Please advise: Can you cancel ORD-101750 for me? I placed the order earlier today. I’d like to resolve this today.,en,True
CONV-03741,mobile_app,Has the courier scanned ORD-104837 yet? This is my first time dealing with this issue. Can you check?,en,True
CONV-03742,chat,I need some help. Can you explain the latest recurring charge? This is my first time dealing with this issue.,en,True
CONV-03743,email,I need some help. Can you help me cancel my recent order? Thank you.,en,True
CONV-03744,chat,"Could you help me? I expected this shipment already, but it hasn't turned up. I noticed this while reviewing my recent activity. Thanks.",en,True
CONV-03745,mobile_app,Could you help me? I’m checking on ORD-100215. Could you tell me its current status? I placed the order earlier today. Thanks.,en,True
CONV-03746,mobile_app,Quick question: I need to redirect this package to another address. I placed the order earlier today. I'd appreciate your help.,en,True
CONV-03747,mobile_app,"I wanted to check whether I have tried several times, but the transaction won't go through. This is my first time dealing with this issue. Please let me know.",en,True
CONV-03748,mobile_app,Quick question: Do you have an update on ORD-100011? I want to know where it stands. I placed the order earlier today. Any guidance would be helpful.,en,True
CONV-03749,chat,I’m contacting support because I see two charges for the same purchase. This is my first time dealing with this issue. Please let me know.,en,True
CONV-03750,chat,I need some help. Can I change the shipping address for ORD-103640? Please let me know.,en,True
CONV-03751,mobile_app,I’m contacting support because How can I prevent the plan from renewing? I haven't changed anything on my account. Can you check?,en,True
CONV-03752,email,I wanted to check whether The promotional code says it is invalid. I haven't changed anything on my account.,en,True
CONV-03753,chat,I need some help. I can't recall my password and need to change it. I haven't changed anything on my account.,en,True
CONV-03754,web_form,Quick question: I keep getting rejected when I try to sign in. I’m trying to sort this out before the end of the day. Thanks.,en,True
CONV-03755,mobile_app,Please advise: I forgot my password. How can I reset it? I’m trying to sort this out before the end of the day. Thanks.,en,True
CONV-03756,web_form,Just checking — Where is ORD-104840 right now? I placed the order earlier today. Thanks.,en,True
CONV-03757,chat,Could you help me? I was sent the wrong model. I noticed this while reviewing my recent activity. Thanks.,en,True
CONV-03758,mobile_app,"Quick question: The box arrived, but notebook wasn't inside. I’m trying to sort this out before the end of the day. I'd appreciate your help.",en,True
CONV-03759,mobile_app,My account suddenly won't let me log in. This is my first time dealing with this issue.,en,True
CONV-03760,email,Quick question: Do you have an update on ORD-100101? I want to know where it stands. I placed the order earlier today. I'd appreciate your help.,en,True
CONV-03761,email,"Hi, How do I change the address attached to my order? I placed the order earlier today. Any guidance would be helpful.",en,True
CONV-03762,chat,Just checking — Why does the payment fail whenever I try to complete the order? I placed the order earlier today. Any guidance would be helpful.,en,True
CONV-03763,mobile_app,Quick question: Do you have an update on ORD-100171? I want to know where it stands. I noticed this while reviewing my recent activity. Any guidance would be helpful.,en,True
CONV-03764,mobile_app,"Hi, Can you see what stage ORD-100107 is at right now? I placed the order earlier today. Any guidance would be helpful.",en,True
CONV-03765,chat,I need some help. Can you explain the latest recurring charge? Can you check?,en,True
CONV-03766,email,"Hi, How do I change the address attached to my order? I’m trying to sort this out before the end of the day. Thanks.",en,True
CONV-03767,email,"Hello, Can you show me the latest tracking update for my shipment? Please let me know.",en,True
CONV-03768,email,"Hello, My discount code isn't working. I haven't changed anything on my account. Can you check?",en,True
CONV-03769,mobile_app,Could you help me? My subscription payment was higher than I expected. I placed the order earlier today. Thanks.,en,True
CONV-03770,mobile_app,I wanted to check whether Please stop my recurring membership.,en,True
CONV-03771,web_form,"Hello, I don't recognize the amount billed for my membership. I haven't changed anything on my account. Thank you.",en,True
CONV-03772,email,Could you help me? Could you explain the available options for this product? I noticed this while reviewing my recent activity. Thanks.,en,True
CONV-03773,chat,I’m checking on ORD-100060. Could you tell me its current status? Can you check?,en,True
CONV-03774,chat,I need some help. Has the refund for ORD-101240 been issued yet? This is my first time dealing with this issue. Can you check?,en,True
CONV-03775,email,Just checking — What exactly is included with this item? I placed the order earlier today. Thanks.,en,True
CONV-03776,chat,I need some help. Has the refund for ORD-101040 been issued yet? Can you check?,en,True
CONV-03777,mobile_app,Please advise: I don't recognize the amount billed for my membership. I noticed this while reviewing my recent activity. Any guidance would be helpful.,en,True
CONV-03778,web_form,"Hi, I can't sign in to my account. I placed the order earlier today. Thanks.",en,True
CONV-03779,chat,I wanted to check whether The item arrived damaged. What should I do? I haven't changed anything on my account.,en,True
CONV-03780,chat,I wanted to check whether I think I was charged more than once for a single checkout. Thank you.,en,True
CONV-03781,email,Please advise: I entered the wrong delivery address. Can it be corrected? I’m trying to sort this out before the end of the day. Thanks.,en,True
CONV-03782,email,Just checking — I placed ORD-100153 recently. What is happening with it? I noticed this while reviewing my recent activity. I’d like to resolve this today.,en,True
CONV-03783,chat,"Hello, The product has a crack that wasn't shown in the listing.",en,True
CONV-03784,mobile_app,I need some help. The delivery date for ORD-100481 has passed and I'm still waiting. This is my first time dealing with this issue. Please let me know.,en,True
CONV-03785,email,Could you help me? My subscription payment was higher than I expected. I’m trying to sort this out before the end of the day. I’d like to resolve this today.,en,True
CONV-03786,mobile_app,"Hello, My discount code isn't working. This is my first time dealing with this issue. Please let me know.",en,True
CONV-03787,web_form,I wanted to check whether I need to redirect this package to another address. I haven't changed anything on my account.,en,True
CONV-03788,email,"Hi, Why was my subscription charged this month? I’m trying to sort this out before the end of the day. I'd appreciate your help.",en,True
CONV-03789,web_form,Please update the destination before the order ships.,en,True
CONV-03790,email,I wanted to check whether I noticed a login I don't recognize. I haven't changed anything on my account. Can you check?,en,True
CONV-03791,chat,Quick question: Please stop ORD-101762 before it is dispatched. I placed the order earlier today. I'd appreciate your help.,en,True
CONV-03792,web_form,I wanted to check whether I need to redirect this package to another address.,en,True
CONV-03793,email,I wanted to check whether I want to track the package that was just dispatched. I haven't changed anything on my account. Thank you.,en,True
CONV-03794,chat,Quick question: I want to return ORD-100750. How do I start? I noticed this while reviewing my recent activity. I'd appreciate your help.,en,True
CONV-03795,mobile_app,"Hi, How do I change the address attached to my order? I noticed this while reviewing my recent activity. I’d like to resolve this today.",en,True
CONV-03796,mobile_app,"Hello, Can you cancel ORD-101785 for me? I haven't changed anything on my account. Can you check?",en,True
CONV-03797,chat,Please advise: My discount code isn't working. I noticed this while reviewing my recent activity. Any guidance would be helpful.,en,True
CONV-03798,email,"Hello, I received a security alert for an unfamiliar sign-in.",en,True
CONV-03799,web_form,"Hi, Where should I enter my promo code? I noticed this while reviewing my recent activity. I’d like to resolve this today.",en,True
CONV-03800,mobile_app,"I’m contacting support because ORD-100405 was due on Saturday, but it still hasn't arrived. I haven't changed anything on my account. Thank you.",en,True
CONV-03801,mobile_app,I need some help. I changed my mind and would like to send the item back. I haven't changed anything on my account. Can you check?,en,True
CONV-03802,mobile_app,"Quick question: The box arrived, but headphones wasn't inside. I noticed this while reviewing my recent activity. I’d like to resolve this today.",en,True
CONV-03803,web_form,One product from my order is missing. I haven't changed anything on my account.,en,True
CONV-03804,email,I need some help. I don't want the subscription to continue after this billing period. This is my first time dealing with this issue. Thank you.,en,True
CONV-03805,email,"Hi, Can you see what stage ORD-100097 is at right now? I’m trying to sort this out before the end of the day. I’d like to resolve this today.",en,True
CONV-03806,mobile_app,I need some help. Why does the payment fail whenever I try to complete the order? Please let me know.,en,True
CONV-03807,email,Why is the coupon being rejected at checkout? I haven't changed anything on my account.,en,True
CONV-03808,email,I need some help. The login page won't let me access my account. Please let me know.,en,True
CONV-03809,chat,Quick question: I keep getting rejected when I try to sign in. I noticed this while reviewing my recent activity. I'd appreciate your help.,en,True
CONV-03810,web_form,I wanted to check whether Do you have an update on ORD-100186? I want to know where it stands. Thank you.,en,True
CONV-03811,mobile_app,Could you help me? My subscription payment was higher than I expected. I placed the order earlier today. Any guidance would be helpful.,en,True
CONV-03812,mobile_app,Just checking — Part of ORD-102723 was not included in the delivery. I noticed this while reviewing my recent activity. I'd appreciate your help.,en,True
CONV-03813,mobile_app,Quick question: I need to redirect this package to another address. I noticed this while reviewing my recent activity. I'd appreciate your help.,en,True
CONV-03814,web_form,"Hello, The product has a crack that wasn't shown in the listing. This is my first time dealing with this issue. Thank you.",en,True
CONV-03815,email,"Hello, I can't finish the purchase because the payment isn't accepted. I haven't changed anything on my account.",en,True
CONV-03816,chat,I need some help. I placed ORD-100148 recently. What is happening with it? I haven't changed anything on my account. Can you check?,en,True
CONV-03817,chat,I need some help. I placed ORD-100028 recently. What is happening with it? I haven't changed anything on my account. Can you check?,en,True
CONV-03818,chat,I’m contacting support because Why was my subscription charged this month? I haven't changed anything on my account. Can you check?,en,True
CONV-03819,email,Quick question: I have a question about the charge on my recurring plan. I placed the order earlier today. I’d like to resolve this today.,en,True
CONV-03820,email,"Hello, I received a security alert for an unfamiliar sign-in. I haven't changed anything on my account. Can you check?",en,True
CONV-03821,chat,I wanted to check whether Can you give me an ETA for this shipment? I haven't changed anything on my account. Please let me know.,en,True
CONV-03822,chat,Just checking — The login page won't let me access my account. I noticed this while reviewing my recent activity. I’d like to resolve this today.,en,True
CONV-03823,web_form,Quick question: Please stop my recurring membership. I placed the order earlier today. Any guidance would be helpful.,en,True
CONV-03824,chat,"Quick question: I have tried several times, but the transaction won't go through. I placed the order earlier today. Any guidance would be helpful.",en,True
CONV-03825,mobile_app,"Hello, Can you cancel ORD-101845 for me? I haven't changed anything on my account.",en,True
CONV-03826,web_form,I wanted to check whether Can you tell me more about this product's features? This is my first time dealing with this issue. Can you check?,en,True
CONV-03827,email,Please advise: Would you mind checking the latest status of ORD-100129? I noticed this while reviewing my recent activity. I’d like to resolve this today.,en,True
CONV-03828,mobile_app,Quick question: I think I was charged more than once for a single checkout. I noticed this while reviewing my recent activity. I'd appreciate your help.,en,True
CONV-03829,email,"Hi, How do I change the address attached to my order? I’m trying to sort this out before the end of the day. Any guidance would be helpful.",en,True
CONV-03830,mobile_app,Please advise: Does this product come with the accessories shown? I noticed this while reviewing my recent activity. I’d like to resolve this today.,en,True
CONV-03831,email,Could you help me? What is the estimated delivery date for my package? I’m trying to sort this out before the end of the day. Thanks.,en,True
CONV-03832,chat,"Hi, How can I prevent the plan from renewing? I’m trying to sort this out before the end of the day. I’d like to resolve this today.",en,True
CONV-03833,chat,I’m contacting support because Where can I request a password reset? I haven't changed anything on my account.,en,True
CONV-03834,mobile_app,I wanted to check whether I keep getting rejected when I try to sign in. I haven't changed anything on my account.,en,True
CONV-03835,web_form,Could you help me? Why is the coupon being rejected at checkout? I placed the order earlier today. I’d like to resolve this today.,en,True
CONV-03836,chat,The same purchase appears twice on my card statement. I haven't changed anything on my account. Thank you.,en,True
CONV-03837,mobile_app,My account suddenly won't let me log in.,en,True
CONV-03838,chat,Quick question: The promised delivery window is over for ORD-100454. I placed the order earlier today. Any guidance would be helpful.,en,True
CONV-03839,web_form,Could you help me? My account suddenly won't let me log in. I placed the order earlier today. Any guidance would be helpful.,en,True
CONV-03840,chat,I wanted to check whether The item arrived damaged. What should I do? This is my first time dealing with this issue.,en,True
CONV-03841,web_form,Quick question: Please stop ORD-101772 before it is dispatched. I noticed this while reviewing my recent activity. Thanks.,en,True
CONV-03842,email,I need some help. The item I received isn't the one I ordered. This is my first time dealing with this issue.,en,True
CONV-03843,email,Just checking — I’m planning around the delivery. When is it expected? I placed the order earlier today. Any guidance would be helpful.,en,True
CONV-03844,mobile_app,"Hi, Can you see what stage ORD-100167 is at right now? I placed the order earlier today. Thanks.",en,True
CONV-03845,web_form,"Hello, When should ORD-100730 arrive? Can you check?",en,True
CONV-03846,chat,My subscription payment was higher than I expected. I haven't changed anything on my account.,en,True
CONV-03847,chat,Please advise: I received a security alert for an unfamiliar sign-in. I placed the order earlier today. Thanks.,en,True
CONV-03848,web_form,"My delivery arrived, but the item inside is damaged. Thank you.",en,True
CONV-03849,mobile_app,Quick question: I have a question about the charge on my recurring plan. I placed the order earlier today. Thanks.,en,True
CONV-03850,chat,I need some help. Can I change the shipping address for ORD-103700? Thank you.,en,True
CONV-03851,web_form,"Hello, Why are there duplicate transactions for one order? This is my first time dealing with this issue. Can you check?",en,True
CONV-03852,mobile_app,Quick question: Can you give me an ETA for this shipment? I’m trying to sort this out before the end of the day. I'd appreciate your help.,en,True
CONV-03853,mobile_app,"I wanted to check whether I have tried several times, but the transaction won't go through. This is my first time dealing with this issue. Thank you.",en,True
CONV-03854,email,Please advise: I forgot my password. How can I reset it? I noticed this while reviewing my recent activity. I’d like to resolve this today.,en,True
CONV-03855,chat,I need some help. I can't recall my password and need to change it. This is my first time dealing with this issue. Can you check?,en,True
CONV-03856,chat,I’m contacting support because I see two charges for the same purchase. This is my first time dealing with this issue. Thank you.,en,True
CONV-03857,chat,I’m contacting support because Where can I request a password reset? I haven't changed anything on my account. Can you check?,en,True
CONV-03858,chat,Please advise: My discount code isn't working. I noticed this while reviewing my recent activity. Any guidance would be helpful.,en,True
CONV-03859,mobile_app,I need some help. The login page won't let me access my account. I haven't changed anything on my account. Can you check?,en,True
CONV-03860,chat,I’m checking on ORD-100040. Could you tell me its current status? I haven't changed anything on my account.,en,True
CONV-03861,email,"Hello, I can't finish the purchase because the payment isn't accepted. I haven't changed anything on my account. Can you check?",en,True
CONV-03862,email,"Could you help me? My delivery arrived, but the item inside is damaged. I noticed this while reviewing my recent activity. I’d like to resolve this today.",en,True
CONV-03863,mobile_app,Quick question: The item arrived damaged. What should I do? I placed the order earlier today. Thanks.,en,True
CONV-03864,email,Quick question: I need to create a new password because I can't remember mine. I’m trying to sort this out before the end of the day. I'd appreciate your help.,en,True
CONV-03865,mobile_app,I’m contacting support because I can't sign in to my account. I haven't changed anything on my account. Can you check?,en,True
CONV-03866,web_form,"Hello, Would you mind checking the latest status of ORD-100074? This is my first time dealing with this issue. Thank you.",en,True
CONV-03867,mobile_app,"Hello, Could you help me end my recurring plan?",en,True
CONV-03868,web_form,"Hi, Could you tell me the current location or transit stage of my parcel? I noticed this while reviewing my recent activity. Any guidance would be helpful.",en,True
CONV-03869,email,"Hi, My multi-item order is incomplete. I noticed this while reviewing my recent activity. Any guidance would be helpful.",en,True
CONV-03870,chat,"Hello, I forgot my password. How can I reset it?",en,True
CONV-03871,chat,I’m contacting support because I opened the package and found the product broken. This is my first time dealing with this issue. Can you check?,en,True
CONV-03872,mobile_app,I need some help. The delivery date for ORD-100441 has passed and I'm still waiting. I haven't changed anything on my account. Please let me know.,en,True
CONV-03873,mobile_app,Just checking — Can you explain the latest recurring charge? I placed the order earlier today. Any guidance would be helpful.,en,True
CONV-03874,mobile_app,"Hi, I opened the package and found the product broken. I’m trying to sort this out before the end of the day. Any guidance would be helpful.",en,True
CONV-03875,email,"Quick question: The box arrived, but cable wasn't inside. I’m trying to sort this out before the end of the day. Thanks.",en,True
CONV-03876,chat,"Hi, I think someone may have accessed my account. I’m trying to sort this out before the end of the day. Any guidance would be helpful.",en,True
CONV-03877,mobile_app,"I wanted to check whether I have tried several times, but the transaction won't go through. I haven't changed anything on my account. Please let me know.",en,True
CONV-03878,mobile_app,I no longer want this order. Is cancellation still possible?,en,True
CONV-03879,chat,"Hi, Could you tell me the current location or transit stage of my parcel? I noticed this while reviewing my recent activity. I'd appreciate your help.",en,True
CONV-03880,chat,Quick question: I noticed a login I don't recognize. I placed the order earlier today. Thanks.,en,True
CONV-03881,web_form,Please advise: I can't finish the purchase because the payment isn't accepted. I’m trying to sort this out before the end of the day. I’d like to resolve this today.,en,True
CONV-03882,chat,I wanted to check whether Do you have an update on ORD-100236? I want to know where it stands. This is my first time dealing with this issue. Can you check?,en,True
CONV-03883,mobile_app,"Please advise: I received the package, but one of the products is absent. I placed the order earlier today. I’d like to resolve this today.",en,True
CONV-03884,chat,"Hello, When should ORD-100520 arrive? Thank you.",en,True
CONV-03885,email,Just checking — Part of ORD-102573 was not included in the delivery. I noticed this while reviewing my recent activity. Thanks.,en,True
CONV-03886,web_form,Quick question: I noticed a login I don't recognize. I placed the order earlier today. I’d like to resolve this today.,en,True
CONV-03887,web_form,Can you send me through the password recovery process? Please let me know.,en,True
CONV-03888,web_form,Could you help me? My account suddenly won't let me log in. I’m trying to sort this out before the end of the day. Thanks.,en,True
CONV-03889,mobile_app,Please advise: When should ORD-100735 arrive? I placed the order earlier today. I’d like to resolve this today.,en,True
CONV-03890,mobile_app,Please advise: Does this product come with the accessories shown? I placed the order earlier today. I’d like to resolve this today.,en,True
CONV-03891,mobile_app,I’m contacting support because Could you tell me the current location or transit stage of my parcel? I haven't changed anything on my account.,en,True
CONV-03892,web_form,I’m contacting support because I opened the package and found the product broken. This is my first time dealing with this issue. Thank you.,en,True
CONV-03893,mobile_app,"Please advise: I received the package, but one of the products is absent. I’m trying to sort this out before the end of the day. I’d like to resolve this today.",en,True
CONV-03894,email,Just checking — I can't recall my password and need to change it. I’m trying to sort this out before the end of the day. I’d like to resolve this today.,en,True
CONV-03895,mobile_app,I need some help. The login page won't let me access my account.,en,True
CONV-03896,chat,I wanted to check whether Can you give me an ETA for this shipment? Thank you.,en,True
CONV-03897,email,I need some help. Why does the payment fail whenever I try to complete the order?,en,True
CONV-03898,email,I’m contacting support because Checkout keeps rejecting my payment. Can you check?,en,True
CONV-03899,mobile_app,Quick question: Can you tell me more about this product's features? I noticed this while reviewing my recent activity. I’d like to resolve this today.,en,True
CONV-03900,web_form,I’m contacting support because I need the specifications before I decide whether to buy it. This is my first time dealing with this issue.,en,True
CONV-03901,email,I’m contacting support because How can I prevent the plan from renewing? This is my first time dealing with this issue. Please let me know.,en,True
CONV-03902,chat,Please advise: Can you cancel ORD-101890 for me? I’m trying to sort this out before the end of the day. I'd appreciate your help.,en,True
CONV-03903,email,"Hello, I'm locked out of my account and need access. I haven't changed anything on my account. Thank you.",en,True
CONV-03904,web_form,"Hi, Could you tell me the current location or transit stage of my parcel? I placed the order earlier today. Any guidance would be helpful.",en,True
CONV-03905,mobile_app,I need some help. There are changes in my profile that I didn't make. I haven't changed anything on my account. Thank you.,en,True
CONV-03906,web_form,Could you help me? Please help me arrange a return. I’m trying to sort this out before the end of the day. Thanks.,en,True
CONV-03907,email,Could you help me? Could you explain the available options for this product? I’m trying to sort this out before the end of the day. Any guidance would be helpful.,en,True
CONV-03908,email,"Hello, I can't finish the purchase because the payment isn't accepted.",en,True
CONV-03909,mobile_app,"Hello, What steps do I need to follow to return this product? Can you check?",en,True
CONV-03910,email,I’m contacting support because Could you tell me the current location or transit stage of my parcel? I haven't changed anything on my account. Thank you.,en,True
CONV-03911,web_form,Quick question: The delivered item doesn't match my order. I’m trying to sort this out before the end of the day. I’d like to resolve this today.,en,True
CONV-03912,mobile_app,"Hi, I see two charges for the same purchase. I’m trying to sort this out before the end of the day. I’d like to resolve this today.",en,True
CONV-03913,email,Please advise: Does this product come with the accessories shown? I noticed this while reviewing my recent activity. Thanks.,en,True
CONV-03914,web_form,"Hello, I forgot my password. How can I reset it? I haven't changed anything on my account. Thank you.",en,True
CONV-03915,mobile_app,Why is the coupon being rejected at checkout? Please let me know.,en,True
CONV-03916,web_form,What is the estimated delivery date for my package? Can you check?,en,True
CONV-03917,web_form,I wanted to check whether Can you tell me more about this product's features? I haven't changed anything on my account. Can you check?,en,True
CONV-03918,web_form,"Hello, I forgot my password. How can I reset it? I haven't changed anything on my account. Thank you.",en,True
CONV-03919,email,Please advise: When should ORD-100745 arrive? I noticed this while reviewing my recent activity. Any guidance would be helpful.,en,True
CONV-03920,web_form,I’m contacting support because How do I change the address attached to my order? This is my first time dealing with this issue.,en,True
CONV-03921,email,I need some help. Can you help me cancel my recent order? This is my first time dealing with this issue. Please let me know.,en,True
CONV-03922,web_form,Please advise: My discount code isn't working. I’m trying to sort this out before the end of the day. I'd appreciate your help.,en,True
CONV-03923,chat,Please advise: I'm locked out of my account and need access. I placed the order earlier today. I'd appreciate your help.,en,True
CONV-03924,web_form,Quick question: Please stop my recurring membership. I noticed this while reviewing my recent activity. Thanks.,en,True
CONV-03925,email,"Hi, Roughly how long will delivery take? I placed the order earlier today. Any guidance would be helpful.",en,True
CONV-03926,email,Quick question: Do you have an update on ORD-100081? I want to know where it stands. I noticed this while reviewing my recent activity. I’d like to resolve this today.,en,True
CONV-03927,web_form,Please advise: Can you show me the latest tracking update for my shipment? I noticed this while reviewing my recent activity. Thanks.,en,True
CONV-03928,web_form,Just checking — Why does the payment fail whenever I try to complete the order? I placed the order earlier today. I'd appreciate your help.,en,True
CONV-03929,web_form,Could you explain the available options for this product?,en,True
CONV-03930,chat,Could you help me? Please help me arrange a return. I placed the order earlier today. I’d like to resolve this today.,en,True
CONV-03931,web_form,Just checking — There are changes in my profile that I didn't make. I noticed this while reviewing my recent activity. I'd appreciate your help.,en,True
CONV-03932,mobile_app,Just checking — Can I change the shipping address for ORD-103695? I’m trying to sort this out before the end of the day. I'd appreciate your help.,en,True
CONV-03933,web_form,"Hi, Could you tell me the current location or transit stage of my parcel? I placed the order earlier today. Any guidance would be helpful.",en,True
CONV-03934,chat,Can you send me through the password recovery process?,en,True
CONV-03935,web_form,"Hello, The product has a crack that wasn't shown in the listing. I haven't changed anything on my account. Please let me know.",en,True
CONV-03936,chat,"Hello, I don't recognize the amount billed for my membership.",en,True
CONV-03937,chat,Could you help me? Please help me arrange a return. I noticed this while reviewing my recent activity. I'd appreciate your help.,en,True
CONV-03938,mobile_app,I wanted to check whether The promised delivery window is over for ORD-100329. Please let me know.,en,True
CONV-03939,web_form,"My delivery arrived, but the item inside is damaged. I haven't changed anything on my account. Please let me know.",en,True
CONV-03940,email,"Hi, I opened the package and found the product broken. I placed the order earlier today. I’d like to resolve this today.",en,True
CONV-03941,email,"Hello, What steps do I need to follow to return this product? I haven't changed anything on my account. Please let me know.",en,True
CONV-03942,chat,Just checking — I changed my mind and would like to send the item back. I noticed this while reviewing my recent activity. I'd appreciate your help.,en,True
CONV-03943,mobile_app,Just checking — What exactly is included with this item? I noticed this while reviewing my recent activity. I’d like to resolve this today.,en,True
CONV-03944,mobile_app,Please help me arrange a return. Can you check?,en,True
CONV-03945,chat,"I wanted to check whether The box arrived, but charger wasn't inside. Please let me know.",en,True
CONV-03946,email,Quick question: Do you have an update on ORD-100181? I want to know where it stands. I’m trying to sort this out before the end of the day. I'd appreciate your help.,en,True
CONV-03947,chat,"Hello, Would you mind checking the latest status of ORD-100164? This is my first time dealing with this issue. Can you check?",en,True
CONV-03948,mobile_app,Could you help me? The same purchase appears twice on my card statement. I placed the order earlier today. I’d like to resolve this today.,en,True
CONV-03949,email,I need some help. The delivery date for ORD-100451 has passed and I'm still waiting. This is my first time dealing with this issue.,en,True
CONV-03950,web_form,I need some help. Part of ORD-102538 was not included in the delivery. I haven't changed anything on my account. Can you check?,en,True
CONV-03951,email,Please advise: I don't recognize the amount billed for my membership. I’m trying to sort this out before the end of the day. I’d like to resolve this today.,en,True
CONV-03952,email,I need some help. Where is ORD-104775 right now? Please let me know.,en,True
CONV-03953,email,"I wanted to check whether I have tried several times, but the transaction won't go through. This is my first time dealing with this issue.",en,True
CONV-03954,email,Just checking — I can't recall my password and need to change it. I placed the order earlier today. I’d like to resolve this today.,en,True
CONV-03955,mobile_app,Please advise: I'm still waiting for the money from my return. Can you check? I placed the order earlier today. Any guidance would be helpful.,en,True
CONV-03956,mobile_app,Just checking — What exactly is included with this item? I placed the order earlier today. I'd appreciate your help.,en,True
CONV-03957,email,"Hi, Why was my subscription charged this month? I noticed this while reviewing my recent activity. I'd appreciate your help.",en,True
CONV-03958,mobile_app,Something about my account activity looks suspicious. I haven't changed anything on my account. Thank you.,en,True
CONV-03959,email,I’m contacting support because Checkout keeps rejecting my payment. This is my first time dealing with this issue.,en,True
CONV-03960,email,Please advise: I don't recognize the amount billed for my membership. I placed the order earlier today. I’d like to resolve this today.,en,True
CONV-03961,email,Quick question: Can you tell me more about this product's features? I’m trying to sort this out before the end of the day. Thanks.,en,True
CONV-03962,chat,I need some help. Can I change the shipping address for ORD-103680? I haven't changed anything on my account. Please let me know.,en,True
CONV-03963,mobile_app,"Hi, I need the specifications before I decide whether to buy it. I placed the order earlier today. I’d like to resolve this today.",en,True
CONV-03964,chat,My subscription payment was higher than I expected. This is my first time dealing with this issue.,en,True
CONV-03965,web_form,Quick question: I noticed a login I don't recognize. I’m trying to sort this out before the end of the day. I'd appreciate your help.,en,True
CONV-03966,chat,Quick question: I noticed a login I don't recognize. I placed the order earlier today. Thanks.,en,True
CONV-03967,chat,I’m contacting support because I need the specifications before I decide whether to buy it. This is my first time dealing with this issue. Please let me know.,en,True
CONV-03968,email,Please advise: I forgot my password. How can I reset it? I placed the order earlier today. I’d like to resolve this today.,en,True
CONV-03969,email,"Hello, My parcel is 6 days late. Can you investigate? I haven't changed anything on my account. Can you check?",en,True
CONV-03970,chat,Please advise: Can you cancel ORD-101790 for me? I noticed this while reviewing my recent activity. I’d like to resolve this today.,en,True
CONV-03971,chat,Just checking — The item I received isn't the one I ordered. I noticed this while reviewing my recent activity. Thanks.,en,True
CONV-03972,web_form,I’m contacting support because I opened the package and found the product broken. I haven't changed anything on my account. Please let me know.,en,True
CONV-03973,mobile_app,Just checking — There is visible damage on the item I received. I placed the order earlier today. Thanks.,en,True
CONV-03974,chat,"Hi, I'd like to withdraw this purchase if it hasn't shipped. I placed the order earlier today. I'd appreciate your help.",en,True
CONV-03975,email,Quick question: Can you tell me more about this product's features? I placed the order earlier today. Thanks.,en,True
CONV-03976,web_form,Please advise: My parcel is 3 days late. Can you investigate? I’m trying to sort this out before the end of the day. I'd appreciate your help.,en,True
CONV-03977,web_form,Just checking — I changed my mind and would like to send the item back. I’m trying to sort this out before the end of the day. Thanks.,en,True
CONV-03978,mobile_app,Just checking — I can't recall my password and need to change it. I’m trying to sort this out before the end of the day. Any guidance would be helpful.,en,True
CONV-03979,email,Just checking — What exactly is included with this item? I’m trying to sort this out before the end of the day. Thanks.,en,True
CONV-03980,chat,Just checking — There are changes in my profile that I didn't make. I’m trying to sort this out before the end of the day. Thanks.,en,True
CONV-03981,email,Please advise: I'm still waiting for the money from my return. Can you check? I placed the order earlier today. I'd appreciate your help.,en,True
CONV-03982,email,Why is the coupon being rejected at checkout? I haven't changed anything on my account. Can you check?,en,True
CONV-03983,mobile_app,Could you help me? Please update the destination before the order ships. I noticed this while reviewing my recent activity. I’d like to resolve this today.,en,True
CONV-03984,chat,Could you help me? Has the courier scanned ORD-104922 yet? I noticed this while reviewing my recent activity. I’d like to resolve this today.,en,True
CONV-03985,web_form,"My delivery arrived, but the item inside is damaged. Please let me know.",en,True
CONV-03986,email,I’m contacting support because I think someone may have accessed my account. This is my first time dealing with this issue. Can you check?,en,True
CONV-03987,email,"Could you help me? My delivery arrived, but the item inside is damaged. I noticed this while reviewing my recent activity. I’d like to resolve this today.",en,True
CONV-03988,mobile_app,I no longer want this order. Is cancellation still possible?,en,True
CONV-03989,mobile_app,"I wanted to check whether I have tried several times, but the transaction won't go through. I haven't changed anything on my account. Thank you.",en,True
CONV-03990,mobile_app,I need some help. I changed my mind and would like to send the item back.,en,True
CONV-03991,email,Please help me arrange a return. I haven't changed anything on my account. Please let me know.,en,True
CONV-03992,web_form,I’m contacting support because How do I change the address attached to my order? This is my first time dealing with this issue.,en,True
CONV-03993,chat,"Hi, How can I prevent the plan from renewing? I noticed this while reviewing my recent activity. I’d like to resolve this today.",en,True
CONV-03994,web_form,"Hello, Would you mind checking the latest status of ORD-100054? Please let me know.",en,True
CONV-03995,web_form,Please advise: I'm locked out of my account and need access. I’m trying to sort this out before the end of the day. Any guidance would be helpful.,en,True
CONV-03996,email,I wanted to check whether I noticed a login I don't recognize.,en,True
CONV-03997,web_form,Please advise: Can you cancel ORD-101920 for me? I’m trying to sort this out before the end of the day. Any guidance would be helpful.,en,True
CONV-03998,mobile_app,Just checking — Can I change the shipping address for ORD-103715? I noticed this while reviewing my recent activity. I’d like to resolve this today.,en,True
CONV-03999,web_form,I’m contacting support because I need the specifications before I decide whether to buy it. This is my first time dealing with this issue.,en,True
CONV-04000,chat,"Hi, Could you explain the return process for this purchase? I’m trying to sort this out before the end of the day. I’d like to resolve this today.",en,True
CONV-04001,email,Just checking — It looks like I was billed twice for ORD-101701. I noticed this while reviewing my recent activity. Any guidance would be helpful.,en,True
CONV-04002,mobile_app,"Hello, I received a security alert for an unfamiliar sign-in. Please let me know.",en,True
CONV-04003,email,"Hi, I opened the package and found the product broken. I noticed this while reviewing my recent activity. I’d like to resolve this today.",en,True
CONV-04004,chat,"Hello, I'm still waiting for the money from my return. Can you check? Can you check?",en,True
CONV-04005,email,I need some help. I changed my mind and would like to send the item back. Thank you.,en,True
CONV-04006,email,"Please advise: I received the package, but one of the products is absent. I noticed this while reviewing my recent activity. Thanks.",en,True
CONV-04007,email,Just checking — I placed ORD-100193 recently. What is happening with it? I’m trying to sort this out before the end of the day. I’d like to resolve this today.,en,True
CONV-04008,email,Quick question: I need to create a new password because I can't remember mine. I noticed this while reviewing my recent activity. I'd appreciate your help.,en,True
CONV-04009,web_form,Can you send me through the password recovery process? Thank you.,en,True
CONV-04010,chat,Please advise: I can't finish the purchase because the payment isn't accepted. I’m trying to sort this out before the end of the day. Any guidance would be helpful.,en,True
CONV-04011,email,"Hi, My multi-item order is incomplete. I’m trying to sort this out before the end of the day. Thanks.",en,True
CONV-04012,web_form,Please advise: What steps do I need to follow to return this product? I noticed this while reviewing my recent activity. Thanks.,en,True
CONV-04013,web_form,I need some help. What exactly is included with this item? I haven't changed anything on my account.,en,True
CONV-04014,web_form,"Hello, I forgot my password. How can I reset it? Please let me know.",en,True
CONV-04015,email,I wanted to check whether I noticed a login I don't recognize. I haven't changed anything on my account.,en,True
CONV-04016,mobile_app,Please advise: I forgot my password. How can I reset it? I placed the order earlier today. Any guidance would be helpful.,en,True
CONV-04017,mobile_app,"I’m contacting support because ORD-100285 was due on Saturday, but it still hasn't arrived. I haven't changed anything on my account. Thank you.",en,True
CONV-04018,chat,Quick question: I want to track the package that was just dispatched. I’m trying to sort this out before the end of the day. I’d like to resolve this today.,en,True
CONV-04019,web_form,"Could you help me? I expected this shipment already, but it hasn't turned up. I noticed this while reviewing my recent activity. I’d like to resolve this today.",en,True
CONV-04020,web_form,"Hi, Where should I enter my promo code? I’m trying to sort this out before the end of the day. I'd appreciate your help.",en,True
CONV-04021,web_form,Could you help me? I was sent the wrong model. I’m trying to sort this out before the end of the day. I’d like to resolve this today.,en,True
CONV-04022,email,"Hi, My multi-item order is incomplete. I noticed this while reviewing my recent activity. Thanks.",en,True
CONV-04023,mobile_app,"Could you help me? My delivery arrived, but the item inside is damaged. I placed the order earlier today. Thanks.",en,True
CONV-04024,mobile_app,Something about my account activity looks suspicious. Please let me know.,en,True
CONV-04025,web_form,I wanted to check whether Can you give me an ETA for this shipment? I haven't changed anything on my account. Can you check?,en,True
CONV-04026,email,I’m contacting support because Could you explain the return process for this purchase? Please let me know.,en,True
CONV-04027,email,I’m contacting support because Where should I enter my promo code? This is my first time dealing with this issue. Can you check?,en,True
CONV-04028,chat,Could you help me? Why is the coupon being rejected at checkout? I noticed this while reviewing my recent activity. Any guidance would be helpful.,en,True
CONV-04029,chat,Could you help me? I was sent the wrong model. I noticed this while reviewing my recent activity. Any guidance would be helpful.,en,True
CONV-04030,mobile_app,Please help me arrange a return. This is my first time dealing with this issue. Can you check?,en,True
CONV-04031,chat,I wanted to check whether I need to create a new password because I can't remember mine. This is my first time dealing with this issue.,en,True
CONV-04032,email,I need some help. Can you help me cancel my recent order? This is my first time dealing with this issue. Thank you.,en,True
CONV-04033,mobile_app,Could you help me? Could you explain the available options for this product? I’m trying to sort this out before the end of the day. I'd appreciate your help.,en,True
CONV-04034,chat,Just checking — The delivery date for ORD-100326 has passed and I'm still waiting. I noticed this while reviewing my recent activity. Any guidance would be helpful.,en,True
CONV-04035,chat,I need some help. Part of ORD-102608 was not included in the delivery. This is my first time dealing with this issue. Thank you.,en,True
CONV-04036,email,I need some help. Why does the payment fail whenever I try to complete the order? This is my first time dealing with this issue.,en,True
CONV-04037,chat,I wanted to check whether I think I was charged more than once for a single checkout. This is my first time dealing with this issue. Thank you.,en,True
CONV-04038,web_form,"Hello, I'm still waiting for the money from my return. Can you check? I haven't changed anything on my account. Thank you.",en,True
CONV-04039,mobile_app,Just checking — Part of ORD-102523 was not included in the delivery. I’m trying to sort this out before the end of the day. I'd appreciate your help.,en,True
CONV-04040,mobile_app,I need some help. The delivery date for ORD-100341 has passed and I'm still waiting. Thank you.,en,True
CONV-04041,email,Please advise: I entered the wrong delivery address. Can it be corrected? I’m trying to sort this out before the end of the day. Any guidance would be helpful.,en,True
CONV-04042,mobile_app,"Hi, Can you see what stage ORD-100147 is at right now? I noticed this while reviewing my recent activity. Any guidance would be helpful.",en,True
CONV-04043,chat,I’m contacting support because Roughly how long will delivery take? Thank you.,en,True
CONV-04044,web_form,Just checking — There are changes in my profile that I didn't make. I’m trying to sort this out before the end of the day. I’d like to resolve this today.,en,True
CONV-04045,mobile_app,Could you help me? Could you tell me the current status of my refund? I’m trying to sort this out before the end of the day. Thanks.,en,True
CONV-04046,web_form,Please advise: What steps do I need to follow to return this product? I placed the order earlier today. Thanks.,en,True
CONV-04047,chat,"Hi, Could you explain the return process for this purchase? I noticed this while reviewing my recent activity. I'd appreciate your help.",en,True
CONV-04048,mobile_app,Just checking — What exactly is included with this item? I placed the order earlier today. I’d like to resolve this today.,en,True
CONV-04049,web_form,"Hi, Checkout keeps rejecting my payment. I noticed this while reviewing my recent activity. I'd appreciate your help.",en,True
CONV-04050,mobile_app,I need some help. I don't want the subscription to continue after this billing period. This is my first time dealing with this issue. Can you check?,en,True
CONV-04051,mobile_app,Please advise: The product has a crack that wasn't shown in the listing. I noticed this while reviewing my recent activity. Any guidance would be helpful.,en,True
CONV-04052,email,Just checking — Part of ORD-102713 was not included in the delivery. I placed the order earlier today. Any guidance would be helpful.,en,True
CONV-04053,email,Could you help me? What is the estimated delivery date for my package? I noticed this while reviewing my recent activity. Thanks.,en,True
CONV-04054,web_form,Could you tell me the current status of my refund? I haven't changed anything on my account. Please let me know.,en,True
CONV-04055,web_form,I’m contacting support because Can you see what stage ORD-100062 is at right now? This is my first time dealing with this issue. Please let me know.,en,True
CONV-04056,web_form,Quick question: The promised delivery window is over for ORD-100284. I noticed this while reviewing my recent activity. I’d like to resolve this today.,en,True
CONV-04057,chat,"My delivery arrived, but the item inside is damaged.",en,True
CONV-04058,web_form,I’m contacting support because I need the specifications before I decide whether to buy it. This is my first time dealing with this issue. Can you check?,en,True
CONV-04059,email,I need some help. Can you help me cancel my recent order? This is my first time dealing with this issue. Thank you.,en,True
CONV-04060,chat,Please update the destination before the order ships. I haven't changed anything on my account. Thank you.,en,True
CONV-04061,mobile_app,Has the courier scanned ORD-104857 yet? I haven't changed anything on my account.,en,True
CONV-04062,mobile_app,"Quick question: The item was returned, but I haven't received the refund. I’m trying to sort this out before the end of the day. Thanks.",en,True
CONV-04063,chat,Please advise: Can you cancel ORD-101990 for me? I placed the order earlier today. I’d like to resolve this today.,en,True
CONV-04064,chat,"Hello, Would you mind checking the latest status of ORD-100024?",en,True
CONV-04065,web_form,Could you help me? Has the courier scanned ORD-104852 yet? I placed the order earlier today. Any guidance would be helpful.,en,True
CONV-04066,web_form,"Hello, I don't recognize the amount billed for my membership. This is my first time dealing with this issue. Please let me know.",en,True
CONV-04067,mobile_app,Please advise: I don't recognize the amount billed for my membership. I’m trying to sort this out before the end of the day. Thanks.,en,True
CONV-04068,chat,Just checking — I changed my mind and would like to send the item back. I noticed this while reviewing my recent activity. I’d like to resolve this today.,en,True
CONV-04069,email,I wanted to check whether I want to return ORD-100875. How do I start? This is my first time dealing with this issue. Thank you.,en,True
CONV-04070,web_form,I need some help. What exactly is included with this item? This is my first time dealing with this issue.,en,True
CONV-04071,chat,Please advise: What steps do I need to follow to return this product? I placed the order earlier today. I’d like to resolve this today.,en,True
CONV-04072,mobile_app,"Hi, My multi-item order is incomplete. I noticed this while reviewing my recent activity. I’d like to resolve this today.",en,True
CONV-04073,chat,I need some help. Can I change the shipping address for ORD-103600? This is my first time dealing with this issue. Please let me know.,en,True
CONV-04074,chat,"Hi, Something different was packed instead of what I purchased. I noticed this while reviewing my recent activity. Thanks.",en,True
CONV-04075,mobile_app,Just checking — What exactly is included with this item? I’m trying to sort this out before the end of the day. I’d like to resolve this today.,en,True
CONV-04076,web_form,Just checking — Where is ORD-104980 right now? I’m trying to sort this out before the end of the day. Any guidance would be helpful.,en,True
CONV-04077,chat,I wanted to check whether I have a question about the charge on my recurring plan. Can you check?,en,True
CONV-04078,chat,Could you explain the available options for this product? I haven't changed anything on my account. Please let me know.,en,True
CONV-04079,mobile_app,"I’m contacting support because ORD-100385 was due on Thursday, but it still hasn't arrived. This is my first time dealing with this issue. Please let me know.",en,True
CONV-04080,mobile_app,I’m contacting support because How can I prevent the plan from renewing? I haven't changed anything on my account.,en,True
CONV-04081,chat,Please advise: My discount code isn't working. I’m trying to sort this out before the end of the day. Thanks.,en,True
CONV-04082,email,Could you help me? Could you explain the available options for this product? I noticed this while reviewing my recent activity. Any guidance would be helpful.,en,True
CONV-04083,chat,What is the estimated delivery date for my package? I haven't changed anything on my account. Thank you.,en,True
CONV-04084,email,"Hello, My package contains a different product. This is my first time dealing with this issue.",en,True
CONV-04085,email,Quick question: Can you tell me more about this product's features? I noticed this while reviewing my recent activity. Any guidance would be helpful.,en,True
CONV-04086,chat,Please advise: Could you help me end my recurring plan? I’m trying to sort this out before the end of the day. I'd appreciate your help.,en,True
CONV-04087,web_form,"Hi, Could you explain the return process for this purchase? I noticed this while reviewing my recent activity. Thanks.",en,True
CONV-04088,email,Could you help me? Please update the destination before the order ships. I’m trying to sort this out before the end of the day. Thanks.,en,True
CONV-04089,chat,"Hello, Does this product come with the accessories shown? Thank you.",en,True
CONV-04090,web_form,Just checking — The item I received isn't the one I ordered. I placed the order earlier today. I'd appreciate your help.,en,True
CONV-04091,mobile_app,Could you help me? Please update the destination before the order ships. I placed the order earlier today. I’d like to resolve this today.,en,True
CONV-04092,email,Quick question: Do you have an update on ORD-100201? I want to know where it stands. I noticed this while reviewing my recent activity. I’d like to resolve this today.,en,True
CONV-04093,chat,I’m contacting support because Where can I request a password reset? I haven't changed anything on my account. Can you check?,en,True
CONV-04094,web_form,"Hi, Checkout keeps rejecting my payment. I placed the order earlier today. I'd appreciate your help.",en,True
CONV-04095,chat,Can you send me through the password recovery process? I haven't changed anything on my account. Can you check?,en,True
CONV-04096,web_form,Please update the destination before the order ships. Can you check?,en,True
CONV-04097,chat,I need some help. Part of ORD-102708 was not included in the delivery. Please let me know.,en,True
CONV-04098,email,Just checking — Can you explain the latest recurring charge? I placed the order earlier today. I'd appreciate your help.,en,True
CONV-04099,chat,Just checking — Can you help me cancel my recent order? I’m trying to sort this out before the end of the day. I’d like to resolve this today.,en,True
CONV-04100,mobile_app,I need some help. The discount isn't being applied even though I entered the code. I haven't changed anything on my account. Thank you.,en,True
CONV-04101,web_form,Please advise: I'm locked out of my account and need access. I noticed this while reviewing my recent activity. Thanks.,en,True
CONV-04102,web_form,"Hello, I forgot my password. How can I reset it? Thank you.",en,True
CONV-04103,email,Just checking — Has the refund for ORD-101205 been issued yet? I noticed this while reviewing my recent activity. I’d like to resolve this today.,en,True
CONV-04104,email,"Hi, I see two charges for the same purchase. I’m trying to sort this out before the end of the day. Any guidance would be helpful.",en,True
CONV-04105,mobile_app,I need some help. There are changes in my profile that I didn't make. I haven't changed anything on my account. Thank you.,en,True
CONV-04106,web_form,"Hi, I think someone may have accessed my account. I noticed this while reviewing my recent activity. I'd appreciate your help.",en,True
CONV-04107,mobile_app,I need some help. The login page won't let me access my account. I haven't changed anything on my account. Can you check?,en,True
CONV-04108,web_form,Quick question: Please stop ORD-101792 before it is dispatched. I placed the order earlier today. Any guidance would be helpful.,en,True
CONV-04109,mobile_app,I’m contacting support because How can I prevent the plan from renewing? This is my first time dealing with this issue.,en,True
CONV-04110,web_form,Please advise: I received a security alert for an unfamiliar sign-in. I noticed this while reviewing my recent activity. I’d like to resolve this today.,en,True
CONV-04111,email,I need some help. There are changes in my profile that I didn't make. This is my first time dealing with this issue.,en,True
CONV-04112,email,Quick question: I need to redirect this package to another address. I’m trying to sort this out before the end of the day. Any guidance would be helpful.,en,True
CONV-04113,mobile_app,Something about my account activity looks suspicious. Thank you.,en,True
CONV-04114,mobile_app,"Hi, Roughly how long will delivery take? I placed the order earlier today. I'd appreciate your help.",en,True
CONV-04115,chat,Can you send me through the password recovery process? This is my first time dealing with this issue. Can you check?,en,True
CONV-04116,mobile_app,"Hi, I need the specifications before I decide whether to buy it. I’m trying to sort this out before the end of the day. I'd appreciate your help.",en,True
CONV-04117,web_form,I wanted to check whether Do you have an update on ORD-100126? I want to know where it stands. Please let me know.,en,True
CONV-04118,web_form,Quick question: Please stop my recurring membership. I noticed this while reviewing my recent activity. Thanks.,en,True
CONV-04119,email,I’m contacting support because I can't sign in to my account. Please let me know.,en,True
CONV-04120,mobile_app,Please advise: I entered the wrong delivery address. Can it be corrected? I placed the order earlier today. I’d like to resolve this today.,en,True
CONV-04121,web_form,One product from my order is missing. I haven't changed anything on my account. Can you check?,en,True
CONV-04122,email,I need some help. I changed my mind and would like to send the item back. This is my first time dealing with this issue. Thank you.,en,True
CONV-04123,mobile_app,Quick question: I think I was charged more than once for a single checkout. I’m trying to sort this out before the end of the day. I'd appreciate your help.,en,True
CONV-04124,web_form,Could you help me? Please help me arrange a return. I noticed this while reviewing my recent activity. Thanks.,en,True
CONV-04125,mobile_app,I’m contacting support because I think someone may have accessed my account. Thank you.,en,True
CONV-04126,email,"Hello, Can you show me the latest tracking update for my shipment? I haven't changed anything on my account. Thank you.",en,True
CONV-04127,chat,"Hello, The product has a crack that wasn't shown in the listing. Can you check?",en,True
CONV-04128,chat,I need some help. What exactly is included with this item? I haven't changed anything on my account. Please let me know.,en,True
CONV-04129,email,I wanted to check whether The delivered item doesn't match my order. I haven't changed anything on my account.,en,True
CONV-04130,chat,Please advise: My parcel is 5 days late. Can you investigate? I noticed this while reviewing my recent activity. Thanks.,en,True
CONV-04131,mobile_app,I’m contacting support because Something different was packed instead of what I purchased. Thank you.,en,True
CONV-04132,mobile_app,"I’m contacting support because ORD-100345 was due on Saturday, but it still hasn't arrived. I haven't changed anything on my account. Please let me know.",en,True
CONV-04133,chat,Could you help me? Please help me arrange a return. I’m trying to sort this out before the end of the day. I'd appreciate your help.,en,True
CONV-04134,email,Please advise: I forgot my password. How can I reset it? I’m trying to sort this out before the end of the day. I’d like to resolve this today.,en,True
CONV-04135,chat,I’m contacting support because Why was my subscription charged this month?,en,True
CONV-04136,email,I need some help. Where is ORD-104795 right now? This is my first time dealing with this issue. Thank you.,en,True
CONV-04137,mobile_app,I wanted to check whether I noticed a login I don't recognize. This is my first time dealing with this issue. Please let me know.,en,True
CONV-04138,web_form,I need some help. Can you explain the latest recurring charge? Thank you.,en,True
CONV-04139,chat,I’m contacting support because I opened the package and found the product broken. Can you check?,en,True
CONV-04140,chat,Just checking — Can you help me cancel my recent order? I placed the order earlier today. I'd appreciate your help.,en,True
CONV-04141,mobile_app,"Hello, What steps do I need to follow to return this product? I haven't changed anything on my account.",en,True
CONV-04142,chat,Please advise: Can you show me the latest tracking update for my shipment? I noticed this while reviewing my recent activity. I’d like to resolve this today.,en,True
CONV-04143,web_form,"Hello, I received the package, but one of the products is absent. This is my first time dealing with this issue. Can you check?",en,True
CONV-04144,web_form,"Hello, Would you mind checking the latest status of ORD-100094? I haven't changed anything on my account. Please let me know.",en,True
CONV-04145,web_form,Quick question: Please stop my recurring membership. I noticed this while reviewing my recent activity. Thanks.,en,True
CONV-04146,email,I need some help. The login page won't let me access my account. I haven't changed anything on my account. Thank you.,en,True
CONV-04147,email,"Hello, My package contains a different product. I haven't changed anything on my account.",en,True
CONV-04148,email,Quick question: I have a question about the charge on my recurring plan. I’m trying to sort this out before the end of the day. I'd appreciate your help.,en,True
CONV-04149,web_form,Quick question: The promotional code says it is invalid. I noticed this while reviewing my recent activity. I'd appreciate your help.,en,True
CONV-04150,chat,I’m contacting support because Where can I request a password reset?,en,True
CONV-04151,mobile_app,My account suddenly won't let me log in. This is my first time dealing with this issue. Can you check?,en,True
CONV-04152,web_form,Please advise: I'm locked out of my account and need access. I’m trying to sort this out before the end of the day. Thanks.,en,True
CONV-04153,mobile_app,"Hello, Can you cancel ORD-101865 for me? Can you check?",en,True
CONV-04154,mobile_app,I wanted to check whether Please stop ORD-101857 before it is dispatched. I haven't changed anything on my account. Can you check?,en,True
CONV-04155,email,Could you help me? One product from my order is missing. I noticed this while reviewing my recent activity. Thanks.,en,True
CONV-04156,mobile_app,Please advise: The product has a crack that wasn't shown in the listing. I’m trying to sort this out before the end of the day. Any guidance would be helpful.,en,True
CONV-04157,web_form,Please advise: My package contains a different product. I placed the order earlier today. I'd appreciate your help.,en,True
CONV-04158,chat,Quick question: I want to return ORD-100950. How do I start? I placed the order earlier today. I'd appreciate your help.,en,True
CONV-04159,chat,I’m contacting support because Where can I request a password reset? This is my first time dealing with this issue.,en,True
CONV-04160,chat,I need some help. Has the refund for ORD-101120 been issued yet? This is my first time dealing with this issue. Can you check?,en,True
CONV-04161,email,"Hi, My multi-item order is incomplete. I noticed this while reviewing my recent activity. Thanks.",en,True
CONV-04162,chat,"My delivery arrived, but the item inside is damaged. I haven't changed anything on my account. Can you check?",en,True
CONV-04163,email,I wanted to check whether The promised delivery window is over for ORD-100419.,en,True
CONV-04164,chat,Just checking — I changed my mind and would like to send the item back. I’m trying to sort this out before the end of the day. I’d like to resolve this today.,en,True
CONV-04165,chat,Please advise: I can't finish the purchase because the payment isn't accepted. I placed the order earlier today. Thanks.,en,True
CONV-04166,mobile_app,"Hello, My parcel is 6 days late. Can you investigate? I haven't changed anything on my account. Thank you.",en,True
CONV-04167,mobile_app,Quick question: The item arrived damaged. What should I do? I noticed this while reviewing my recent activity. Any guidance would be helpful.,en,True
CONV-04168,web_form,Could you tell me the current status of my refund? Please let me know.,en,True
CONV-04169,web_form,"I wanted to check whether The box arrived, but shirt wasn't inside. This is my first time dealing with this issue. Can you check?",en,True
CONV-04170,chat,Quick question: I want to track the package that was just dispatched. I’m trying to sort this out before the end of the day. I’d like to resolve this today.,en,True
CONV-04171,chat,Please advise: Can you cancel ORD-101970 for me? I noticed this while reviewing my recent activity. I'd appreciate your help.,en,True
CONV-04172,web_form,"Hello, I forgot my password. How can I reset it? This is my first time dealing with this issue. Thank you.",en,True
CONV-04173,web_form,My subscription payment was higher than I expected. This is my first time dealing with this issue. Thank you.,en,True
CONV-04174,mobile_app,"Hi, I opened the package and found the product broken. I placed the order earlier today. Thanks.",en,True
CONV-04175,mobile_app,Could you help me? Please update the destination before the order ships. I placed the order earlier today. I'd appreciate your help.,en,True
CONV-04176,mobile_app,I wanted to check whether Please stop ORD-101997 before it is dispatched.,en,True
CONV-04177,email,Could you help me? My subscription payment was higher than I expected. I placed the order earlier today. I’d like to resolve this today.,en,True
CONV-04178,web_form,I need some help. I can't recall my password and need to change it. Thank you.,en,True
CONV-04179,chat,"I wanted to check whether The item was returned, but I haven't received the refund. I haven't changed anything on my account. Can you check?",en,True
CONV-04180,chat,I need some help. There is visible damage on the item I received. I haven't changed anything on my account.,en,True
CONV-04181,chat,I’m contacting support because My multi-item order is incomplete. I haven't changed anything on my account. Thank you.,en,True
CONV-04182,web_form,Just checking — I changed my mind and would like to send the item back. I placed the order earlier today. Thanks.,en,True
CONV-04183,web_form,I wanted to check whether The item arrived damaged. What should I do? This is my first time dealing with this issue. Please let me know.,en,True
CONV-04184,chat,"Hi, How can I prevent the plan from renewing? I noticed this while reviewing my recent activity. I'd appreciate your help.",en,True
CONV-04185,email,Could you help me? Please update the destination before the order ships. I placed the order earlier today. Any guidance would be helpful.,en,True
CONV-04186,chat,Just checking — Why does the payment fail whenever I try to complete the order? I noticed this while reviewing my recent activity. Thanks.,en,True
CONV-04187,email,I’m contacting support because I'd like to withdraw this purchase if it hasn't shipped. I haven't changed anything on my account. Thank you.,en,True
CONV-04188,email,I wanted to check whether The delivered item doesn't match my order. Can you check?,en,True
CONV-04189,mobile_app,I’m contacting support because Something different was packed instead of what I purchased. I haven't changed anything on my account. Please let me know.,en,True
CONV-04190,chat,I’m contacting support because I opened the package and found the product broken. This is my first time dealing with this issue.,en,True
CONV-04191,email,Just checking — Has the refund for ORD-101065 been issued yet? I’m trying to sort this out before the end of the day. I'd appreciate your help.,en,True
CONV-04192,web_form,Just checking — Where is ORD-104960 right now? I placed the order earlier today. Thanks.,en,True
CONV-04193,email,"Quick question: The box arrived, but cable wasn't inside. I noticed this while reviewing my recent activity. Thanks.",en,True
CONV-04194,email,"Hi, Can you see what stage ORD-100077 is at right now? I placed the order earlier today. I'd appreciate your help.",en,True
CONV-04195,chat,Could you help me? My account suddenly won't let me log in. I placed the order earlier today. I’d like to resolve this today.,en,True
CONV-04196,chat,Please advise: I can't finish the purchase because the payment isn't accepted. I placed the order earlier today. Any guidance would be helpful.,en,True
CONV-04197,web_form,Quick question: The promotional code says it is invalid. I noticed this while reviewing my recent activity. I’d like to resolve this today.,en,True
CONV-04198,web_form,Just checking — I changed my mind and would like to send the item back. I placed the order earlier today. Thanks.,en,True
CONV-04199,chat,Could you help me? I want to cancel my subscription. I’m trying to sort this out before the end of the day. I'd appreciate your help.,en,True
CONV-04200,email,Has the courier scanned ORD-104787 yet? Thank you.,en,True
CONV-04201,mobile_app,I’m contacting support because I can't sign in to my account. Can you check?,en,True
CONV-04202,email,I’m contacting support because I think someone may have accessed my account. This is my first time dealing with this issue.,en,True
CONV-04203,chat,One product from my order is missing. This is my first time dealing with this issue. Thank you.,en,True
CONV-04204,web_form,Please advise: Can you show me the latest tracking update for my shipment? I’m trying to sort this out before the end of the day. Thanks.,en,True
CONV-04205,mobile_app,Could you help me? One product from my order is missing. I placed the order earlier today. I'd appreciate your help.,en,True
CONV-04206,web_form,I need some help. Can I change the shipping address for ORD-103530? I haven't changed anything on my account.,en,True
CONV-04207,email,"I’m contacting support because ORD-100375 was due on Saturday, but it still hasn't arrived. I haven't changed anything on my account. Can you check?",en,True
CONV-04208,web_form,"Hi, I'd like to withdraw this purchase if it hasn't shipped. I’m trying to sort this out before the end of the day. Thanks.",en,True
CONV-04209,web_form,Quick question: The promotional code says it is invalid. I placed the order earlier today. I’d like to resolve this today.,en,True
CONV-04210,email,I need some help. The discount isn't being applied even though I entered the code. I haven't changed anything on my account.,en,True
CONV-04211,mobile_app,Please advise: I don't recognize the amount billed for my membership. I placed the order earlier today. Any guidance would be helpful.,en,True
CONV-04212,chat,I wanted to check whether I think I was charged more than once for a single checkout. This is my first time dealing with this issue. Thank you.,en,True
CONV-04213,web_form,"I wanted to check whether The item was returned, but I haven't received the refund. Thank you.",en,True
CONV-04214,email,Could you help me? Please update the destination before the order ships. I’m trying to sort this out before the end of the day. Any guidance would be helpful.,en,True
CONV-04215,chat,Quick question: I noticed a login I don't recognize. I placed the order earlier today. Any guidance would be helpful.,en,True
CONV-04216,web_form,"Hi, Could you tell me the current location or transit stage of my parcel? I placed the order earlier today. Thanks.",en,True
CONV-04217,chat,Could you help me? My account suddenly won't let me log in. I placed the order earlier today. I'd appreciate your help.,en,True
CONV-04218,chat,Just checking — Can you help me cancel my recent order? I noticed this while reviewing my recent activity. I'd appreciate your help.,en,True
CONV-04219,email,I need some help. Where is ORD-104955 right now? Thank you.,en,True
CONV-04220,email,"Hello, My discount code isn't working. I haven't changed anything on my account.",en,True
CONV-04221,web_form,Please advise: My package contains a different product. I noticed this while reviewing my recent activity. I'd appreciate your help.,en,True
CONV-04222,chat,"Hi, Checkout keeps rejecting my payment. I noticed this while reviewing my recent activity. Thanks.",en,True
CONV-04223,web_form,"Hi, ORD-100320 was due on Friday, but it still hasn't arrived. I noticed this while reviewing my recent activity. I'd appreciate your help.",en,True
CONV-04224,mobile_app,Quick question: I think I was charged more than once for a single checkout. I placed the order earlier today. I’d like to resolve this today.,en,True
CONV-04225,email,Quick question: I need to redirect this package to another address. I’m trying to sort this out before the end of the day. Thanks.,en,True
CONV-04226,chat,I wanted to check whether The item arrived damaged. What should I do? I haven't changed anything on my account. Can you check?,en,True
CONV-04227,mobile_app,"Could you help me? My delivery arrived, but the item inside is damaged. I’m trying to sort this out before the end of the day. Any guidance would be helpful.",en,True
CONV-04228,email,Could you help me? The same purchase appears twice on my card statement. I placed the order earlier today. Thanks.,en,True
CONV-04229,web_form,"Hi, ORD-100260 was due on Friday, but it still hasn't arrived. I noticed this while reviewing my recent activity. I’d like to resolve this today.",en,True
CONV-04230,mobile_app,I wanted to check whether The promotional code says it is invalid. Please let me know.,en,True
CONV-04231,mobile_app,"Could you help me? My delivery arrived, but the item inside is damaged. I’m trying to sort this out before the end of the day. Thanks.",en,True
CONV-04232,mobile_app,I’m contacting support because Could you explain the return process for this purchase? I haven't changed anything on my account. Can you check?,en,True
CONV-04233,chat,I’m contacting support because How do I change the address attached to my order? This is my first time dealing with this issue. Please let me know.,en,True
CONV-04234,web_form,I’m contacting support because I opened the package and found the product broken. Thank you.,en,True
CONV-04235,mobile_app,I wanted to check whether Please stop ORD-101917 before it is dispatched. I haven't changed anything on my account.,en,True
CONV-04236,web_form,"Hi, I'd like to withdraw this purchase if it hasn't shipped. I placed the order earlier today. Thanks.",en,True
CONV-04237,email,Could you help me? The same purchase appears twice on my card statement. I’m trying to sort this out before the end of the day. Any guidance would be helpful.,en,True
CONV-04238,chat,Just checking — The discount isn't being applied even though I entered the code. I’m trying to sort this out before the end of the day. Thanks.,en,True
CONV-04239,chat,My subscription payment was higher than I expected.,en,True
CONV-04240,chat,"Hello, Would you mind checking the latest status of ORD-100224? This is my first time dealing with this issue.",en,True
CONV-04241,mobile_app,"Hi, Roughly how long will delivery take? I placed the order earlier today. I'd appreciate your help.",en,True
CONV-04242,mobile_app,"Hello, My discount code isn't working. This is my first time dealing with this issue. Thank you.",en,True
CONV-04243,email,Please advise: I'm still waiting for the money from my return. Can you check? I placed the order earlier today. I’d like to resolve this today.,en,True
CONV-04244,chat,Please advise: I'm locked out of my account and need access. I’m trying to sort this out before the end of the day. I’d like to resolve this today.,en,True
CONV-04245,chat,"Hi, Could you explain the return process for this purchase? I noticed this while reviewing my recent activity. I'd appreciate your help.",en,True
CONV-04246,mobile_app,"Quick question: The box arrived, but headphones wasn't inside. I placed the order earlier today. I’d like to resolve this today.",en,True
CONV-04247,web_form,Could you help me? My account suddenly won't let me log in. I placed the order earlier today. Thanks.,en,True
CONV-04248,email,"Hi, Can you see what stage ORD-100117 is at right now? I noticed this while reviewing my recent activity. I'd appreciate your help.",en,True
CONV-04249,email,Please advise: When should ORD-100645 arrive? I placed the order earlier today. Thanks.,en,True
CONV-04250,mobile_app,Just checking — I placed ORD-100003 recently. What is happening with it? I noticed this while reviewing my recent activity. Any guidance would be helpful.,en,True
CONV-04251,web_form,I’m contacting support because Why was my subscription charged this month? I haven't changed anything on my account. Thank you.,en,True
CONV-04252,email,"Hello, My parcel is 2 days late. Can you investigate?",en,True
CONV-04253,email,Could you help me? I’m checking on ORD-100005. Could you tell me its current status? I placed the order earlier today. I'd appreciate your help.,en,True
CONV-04254,email,Please help me arrange a return. I haven't changed anything on my account. Please let me know.,en,True
CONV-04255,mobile_app,Could you help me? One product from my order is missing. I’m trying to sort this out before the end of the day. I'd appreciate your help.,en,True
CONV-04256,mobile_app,"Quick question: The item was returned, but I haven't received the refund. I placed the order earlier today. Any guidance would be helpful.",en,True
CONV-04257,web_form,One product from my order is missing. This is my first time dealing with this issue.,en,True
CONV-04258,web_form,I’m contacting support because Can you see what stage ORD-100242 is at right now? This is my first time dealing with this issue. Thank you.,en,True
CONV-04259,chat,I need some help. Has the refund for ORD-101160 been issued yet? Can you check?,en,True
CONV-04260,chat,"Hi, I can't sign in to my account. I’m trying to sort this out before the end of the day. I'd appreciate your help.",en,True
CONV-04261,mobile_app,Just checking — Can I change the shipping address for ORD-103735? I placed the order earlier today. I'd appreciate your help.,en,True
CONV-04262,mobile_app,I was sent the wrong model. Thank you.,en,True
CONV-04263,email,Could you help me? Please update the destination before the order ships. I noticed this while reviewing my recent activity. Any guidance would be helpful.,en,True
CONV-04264,mobile_app,I’m contacting support because I think someone may have accessed my account. This is my first time dealing with this issue. Please let me know.,en,True
CONV-04265,mobile_app,Just checking — Part of ORD-102563 was not included in the delivery. I placed the order earlier today. I'd appreciate your help.,en,True
CONV-04266,email,"Hi, I see two charges for the same purchase. I noticed this while reviewing my recent activity. Any guidance would be helpful.",en,True
CONV-04267,web_form,Quick question: I want to track the package that was just dispatched. I placed the order earlier today. Any guidance would be helpful.,en,True
CONV-04268,web_form,"Hi, Something different was packed instead of what I purchased. I placed the order earlier today. I’d like to resolve this today.",en,True
CONV-04269,email,"Please advise: I received the package, but one of the products is absent. I’m trying to sort this out before the end of the day. Thanks.",en,True
CONV-04270,chat,"Hi, Where should I enter my promo code? I placed the order earlier today. Any guidance would be helpful.",en,True
CONV-04271,web_form,"Hi, Checkout keeps rejecting my payment. I noticed this while reviewing my recent activity. I’d like to resolve this today.",en,True
CONV-04272,web_form,Please advise: I received a security alert for an unfamiliar sign-in. I placed the order earlier today. I’d like to resolve this today.,en,True
CONV-04273,web_form,"Hi, How can I prevent the plan from renewing? I placed the order earlier today. Thanks.",en,True
CONV-04274,mobile_app,Quick question: Can you tell me more about this product's features? I placed the order earlier today. I’d like to resolve this today.,en,True
CONV-04275,chat,Could you help me? I was sent the wrong model. I’m trying to sort this out before the end of the day. Thanks.,en,True
CONV-04276,email,"Hello, Can you cancel ORD-101975 for me? This is my first time dealing with this issue. Thank you.",en,True
CONV-04277,web_form,I’m contacting support because How do I change the address attached to my order?,en,True
CONV-04278,mobile_app,I no longer want this order. Is cancellation still possible? I haven't changed anything on my account. Can you check?,en,True
CONV-04279,mobile_app,"Please advise: I received the package, but one of the products is absent. I’m trying to sort this out before the end of the day. I'd appreciate your help.",en,True
CONV-04280,web_form,"Hi, Could you tell me the current location or transit stage of my parcel? I noticed this while reviewing my recent activity. Any guidance would be helpful.",en,True
CONV-04281,web_form,Could you help me? I was sent the wrong model. I noticed this while reviewing my recent activity. I'd appreciate your help.,en,True
CONV-04282,mobile_app,Please advise: I don't recognize the amount billed for my membership. I noticed this while reviewing my recent activity. Thanks.,en,True
CONV-04283,mobile_app,I need some help. Why does the payment fail whenever I try to complete the order? I haven't changed anything on my account. Please let me know.,en,True
CONV-04284,web_form,I need some help. Can you explain the latest recurring charge? I haven't changed anything on my account. Please let me know.,en,True
CONV-04285,web_form,"Hello, The product has a crack that wasn't shown in the listing. Please let me know.",en,True
CONV-04286,email,"Hi, When should the refund appear in my account? I noticed this while reviewing my recent activity. I'd appreciate your help.",en,True
CONV-04287,chat,I’m contacting support because I need the specifications before I decide whether to buy it. I haven't changed anything on my account. Please let me know.,en,True
CONV-04288,chat,I’m contacting support because Can you see what stage ORD-100232 is at right now? I haven't changed anything on my account.,en,True
CONV-04289,web_form,I wanted to check whether Do you have an update on ORD-100066? I want to know where it stands. Thank you.,en,True
CONV-04290,mobile_app,Could you help me? The same purchase appears twice on my card statement. I’m trying to sort this out before the end of the day. I’d like to resolve this today.,en,True
CONV-04291,email,"Hello, I received a security alert for an unfamiliar sign-in. This is my first time dealing with this issue. Can you check?",en,True
CONV-04292,chat,"Hello, I entered the wrong delivery address. Can it be corrected? I haven't changed anything on my account. Thank you.",en,True
CONV-04293,email,Could you help me? I’m checking on ORD-100125. Could you tell me its current status? I placed the order earlier today. I'd appreciate your help.,en,True
CONV-04294,web_form,"Quick question: I have tried several times, but the transaction won't go through. I placed the order earlier today. I’d like to resolve this today.",en,True
CONV-04295,web_form,Could you help me? I no longer want this order. Is cancellation still possible? I noticed this while reviewing my recent activity. Any guidance would be helpful.,en,True
CONV-04296,email,Just checking — What exactly is included with this item? I placed the order earlier today. Thanks.,en,True
CONV-04297,mobile_app,Why is the coupon being rejected at checkout? I haven't changed anything on my account. Please let me know.,en,True
CONV-04298,mobile_app,Quick question: The item arrived damaged. What should I do? I’m trying to sort this out before the end of the day. Any guidance would be helpful.,en,True
CONV-04299,web_form,Can you send me through the password recovery process? This is my first time dealing with this issue. Thank you.,en,True
CONV-04300,mobile_app,"Hello, My discount code isn't working. Please let me know.",en,True
CONV-04301,mobile_app,I wanted to check whether I noticed a login I don't recognize. I haven't changed anything on my account. Thank you.,en,True
CONV-04302,web_form,Just checking — The discount isn't being applied even though I entered the code. I placed the order earlier today. I'd appreciate your help.,en,True
CONV-04303,mobile_app,"Hello, I'm locked out of my account and need access. Can you check?",en,True
CONV-04304,chat,Please advise: What steps do I need to follow to return this product? I noticed this while reviewing my recent activity. I'd appreciate your help.,en,True
CONV-04305,web_form,I need some help. It looks like I was billed twice for ORD-101646. This is my first time dealing with this issue. Can you check?,en,True
CONV-04306,web_form,Quick question: The promised delivery window is over for ORD-100364. I placed the order earlier today. I’d like to resolve this today.,en,True
CONV-04307,email,I need some help. There are changes in my profile that I didn't make.,en,True
CONV-04308,email,Quick question: The item arrived damaged. What should I do? I noticed this while reviewing my recent activity. I'd appreciate your help.,en,True
CONV-04309,mobile_app,Could you help me? My subscription payment was higher than I expected. I placed the order earlier today. Any guidance would be helpful.,en,True
CONV-04310,email,Please advise: When should ORD-100525 arrive? I placed the order earlier today. Thanks.,en,True
CONV-04311,mobile_app,Could you help me? I’m checking on ORD-100055. Could you tell me its current status? I’m trying to sort this out before the end of the day. Thanks.,en,True
CONV-04312,web_form,I’m contacting support because Roughly how long will delivery take? I haven't changed anything on my account.,en,True
CONV-04313,chat,Please advise: My parcel is 5 days late. Can you investigate? I noticed this while reviewing my recent activity. Any guidance would be helpful.,en,True
CONV-04314,chat,Just checking — The login page won't let me access my account. I placed the order earlier today. I'd appreciate your help.,en,True
CONV-04315,web_form,"Quick question: I have tried several times, but the transaction won't go through. I noticed this while reviewing my recent activity. I'd appreciate your help.",en,True
CONV-04316,mobile_app,Quick question: The item arrived damaged. What should I do? I placed the order earlier today. Thanks.,en,True
CONV-04317,chat,I’m contacting support because How do I change the address attached to my order? I haven't changed anything on my account. Thank you.,en,True
CONV-04318,mobile_app,Could you help me? My subscription payment was higher than I expected. I’m trying to sort this out before the end of the day. Thanks.,en,True
CONV-04319,chat,Could you help me? My account suddenly won't let me log in. I noticed this while reviewing my recent activity. I'd appreciate your help.,en,True
CONV-04320,web_form,"Hello, I don't recognize the amount billed for my membership. Thank you.",en,True
CONV-04321,chat,Please advise: My package contains a different product. I noticed this while reviewing my recent activity. Any guidance would be helpful.,en,True
CONV-04322,mobile_app,"Hello, My package contains a different product. This is my first time dealing with this issue. Thank you.",en,True
CONV-04323,web_form,Please advise: My package contains a different product. I’m trying to sort this out before the end of the day. I'd appreciate your help.,en,True
CONV-04324,mobile_app,I’m contacting support because I'd like to withdraw this purchase if it hasn't shipped. This is my first time dealing with this issue. Can you check?,en,True
CONV-04325,web_form,"Hi, I'd like to withdraw this purchase if it hasn't shipped. I’m trying to sort this out before the end of the day. Any guidance would be helpful.",en,True
CONV-04326,email,Why is the coupon being rejected at checkout? Can you check?,en,True
CONV-04327,email,Quick question: I need to create a new password because I can't remember mine. I noticed this while reviewing my recent activity. I’d like to resolve this today.,en,True
CONV-04328,mobile_app,I wanted to check whether The delivered item doesn't match my order. This is my first time dealing with this issue. Please let me know.,en,True
CONV-04329,mobile_app,"Hi, Roughly how long will delivery take? I noticed this while reviewing my recent activity. I'd appreciate your help.",en,True
CONV-04330,web_form,Could you help me? I want to cancel my subscription. I noticed this while reviewing my recent activity. Thanks.,en,True
CONV-04331,web_form,I wanted to check whether I need to create a new password because I can't remember mine. This is my first time dealing with this issue. Please let me know.,en,True
CONV-04332,chat,I need some help. Can you explain the latest recurring charge? This is my first time dealing with this issue. Can you check?,en,True
CONV-04333,mobile_app,I need some help. Can you help me cancel my recent order? This is my first time dealing with this issue. Can you check?,en,True
CONV-04334,mobile_app,Could you help me? What is the estimated delivery date for my package? I’m trying to sort this out before the end of the day. I’d like to resolve this today.,en,True
CONV-04335,chat,My subscription payment was higher than I expected. I haven't changed anything on my account. Can you check?,en,True
CONV-04336,web_form,What is the estimated delivery date for my package? This is my first time dealing with this issue. Can you check?,en,True
CONV-04337,chat,"Hi, Where should I enter my promo code? I placed the order earlier today. Thanks.",en,True
CONV-04338,email,I wanted to check whether Please stop ORD-101887 before it is dispatched. I haven't changed anything on my account. Thank you.,en,True
CONV-04339,chat,"Hi, I think someone may have accessed my account. I noticed this while reviewing my recent activity. Any guidance would be helpful.",en,True
CONV-04340,web_form,"Hi, ORD-100280 was due on Monday, but it still hasn't arrived. I placed the order earlier today. I'd appreciate your help.",en,True
CONV-04341,mobile_app,Quick question: I think I was charged more than once for a single checkout. I noticed this while reviewing my recent activity. I'd appreciate your help.,en,True
CONV-04342,email,"Hello, I'm locked out of my account and need access. Thank you.",en,True
CONV-04343,email,Please help me arrange a return. This is my first time dealing with this issue. Thank you.,en,True
CONV-04344,chat,Just checking — Where is ORD-104850 right now? I noticed this while reviewing my recent activity. I’d like to resolve this today.,en,True
CONV-04345,web_form,Quick question: I want to return ORD-100760. How do I start? I’m trying to sort this out before the end of the day. Thanks.,en,True
CONV-04346,chat,Could you help me? I no longer want this order. Is cancellation still possible? I placed the order earlier today. I'd appreciate your help.,en,True
CONV-04347,web_form,"Hello, I don't recognize the amount billed for my membership. This is my first time dealing with this issue. Thank you.",en,True
CONV-04348,email,I need some help. I don't want the subscription to continue after this billing period. I haven't changed anything on my account. Thank you.,en,True
CONV-04349,web_form,My subscription payment was higher than I expected. This is my first time dealing with this issue. Thank you.,en,True
CONV-04350,chat,Just checking — I don't want the subscription to continue after this billing period. I placed the order earlier today. I'd appreciate your help.,en,True
CONV-04351,web_form,Please advise: My discount code isn't working. I noticed this while reviewing my recent activity. I’d like to resolve this today.,en,True
CONV-04352,email,Just checking — Part of ORD-102593 was not included in the delivery. I placed the order earlier today. Any guidance would be helpful.,en,True
CONV-04353,chat,I wanted to check whether I have a question about the charge on my recurring plan. I haven't changed anything on my account. Can you check?,en,True
CONV-04354,mobile_app,Could you help me? Can you send me through the password recovery process? I’m trying to sort this out before the end of the day. Any guidance would be helpful.,en,True
CONV-04355,mobile_app,"Hi, How do I change the address attached to my order? I placed the order earlier today. I’d like to resolve this today.",en,True
CONV-04356,web_form,Please advise: I'm locked out of my account and need access. I placed the order earlier today. Thanks.,en,True
CONV-04357,web_form,Just checking — There are changes in my profile that I didn't make. I placed the order earlier today. I’d like to resolve this today.,en,True
CONV-04358,email,"Hi, Can you see what stage ORD-100137 is at right now? I placed the order earlier today. I’d like to resolve this today.",en,True
CONV-04359,chat,I wanted to check whether The item arrived damaged. What should I do? I haven't changed anything on my account. Can you check?,en,True
CONV-04360,chat,"Hello, The product has a crack that wasn't shown in the listing.",en,True
CONV-04361,email,Quick question: I need to create a new password because I can't remember mine. I noticed this while reviewing my recent activity. I'd appreciate your help.,en,True
CONV-04362,email,I wanted to check whether The promotional code says it is invalid. I haven't changed anything on my account. Can you check?,en,True
CONV-04363,mobile_app,Why is the coupon being rejected at checkout? Thank you.,en,True
CONV-04364,web_form,Just checking — The discount isn't being applied even though I entered the code. I placed the order earlier today. I'd appreciate your help.,en,True
CONV-04365,email,"I wanted to check whether I have tried several times, but the transaction won't go through. I haven't changed anything on my account. Can you check?",en,True
CONV-04366,email,Just checking — There is visible damage on the item I received. I noticed this while reviewing my recent activity. I’d like to resolve this today.,en,True
CONV-04367,chat,Could you help me? I was sent the wrong model. I’m trying to sort this out before the end of the day. Thanks.,en,True
CONV-04368,chat,Just checking — Why does the payment fail whenever I try to complete the order? I’m trying to sort this out before the end of the day. Thanks.,en,True
CONV-04369,mobile_app,"Hello, I can't finish the purchase because the payment isn't accepted. This is my first time dealing with this issue. Thank you.",en,True
CONV-04370,web_form,I wanted to check whether The item arrived damaged. What should I do? I haven't changed anything on my account. Please let me know.,en,True
CONV-04371,web_form,I need some help. There is visible damage on the item I received. Thank you.,en,True
CONV-04372,mobile_app,I wanted to check whether Please stop my recurring membership.,en,True
CONV-04373,web_form,"Hi, Checkout keeps rejecting my payment. I noticed this while reviewing my recent activity. I'd appreciate your help.",en,True
CONV-04374,chat,Please advise: I received a security alert for an unfamiliar sign-in. I noticed this while reviewing my recent activity. Thanks.,en,True
CONV-04375,chat,Could you help me? Something about my account activity looks suspicious. I noticed this while reviewing my recent activity. Thanks.,en,True
CONV-04376,chat,Quick question: I keep getting rejected when I try to sign in. I placed the order earlier today. I'd appreciate your help.,en,True
CONV-04377,web_form,"Hi, I'd like to withdraw this purchase if it hasn't shipped. I’m trying to sort this out before the end of the day. Any guidance would be helpful.",en,True
CONV-04378,email,Quick question: I need to create a new password because I can't remember mine. I’m trying to sort this out before the end of the day. I’d like to resolve this today.,en,True
CONV-04379,web_form,"Could you help me? I expected this shipment already, but it hasn't turned up. I placed the order earlier today. I’d like to resolve this today.",en,True
CONV-04380,mobile_app,Could you help me? I’m checking on ORD-100235. Could you tell me its current status? I’m trying to sort this out before the end of the day. Any guidance would be helpful.,en,True
CONV-04381,email,Could you help me? Could you tell me the current status of my refund? I’m trying to sort this out before the end of the day. I’d like to resolve this today.,en,True
CONV-04382,web_form,Just checking — Can you help me cancel my recent order? I placed the order earlier today. Any guidance would be helpful.,en,True
CONV-04383,email,I’m contacting support because Where should I enter my promo code?,en,True
CONV-04384,chat,"Hi, How can I prevent the plan from renewing? I placed the order earlier today. I'd appreciate your help.",en,True
CONV-04385,chat,Quick question: I want to return ORD-100770. How do I start? I placed the order earlier today. I’d like to resolve this today.,en,True
CONV-04386,email,Quick question: The item arrived damaged. What should I do? I’m trying to sort this out before the end of the day. I'd appreciate your help.,en,True
CONV-04387,email,"Hi, Roughly how long will delivery take? I noticed this while reviewing my recent activity. Any guidance would be helpful.",en,True
CONV-04388,email,Please advise: Would you mind checking the latest status of ORD-100249? I noticed this while reviewing my recent activity. I’d like to resolve this today.,en,True
CONV-04389,web_form,I wanted to check whether I think I was charged more than once for a single checkout. This is my first time dealing with this issue. Can you check?,en,True
CONV-04390,email,Something about my account activity looks suspicious. Can you check?,en,True
CONV-04391,email,"Hi, I opened the package and found the product broken. I’m trying to sort this out before the end of the day. I’d like to resolve this today.",en,True
CONV-04392,email,I’m contacting support because I'd like to withdraw this purchase if it hasn't shipped. Thank you.,en,True
CONV-04393,chat,What is the estimated delivery date for my package? I haven't changed anything on my account. Please let me know.,en,True
CONV-04394,chat,"Hello, Does this product come with the accessories shown? Please let me know.",en,True
CONV-04395,chat,"Hello, The product has a crack that wasn't shown in the listing. I haven't changed anything on my account.",en,True
CONV-04396,web_form,My subscription payment was higher than I expected. Thank you.,en,True
CONV-04397,chat,"Hello, I received the package, but one of the products is absent. I haven't changed anything on my account. Please let me know.",en,True
CONV-04398,email,"Hi, I need the specifications before I decide whether to buy it. I noticed this while reviewing my recent activity. Any guidance would be helpful.",en,True
CONV-04399,web_form,Could you help me? My payment is being declined at checkout. I’m trying to sort this out before the end of the day. I'd appreciate your help.,en,True
CONV-04400,chat,The same purchase appears twice on my card statement. Thank you.,en,True
CONV-04401,web_form,Just checking — The login page won't let me access my account. I’m trying to sort this out before the end of the day. Any guidance would be helpful.,en,True
CONV-04402,chat,I wanted to check whether The item arrived damaged. What should I do? I haven't changed anything on my account.,en,True
CONV-04403,web_form,Quick question: The promised delivery window is over for ORD-100404. I noticed this while reviewing my recent activity. I’d like to resolve this today.,en,True
CONV-04404,web_form,Quick question: The promised delivery window is over for ORD-100384. I’m trying to sort this out before the end of the day. I'd appreciate your help.,en,True
CONV-04405,mobile_app,Quick question: Can you tell me more about this product's features? I placed the order earlier today. I’d like to resolve this today.,en,True
CONV-04406,chat,I need some help. There is visible damage on the item I received.,en,True
CONV-04407,email,Could you help me? The same purchase appears twice on my card statement. I’m trying to sort this out before the end of the day. Thanks.,en,True
CONV-04408,web_form,I’m contacting support because I need the specifications before I decide whether to buy it. This is my first time dealing with this issue. Can you check?,en,True
CONV-04409,mobile_app,I want to cancel my subscription. I haven't changed anything on my account.,en,True
CONV-04410,web_form,My subscription payment was higher than I expected. I haven't changed anything on my account. Please let me know.,en,True
CONV-04411,mobile_app,Just checking — I placed ORD-100223 recently. What is happening with it? I’m trying to sort this out before the end of the day. Thanks.,en,True
CONV-04412,email,Please advise: The product has a crack that wasn't shown in the listing. I placed the order earlier today. I’d like to resolve this today.,en,True
CONV-04413,chat,Can you send me through the password recovery process? I haven't changed anything on my account. Can you check?,en,True
CONV-04414,web_form,Just checking — Can you help me cancel my recent order? I’m trying to sort this out before the end of the day. Any guidance would be helpful.,en,True
CONV-04415,chat,I wanted to check whether Can you tell me more about this product's features? I haven't changed anything on my account. Thank you.,en,True
CONV-04416,mobile_app,I need some help. I changed my mind and would like to send the item back. This is my first time dealing with this issue. Can you check?,en,True
CONV-04417,email,I need some help. The login page won't let me access my account. This is my first time dealing with this issue. Please let me know.,en,True
CONV-04418,email,Please advise: Would you mind checking the latest status of ORD-100009? I noticed this while reviewing my recent activity. I’d like to resolve this today.,en,True
CONV-04419,web_form,Just checking — Can you help me cancel my recent order? I’m trying to sort this out before the end of the day. Any guidance would be helpful.,en,True
CONV-04420,chat,"Hi, I'd like to withdraw this purchase if it hasn't shipped. I noticed this while reviewing my recent activity. I’d like to resolve this today.",en,True
CONV-04421,email,"I’m contacting support because ORD-100255 was due on Saturday, but it still hasn't arrived. I haven't changed anything on my account. Can you check?",en,True
CONV-04422,chat,"Hello, Does this product come with the accessories shown? This is my first time dealing with this issue. Please let me know.",en,True
CONV-04423,email,Just checking — It looks like I was billed twice for ORD-101581. I noticed this while reviewing my recent activity. Any guidance would be helpful.,en,True
CONV-04424,web_form,Just checking — The login page won't let me access my account. I noticed this while reviewing my recent activity. Any guidance would be helpful.,en,True
CONV-04425,web_form,Could you help me? Please help me arrange a return. I noticed this while reviewing my recent activity. Any guidance would be helpful.,en,True
CONV-04426,mobile_app,I need some help. The discount isn't being applied even though I entered the code. Thank you.,en,True
CONV-04427,chat,I need some help. Part of ORD-102508 was not included in the delivery. I haven't changed anything on my account. Please let me know.,en,True
CONV-04428,email,I want to cancel my subscription. I haven't changed anything on my account. Thank you.,en,True
CONV-04429,chat,I need some help. Can you explain the latest recurring charge?,en,True
CONV-04430,email,I wanted to check whether I keep getting rejected when I try to sign in. Thank you.,en,True
CONV-04431,mobile_app,Just checking — I’m planning around the delivery. When is it expected? I’m trying to sort this out before the end of the day. I'd appreciate your help.,en,True
CONV-04432,email,Could you help me? One product from my order is missing. I’m trying to sort this out before the end of the day. Any guidance would be helpful.,en,True
CONV-04433,chat,"Hi, Where should I enter my promo code? I noticed this while reviewing my recent activity. Thanks.",en,True
CONV-04434,mobile_app,"Hi, I need the specifications before I decide whether to buy it. I placed the order earlier today. I'd appreciate your help.",en,True
CONV-04435,email,Just checking — Has the refund for ORD-101145 been issued yet? I noticed this while reviewing my recent activity. I'd appreciate your help.,en,True
CONV-04436,mobile_app,Quick question: Can you give me an ETA for this shipment? I noticed this while reviewing my recent activity. I'd appreciate your help.,en,True
CONV-04437,mobile_app,Just checking — I can't recall my password and need to change it. I’m trying to sort this out before the end of the day. Thanks.,en,True
CONV-04438,mobile_app,"Hello, My parcel is 6 days late. Can you investigate? I haven't changed anything on my account. Thank you.",en,True
CONV-04439,email,I need some help. The login page won't let me access my account. I haven't changed anything on my account. Please let me know.,en,True
CONV-04440,email,My account suddenly won't let me log in. I haven't changed anything on my account. Please let me know.,en,True
CONV-04441,mobile_app,I need some help. Why does the payment fail whenever I try to complete the order? This is my first time dealing with this issue. Thank you.,en,True
CONV-04442,chat,"Hi, ORD-100470 was due on Friday, but it still hasn't arrived. I noticed this while reviewing my recent activity. Any guidance would be helpful.",en,True
CONV-04443,mobile_app,Just checking — Part of ORD-102703 was not included in the delivery. I’m trying to sort this out before the end of the day. I’d like to resolve this today.,en,True
CONV-04444,chat,Quick question: I noticed a login I don't recognize. I’m trying to sort this out before the end of the day. Any guidance would be helpful.,en,True
CONV-04445,email,Could you help me? Please update the destination before the order ships. I noticed this while reviewing my recent activity. Any guidance would be helpful.,en,True
CONV-04446,web_form,"Quick question: I have tried several times, but the transaction won't go through. I noticed this while reviewing my recent activity. I'd appreciate your help.",en,True
CONV-04447,chat,I’m contacting support because How do I change the address attached to my order? I haven't changed anything on my account. Please let me know.,en,True
CONV-04448,chat,Could you help me? Why is the coupon being rejected at checkout? I noticed this while reviewing my recent activity. Any guidance would be helpful.,en,True
CONV-04449,web_form,"Hi, I think someone may have accessed my account. I placed the order earlier today. I’d like to resolve this today.",en,True
CONV-04450,web_form,"Quick question: I have tried several times, but the transaction won't go through. I’m trying to sort this out before the end of the day. I’d like to resolve this today.",en,True
CONV-04451,chat,Please update the destination before the order ships. I haven't changed anything on my account. Please let me know.,en,True
CONV-04452,chat,Could you help me? My payment is being declined at checkout. I’m trying to sort this out before the end of the day. Any guidance would be helpful.,en,True
CONV-04453,email,Has the courier scanned ORD-104807 yet? This is my first time dealing with this issue. Please let me know.,en,True
CONV-04454,chat,"Hi, Where should I enter my promo code? I’m trying to sort this out before the end of the day. Thanks.",en,True
CONV-04455,web_form,Could you help me? Something about my account activity looks suspicious. I noticed this while reviewing my recent activity. I'd appreciate your help.,en,True
CONV-04456,mobile_app,My account suddenly won't let me log in. I haven't changed anything on my account. Can you check?,en,True
CONV-04457,mobile_app,"Hi, Why was my subscription charged this month? I noticed this while reviewing my recent activity. Thanks.",en,True
CONV-04458,web_form,Quick question: Please stop ORD-101852 before it is dispatched. I placed the order earlier today. Thanks.,en,True
CONV-04459,mobile_app,I’m contacting support because Could you tell me the current location or transit stage of my parcel? I haven't changed anything on my account. Can you check?,en,True
CONV-04460,email,Quick question: The item arrived damaged. What should I do? I’m trying to sort this out before the end of the day. I’d like to resolve this today.,en,True
CONV-04461,email,Just checking — I placed ORD-100133 recently. What is happening with it? I’m trying to sort this out before the end of the day. I'd appreciate your help.,en,True
CONV-04462,web_form,Please advise: What steps do I need to follow to return this product? I’m trying to sort this out before the end of the day. Thanks.,en,True
CONV-04463,email,"Hello, What steps do I need to follow to return this product? I haven't changed anything on my account. Please let me know.",en,True
CONV-04464,mobile_app,Please advise: Does this product come with the accessories shown? I’m trying to sort this out before the end of the day. I’d like to resolve this today.,en,True
CONV-04465,mobile_app,Just checking — It looks like I was billed twice for ORD-101531. I’m trying to sort this out before the end of the day. I’d like to resolve this today.,en,True
CONV-04466,web_form,I’m contacting support because When should the refund appear in my account? Thank you.,en,True
CONV-04467,chat,I need some help. I’m planning around the delivery. When is it expected? This is my first time dealing with this issue. Thank you.,en,True
CONV-04468,mobile_app,"Hello, My discount code isn't working. Thank you.",en,True
CONV-04469,web_form,Could you help me? I no longer want this order. Is cancellation still possible? I placed the order earlier today. Thanks.,en,True
CONV-04470,chat,I wanted to check whether I need to create a new password because I can't remember mine. Can you check?,en,True
CONV-04471,chat,"Hi, I'd like to withdraw this purchase if it hasn't shipped. I noticed this while reviewing my recent activity. I’d like to resolve this today.",en,True
CONV-04472,web_form,Please advise: I can't finish the purchase because the payment isn't accepted. I noticed this while reviewing my recent activity. I’d like to resolve this today.,en,True
CONV-04473,chat,Could you help me? Please help me arrange a return. I noticed this while reviewing my recent activity. I'd appreciate your help.,en,True
CONV-04474,email,"I’m contacting support because ORD-100455 was due on Tuesday, but it still hasn't arrived. Can you check?",en,True
CONV-04475,email,I’m contacting support because Could you tell me the current location or transit stage of my parcel? This is my first time dealing with this issue. Please let me know.,en,True
CONV-04476,email,"Hi, How do I change the address attached to my order? I noticed this while reviewing my recent activity. Any guidance would be helpful.",en,True
CONV-04477,web_form,"Hello, Does this product come with the accessories shown? I haven't changed anything on my account. Can you check?",en,True
CONV-04478,web_form,"Hi, Where should I enter my promo code? I’m trying to sort this out before the end of the day. I’d like to resolve this today.",en,True
CONV-04479,web_form,Please update the destination before the order ships. This is my first time dealing with this issue.,en,True
CONV-04480,web_form,I wanted to check whether I have a question about the charge on my recurring plan. I haven't changed anything on my account. Please let me know.,en,True
CONV-04481,web_form,Please update the destination before the order ships. I haven't changed anything on my account.,en,True
CONV-04482,email,"Hi, Roughly how long will delivery take? I’m trying to sort this out before the end of the day. Any guidance would be helpful.",en,True
CONV-04483,web_form,I need some help. Can you explain the latest recurring charge? This is my first time dealing with this issue. Thank you.,en,True
CONV-04484,web_form,"My delivery arrived, but the item inside is damaged. This is my first time dealing with this issue. Please let me know.",en,True
CONV-04485,email,My account suddenly won't let me log in. Thank you.,en,True
CONV-04486,chat,Please advise: Can you cancel ORD-101810 for me? I placed the order earlier today. I'd appreciate your help.,en,True
CONV-04487,chat,"Hi, I think someone may have accessed my account. I’m trying to sort this out before the end of the day. Thanks.",en,True
CONV-04488,email,Could you help me? Can you send me through the password recovery process? I noticed this while reviewing my recent activity. I’d like to resolve this today.,en,True
CONV-04489,email,I wanted to check whether Please stop ORD-101827 before it is dispatched. I haven't changed anything on my account. Please let me know.,en,True
CONV-04490,mobile_app,Just checking — Has the refund for ORD-101155 been issued yet? I’m trying to sort this out before the end of the day. Thanks.,en,True
CONV-04491,web_form,Please advise: I can't finish the purchase because the payment isn't accepted. I noticed this while reviewing my recent activity. I'd appreciate your help.,en,True
CONV-04492,web_form,Quick question: The promotional code says it is invalid. I noticed this while reviewing my recent activity. I'd appreciate your help.,en,True
CONV-04493,web_form,"Hello, When should ORD-100510 arrive? This is my first time dealing with this issue.",en,True
CONV-04494,chat,I’m contacting support because I see two charges for the same purchase. Please let me know.,en,True
CONV-04495,email,I wanted to check whether The promised delivery window is over for ORD-100499. This is my first time dealing with this issue.,en,True
CONV-04496,chat,I’m contacting support because I need the specifications before I decide whether to buy it. Thank you.,en,True
CONV-04497,web_form,Could you help me? I no longer want this order. Is cancellation still possible? I noticed this while reviewing my recent activity. Any guidance would be helpful.,en,True
CONV-04498,web_form,Just checking — Why does the payment fail whenever I try to complete the order? I’m trying to sort this out before the end of the day. I'd appreciate your help.,en,True
CONV-04499,mobile_app,"Hi, How do I change the address attached to my order? I’m trying to sort this out before the end of the day. I'd appreciate your help.",en,True
CONV-04500,chat,Please advise: My package contains a different product. I’m trying to sort this out before the end of the day. Thanks.,en,True
CONV-04501,chat,Can you send me through the password recovery process? This is my first time dealing with this issue.,en,True
CONV-04502,chat,I’m contacting support because I see two charges for the same purchase. I haven't changed anything on my account. Thank you.,en,True
CONV-04503,email,Could you help me? Could you tell me the current status of my refund? I noticed this while reviewing my recent activity. I'd appreciate your help.,en,True
CONV-04504,email,"Quick question: The box arrived, but mug wasn't inside. I noticed this while reviewing my recent activity. Any guidance would be helpful.",en,True
CONV-04505,mobile_app,My account suddenly won't let me log in. I haven't changed anything on my account.,en,True
CONV-04506,mobile_app,Please advise: I'm still waiting for the money from my return. Can you check? I’m trying to sort this out before the end of the day. Any guidance would be helpful.,en,True
CONV-04507,web_form,"Hello, Why are there duplicate transactions for one order? Can you check?",en,True
CONV-04508,mobile_app,I’m contacting support because I think someone may have accessed my account. This is my first time dealing with this issue. Please let me know.,en,True
CONV-04509,web_form,Could you help me? Something about my account activity looks suspicious. I’m trying to sort this out before the end of the day. I'd appreciate your help.,en,True
CONV-04510,mobile_app,"Please advise: I received the package, but one of the products is absent. I placed the order earlier today. I'd appreciate your help.",en,True
CONV-04511,mobile_app,"Hello, What steps do I need to follow to return this product? This is my first time dealing with this issue.",en,True
CONV-04512,chat,Please advise: My discount code isn't working. I noticed this while reviewing my recent activity. Thanks.,en,True
CONV-04513,chat,I wanted to check whether Can you give me an ETA for this shipment? This is my first time dealing with this issue. Please let me know.,en,True
CONV-04514,chat,"Hello, I'm still waiting for the money from my return. Can you check? This is my first time dealing with this issue.",en,True
CONV-04515,chat,Could you help me? Something about my account activity looks suspicious. I’m trying to sort this out before the end of the day. Thanks.,en,True
CONV-04516,chat,Please advise: I'm locked out of my account and need access. I placed the order earlier today. I'd appreciate your help.,en,True
CONV-04517,chat,I’m contacting support because I opened the package and found the product broken. I haven't changed anything on my account. Can you check?,en,True
CONV-04518,web_form,Could you tell me the current status of my refund? I haven't changed anything on my account. Thank you.,en,True
CONV-04519,chat,"I wanted to check whether The box arrived, but adapter wasn't inside. I haven't changed anything on my account. Thank you.",en,True
CONV-04520,mobile_app,Could you help me? Could you tell me the current status of my refund? I’m trying to sort this out before the end of the day. Any guidance would be helpful.,en,True
CONV-04521,web_form,I wanted to check whether I need to create a new password because I can't remember mine. Thank you.,en,True
CONV-04522,chat,"Hello, I entered the wrong delivery address. Can it be corrected? This is my first time dealing with this issue. Thank you.",en,True
CONV-04523,chat,Could you help me? My account suddenly won't let me log in. I noticed this while reviewing my recent activity. I’d like to resolve this today.,en,True
CONV-04524,email,Why is the coupon being rejected at checkout? This is my first time dealing with this issue.,en,True
CONV-04525,chat,"Hello, I forgot my password. How can I reset it? This is my first time dealing with this issue.",en,True
CONV-04526,mobile_app,Just checking — I placed ORD-100143 recently. What is happening with it? I placed the order earlier today. Thanks.,en,True
CONV-04527,email,Could you help me? Please update the destination before the order ships. I noticed this while reviewing my recent activity. Thanks.,en,True
CONV-04528,chat,Please advise: I'm locked out of my account and need access. I noticed this while reviewing my recent activity. I'd appreciate your help.,en,True
CONV-04529,email,Quick question: Can you give me an ETA for this shipment? I placed the order earlier today. Thanks.,en,True
CONV-04530,email,I need some help. Can you help me cancel my recent order? This is my first time dealing with this issue. Please let me know.,en,True
CONV-04531,web_form,I’m contacting support because My multi-item order is incomplete. I haven't changed anything on my account.,en,True
CONV-04532,web_form,Please advise: My discount code isn't working. I noticed this while reviewing my recent activity. I'd appreciate your help.,en,True
CONV-04533,mobile_app,Just checking — Can you explain the latest recurring charge? I placed the order earlier today. Any guidance would be helpful.,en,True
CONV-04534,email,"I’m contacting support because ORD-100395 was due on Tuesday, but it still hasn't arrived.",en,True
CONV-04535,web_form,Please advise: Can you show me the latest tracking update for my shipment? I’m trying to sort this out before the end of the day. Any guidance would be helpful.,en,True
CONV-04536,web_form,Quick question: The promotional code says it is invalid. I noticed this while reviewing my recent activity. I’d like to resolve this today.,en,True
CONV-04537,mobile_app,My payment is being declined at checkout. This is my first time dealing with this issue. Please let me know.,en,True
CONV-04538,web_form,"Hello, Does this product come with the accessories shown? I haven't changed anything on my account.",en,True
CONV-04539,mobile_app,Please advise: When should ORD-100595 arrive? I noticed this while reviewing my recent activity. I'd appreciate your help.,en,True
CONV-04540,web_form,"Hi, How can I prevent the plan from renewing? I’m trying to sort this out before the end of the day. Any guidance would be helpful.",en,True
CONV-04541,chat,Quick question: I keep getting rejected when I try to sign in. I noticed this while reviewing my recent activity. I’d like to resolve this today.,en,True
CONV-04542,chat,Please advise: My package contains a different product. I’m trying to sort this out before the end of the day. Any guidance would be helpful.,en,True
CONV-04543,chat,Quick question: Please stop my recurring membership. I’m trying to sort this out before the end of the day. I’d like to resolve this today.,en,True
CONV-04544,web_form,Quick question: I noticed a login I don't recognize. I noticed this while reviewing my recent activity. I’d like to resolve this today.,en,True
CONV-04545,email,I wanted to check whether Please stop my recurring membership. This is my first time dealing with this issue. Please let me know.,en,True
CONV-04546,chat,"Hello, I don't recognize the amount billed for my membership. This is my first time dealing with this issue. Can you check?",en,True
CONV-04547,mobile_app,"Hi, I need the specifications before I decide whether to buy it. I’m trying to sort this out before the end of the day. I’d like to resolve this today.",en,True
CONV-04548,mobile_app,Please advise: The product has a crack that wasn't shown in the listing. I noticed this while reviewing my recent activity. Thanks.,en,True
CONV-04549,mobile_app,Just checking — It looks like I was billed twice for ORD-101571. I placed the order earlier today. I’d like to resolve this today.,en,True
CONV-04550,mobile_app,Quick question: I have a question about the charge on my recurring plan. I noticed this while reviewing my recent activity. Thanks.,en,True
CONV-04551,web_form,Could you tell me the current status of my refund? I haven't changed anything on my account. Please let me know.,en,True
CONV-04552,chat,Just checking — The login page won't let me access my account. I’m trying to sort this out before the end of the day. I’d like to resolve this today.,en,True
CONV-04553,email,"Hello, I'm locked out of my account and need access. This is my first time dealing with this issue. Please let me know.",en,True
CONV-04554,chat,"Hello, I received the package, but one of the products is absent. Thank you.",en,True
CONV-04555,mobile_app,I wanted to check whether I noticed a login I don't recognize. I haven't changed anything on my account. Thank you.,en,True
CONV-04556,mobile_app,Please advise: When should ORD-100675 arrive? I placed the order earlier today. I'd appreciate your help.,en,True
CONV-04557,web_form,Could you help me? My account suddenly won't let me log in. I placed the order earlier today. Thanks.,en,True
CONV-04558,web_form,Please advise: I received a security alert for an unfamiliar sign-in. I’m trying to sort this out before the end of the day. I'd appreciate your help.,en,True
CONV-04559,chat,I’m contacting support because Roughly how long will delivery take? I haven't changed anything on my account. Thank you.,en,True
CONV-04560,web_form,Please advise: My parcel is 1 days late. Can you investigate? I placed the order earlier today. I’d like to resolve this today.,en,True
CONV-04561,web_form,Can you send me through the password recovery process? This is my first time dealing with this issue. Please let me know.,en,True
CONV-04562,chat,I need some help. It looks like I was billed twice for ORD-101516. I haven't changed anything on my account. Thank you.,en,True
CONV-04563,mobile_app,I wanted to check whether I want to return ORD-100825. How do I start?,en,True
CONV-04564,email,I need some help. There are changes in my profile that I didn't make. I haven't changed anything on my account. Can you check?,en,True
CONV-04565,chat,Please advise: Could you help me end my recurring plan? I placed the order earlier today. I’d like to resolve this today.,en,True
CONV-04566,chat,What is the estimated delivery date for my package? Thank you.,en,True
CONV-04567,web_form,"Hello, Would you mind checking the latest status of ORD-100114? Thank you.",en,True
CONV-04568,mobile_app,"Hello, My parcel is 6 days late. Can you investigate? I haven't changed anything on my account. Please let me know.",en,True
CONV-04569,email,Just checking — I can't recall my password and need to change it. I noticed this while reviewing my recent activity. I’d like to resolve this today.,en,True
CONV-04570,email,"Hi, I see two charges for the same purchase. I placed the order earlier today. Thanks.",en,True
CONV-04571,chat,Just checking — Where is ORD-104950 right now? I’m trying to sort this out before the end of the day. I'd appreciate your help.,en,True
CONV-04572,email,"Hi, Why was my subscription charged this month? I’m trying to sort this out before the end of the day. I’d like to resolve this today.",en,True
CONV-04573,web_form,Just checking — The login page won't let me access my account. I noticed this while reviewing my recent activity. Thanks.,en,True
CONV-04574,mobile_app,"Hi, I need the specifications before I decide whether to buy it. I noticed this while reviewing my recent activity. I’d like to resolve this today.",en,True
CONV-04575,web_form,I need some help. There is visible damage on the item I received. This is my first time dealing with this issue. Thank you.,en,True
CONV-04576,mobile_app,"Hello, What steps do I need to follow to return this product?",en,True
CONV-04577,web_form,"I wanted to check whether The box arrived, but shirt wasn't inside. Can you check?",en,True
CONV-04578,mobile_app,"Hello, Could you help me end my recurring plan? Can you check?",en,True
CONV-04579,mobile_app,"Hello, I received a security alert for an unfamiliar sign-in. This is my first time dealing with this issue. Please let me know.",en,True
CONV-04580,mobile_app,Please advise: I don't recognize the amount billed for my membership. I’m trying to sort this out before the end of the day. Any guidance would be helpful.,en,True
CONV-04581,web_form,"Hi, Something different was packed instead of what I purchased. I placed the order earlier today. I’d like to resolve this today.",en,True
CONV-04582,web_form,Please advise: My discount code isn't working. I placed the order earlier today. I’d like to resolve this today.,en,True
CONV-04583,web_form,"Hello, I'm still waiting for the money from my return. Can you check? This is my first time dealing with this issue. Please let me know.",en,True
CONV-04584,mobile_app,I need some help. I don't want the subscription to continue after this billing period. I haven't changed anything on my account. Can you check?,en,True
CONV-04585,chat,Please advise: I received a security alert for an unfamiliar sign-in. I’m trying to sort this out before the end of the day. Any guidance would be helpful.,en,True
CONV-04586,web_form,I need some help. Part of ORD-102738 was not included in the delivery. Can you check?,en,True
CONV-04587,chat,I’m contacting support because Why was my subscription charged this month? This is my first time dealing with this issue.,en,True
CONV-04588,chat,The same purchase appears twice on my card statement. This is my first time dealing with this issue. Please let me know.,en,True
CONV-04589,email,I was sent the wrong model.,en,True
CONV-04590,web_form,"Hello, I entered the wrong delivery address. Can it be corrected? I haven't changed anything on my account.",en,True
CONV-04591,mobile_app,Could you help me? Could you explain the available options for this product? I’m trying to sort this out before the end of the day. I’d like to resolve this today.,en,True
CONV-04592,mobile_app,Please advise: Why are there duplicate transactions for one order? I’m trying to sort this out before the end of the day. I'd appreciate your help.,en,True
CONV-04593,email,I’m contacting support because Could you explain the return process for this purchase? This is my first time dealing with this issue. Thank you.,en,True
CONV-04594,web_form,"Hello, I entered the wrong delivery address. Can it be corrected? This is my first time dealing with this issue.",en,True
CONV-04595,email,I wanted to check whether I want to return ORD-100895. How do I start? I haven't changed anything on my account. Please let me know.,en,True
CONV-04596,chat,I need some help. What exactly is included with this item? This is my first time dealing with this issue. Thank you.,en,True
CONV-04597,email,"I’m contacting support because ORD-100335 was due on Tuesday, but it still hasn't arrived. Can you check?",en,True
CONV-04598,email,I wanted to check whether I keep getting rejected when I try to sign in. Please let me know.,en,True
CONV-04599,mobile_app,Quick question: I need to create a new password because I can't remember mine. I noticed this while reviewing my recent activity. Any guidance would be helpful.,en,True
CONV-04600,web_form,Just checking — Why does the payment fail whenever I try to complete the order? I noticed this while reviewing my recent activity. I'd appreciate your help.,en,True
CONV-04601,mobile_app,Just checking — Has the refund for ORD-101015 been issued yet? I placed the order earlier today. Any guidance would be helpful.,en,True
CONV-04602,web_form,Just checking — The login page won't let me access my account. I’m trying to sort this out before the end of the day. Thanks.,en,True
CONV-04603,mobile_app,Just checking — It looks like I was billed twice for ORD-101631. I placed the order earlier today. I'd appreciate your help.,en,True
CONV-04604,mobile_app,I’m contacting support because Something different was packed instead of what I purchased. This is my first time dealing with this issue. Please let me know.,en,True
CONV-04605,web_form,I need some help. Can I change the shipping address for ORD-103730?,en,True
CONV-04606,email,I’m contacting support because I think someone may have accessed my account. Can you check?,en,True
CONV-04607,web_form,Could you explain the available options for this product? This is my first time dealing with this issue. Can you check?,en,True
CONV-04608,web_form,I wanted to check whether The item arrived damaged. What should I do? This is my first time dealing with this issue. Please let me know.,en,True
CONV-04609,web_form,Quick question: The promotional code says it is invalid. I placed the order earlier today. I’d like to resolve this today.,en,True
CONV-04610,chat,Could you help me? Has the courier scanned ORD-104882 yet? I placed the order earlier today. I’d like to resolve this today.,en,True
CONV-04611,mobile_app,"Hi, I see two charges for the same purchase. I noticed this while reviewing my recent activity. I’d like to resolve this today.",en,True
CONV-04612,email,I’m contacting support because Something different was packed instead of what I purchased. I haven't changed anything on my account. Can you check?,en,True
CONV-04613,mobile_app,I need some help. The item I received isn't the one I ordered. Please let me know.,en,True
CONV-04614,email,I wanted to check whether I keep getting rejected when I try to sign in. Please let me know.,en,True
CONV-04615,mobile_app,"Hi, I need the specifications before I decide whether to buy it. I noticed this while reviewing my recent activity. I'd appreciate your help.",en,True
CONV-04616,mobile_app,Just checking — I can't recall my password and need to change it. I placed the order earlier today. Thanks.,en,True
CONV-04617,email,"Hi, I opened the package and found the product broken. I’m trying to sort this out before the end of the day. I'd appreciate your help.",en,True
CONV-04618,web_form,I’m contacting support because Where can I request a password reset? I haven't changed anything on my account. Thank you.,en,True
CONV-04619,email,Quick question: Can you tell me more about this product's features? I noticed this while reviewing my recent activity. Thanks.,en,True
CONV-04620,email,"Hi, Why was my subscription charged this month? I placed the order earlier today. I'd appreciate your help.",en,True
CONV-04621,web_form,"Hi, I think someone may have accessed my account. I noticed this while reviewing my recent activity. I'd appreciate your help.",en,True
CONV-04622,chat,"Hello, I received the package, but one of the products is absent. Thank you.",en,True
CONV-04623,web_form,"Hello, I entered the wrong delivery address. Can it be corrected? I haven't changed anything on my account.",en,True
CONV-04624,mobile_app,Quick question: I think I was charged more than once for a single checkout. I placed the order earlier today. I'd appreciate your help.,en,True
CONV-04625,email,Quick question: I have a question about the charge on my recurring plan. I placed the order earlier today. I’d like to resolve this today.,en,True
CONV-04626,mobile_app,Quick question: I need to create a new password because I can't remember mine. I noticed this while reviewing my recent activity. Thanks.,en,True
CONV-04627,chat,"Hi, Something different was packed instead of what I purchased. I placed the order earlier today. Any guidance would be helpful.",en,True
CONV-04628,chat,"Hello, When should ORD-100580 arrive? Please let me know.",en,True
CONV-04629,chat,Could you help me? My payment is being declined at checkout. I placed the order earlier today. Thanks.,en,True
CONV-04630,web_form,I’m contacting support because Why was my subscription charged this month? Please let me know.,en,True
CONV-04631,email,"Hello, I received a security alert for an unfamiliar sign-in. This is my first time dealing with this issue.",en,True
CONV-04632,mobile_app,Please advise: Does this product come with the accessories shown? I placed the order earlier today. I’d like to resolve this today.,en,True
CONV-04633,chat,Please update the destination before the order ships. This is my first time dealing with this issue. Please let me know.,en,True
CONV-04634,mobile_app,Just checking — I’m planning around the delivery. When is it expected? I noticed this while reviewing my recent activity. I’d like to resolve this today.,en,True
CONV-04635,mobile_app,I wanted to check whether I keep getting rejected when I try to sign in. I haven't changed anything on my account.,en,True
CONV-04636,chat,I wanted to check whether Can you give me an ETA for this shipment? I haven't changed anything on my account. Thank you.,en,True
CONV-04637,email,Please advise: I'm still waiting for the money from my return. Can you check? I placed the order earlier today. I'd appreciate your help.,en,True
CONV-04638,chat,I wanted to check whether I think I was charged more than once for a single checkout. This is my first time dealing with this issue. Please let me know.,en,True
CONV-04639,chat,Could you tell me the current status of my refund? This is my first time dealing with this issue.,en,True
CONV-04640,email,I no longer want this order. Is cancellation still possible? Please let me know.,en,True
CONV-04641,web_form,I need some help. Has the refund for ORD-101150 been issued yet? This is my first time dealing with this issue. Thank you.,en,True
CONV-04642,chat,Could you help me? My account suddenly won't let me log in. I placed the order earlier today. I'd appreciate your help.,en,True
CONV-04643,chat,I wanted to check whether Do you have an update on ORD-100116? I want to know where it stands. This is my first time dealing with this issue. Can you check?,en,True
CONV-04644,chat,"Hello, When should ORD-100740 arrive? I haven't changed anything on my account. Please let me know.",en,True
CONV-04645,chat,Please advise: Can you show me the latest tracking update for my shipment? I’m trying to sort this out before the end of the day. I'd appreciate your help.,en,True
CONV-04646,mobile_app,Just checking — Can I change the shipping address for ORD-103675? I placed the order earlier today. I’d like to resolve this today.,en,True
CONV-04647,chat,Quick question: I want to return ORD-100830. How do I start? I placed the order earlier today. I'd appreciate your help.,en,True
CONV-04648,mobile_app,Please advise: Would you mind checking the latest status of ORD-100119? I placed the order earlier today. Thanks.,en,True
CONV-04649,mobile_app,I wanted to check whether I want to track the package that was just dispatched. Can you check?,en,True
CONV-04650,web_form,"Hello, Does this product come with the accessories shown? I haven't changed anything on my account. Can you check?",en,True
CONV-04651,mobile_app,Please advise: When should ORD-100635 arrive? I’m trying to sort this out before the end of the day. I'd appreciate your help.,en,True
CONV-04652,mobile_app,"Hello, My discount code isn't working. Please let me know.",en,True
CONV-04653,web_form,Just checking — The discount isn't being applied even though I entered the code. I’m trying to sort this out before the end of the day. I’d like to resolve this today.,en,True
CONV-04654,web_form,"Hello, I don't recognize the amount billed for my membership. Please let me know.",en,True
CONV-04655,email,I’m contacting support because Could you explain the return process for this purchase? I haven't changed anything on my account. Please let me know.,en,True
CONV-04656,web_form,"Hi, Could you explain the return process for this purchase? I noticed this while reviewing my recent activity. Any guidance would be helpful.",en,True
CONV-04657,chat,"Hello, Would you mind checking the latest status of ORD-100004? I haven't changed anything on my account. Can you check?",en,True
CONV-04658,mobile_app,Could you help me? Can you send me through the password recovery process? I noticed this while reviewing my recent activity. Thanks.,en,True
CONV-04659,chat,I need some help. I can't recall my password and need to change it. I haven't changed anything on my account.,en,True
CONV-04660,chat,One product from my order is missing. Please let me know.,en,True
CONV-04661,email,"Hello, My package contains a different product. I haven't changed anything on my account.",en,True
CONV-04662,chat,Please advise: Could you help me end my recurring plan? I placed the order earlier today. I’d like to resolve this today.,en,True
CONV-04663,mobile_app,"Hi, I see two charges for the same purchase. I placed the order earlier today. I’d like to resolve this today.",en,True
CONV-04664,chat,"I wanted to check whether The item was returned, but I haven't received the refund.",en,True
CONV-04665,mobile_app,I’m contacting support because I think someone may have accessed my account. I haven't changed anything on my account. Please let me know.,en,True
CONV-04666,web_form,I need some help. I’m planning around the delivery. When is it expected?,en,True
CONV-04667,mobile_app,"Hello, Could you help me end my recurring plan? I haven't changed anything on my account. Can you check?",en,True
CONV-04668,chat,"Hello, I entered the wrong delivery address. Can it be corrected? Please let me know.",en,True
CONV-04669,web_form,I need some help. Can you explain the latest recurring charge? I haven't changed anything on my account. Thank you.,en,True
CONV-04670,mobile_app,"Hello, What steps do I need to follow to return this product? I haven't changed anything on my account. Can you check?",en,True
CONV-04671,chat,Quick question: Please stop ORD-101982 before it is dispatched. I noticed this while reviewing my recent activity. I’d like to resolve this today.,en,True
CONV-04672,chat,Quick question: I keep getting rejected when I try to sign in. I’m trying to sort this out before the end of the day. I'd appreciate your help.,en,True
CONV-04673,web_form,"Hello, I'm still waiting for the money from my return. Can you check? Thank you.",en,True
CONV-04674,email,I’m contacting support because Could you explain the return process for this purchase? This is my first time dealing with this issue. Thank you.,en,True
CONV-04675,email,"Quick question: The box arrived, but cable wasn't inside. I placed the order earlier today. Thanks.",en,True
CONV-04676,email,"Hello, My discount code isn't working. Can you check?",en,True
CONV-04677,email,I’m contacting support because How can I prevent the plan from renewing? I haven't changed anything on my account. Thank you.,en,True
CONV-04678,web_form,Quick question: The delivered item doesn't match my order. I’m trying to sort this out before the end of the day. I'd appreciate your help.,en,True
CONV-04679,mobile_app,"Hi, Why was my subscription charged this month? I noticed this while reviewing my recent activity. Any guidance would be helpful.",en,True
CONV-04680,mobile_app,Just checking — Can you explain the latest recurring charge? I’m trying to sort this out before the end of the day. Any guidance would be helpful.,en,True
CONV-04681,chat,"Hi, I can't sign in to my account. I noticed this while reviewing my recent activity. I'd appreciate your help.",en,True
CONV-04682,chat,I need some help. I’m planning around the delivery. When is it expected? I haven't changed anything on my account. Please let me know.,en,True
CONV-04683,email,I need some help. The item I received isn't the one I ordered. I haven't changed anything on my account. Can you check?,en,True
CONV-04684,mobile_app,I no longer want this order. Is cancellation still possible? Can you check?,en,True
CONV-04685,email,Quick question: Can you give me an ETA for this shipment? I placed the order earlier today. Any guidance would be helpful.,en,True
CONV-04686,chat,Just checking — The login page won't let me access my account. I noticed this while reviewing my recent activity. I'd appreciate your help.,en,True
CONV-04687,mobile_app,Why is the coupon being rejected at checkout? This is my first time dealing with this issue. Thank you.,en,True
CONV-04688,mobile_app,Please advise: I forgot my password. How can I reset it? I’m trying to sort this out before the end of the day. Any guidance would be helpful.,en,True
CONV-04689,web_form,Could you help me? Please help me arrange a return. I’m trying to sort this out before the end of the day. Thanks.,en,True
CONV-04690,email,Please advise: I don't recognize the amount billed for my membership. I placed the order earlier today. I’d like to resolve this today.,en,True
CONV-04691,mobile_app,"Hello, I can't finish the purchase because the payment isn't accepted. I haven't changed anything on my account. Thank you.",en,True
CONV-04692,email,"Hi, My multi-item order is incomplete. I noticed this while reviewing my recent activity. Any guidance would be helpful.",en,True
CONV-04693,web_form,"Hello, Would you mind checking the latest status of ORD-100154? I haven't changed anything on my account. Thank you.",en,True
CONV-04694,email,Just checking — I can't recall my password and need to change it. I noticed this while reviewing my recent activity. I'd appreciate your help.,en,True
CONV-04695,web_form,I need some help. It looks like I was billed twice for ORD-101686. Can you check?,en,True
CONV-04696,mobile_app,I need some help. The login page won't let me access my account. This is my first time dealing with this issue. Can you check?,en,True
CONV-04697,mobile_app,I’m contacting support because Could you tell me the current location or transit stage of my parcel? Can you check?,en,True
CONV-04698,email,I need some help. I don't want the subscription to continue after this billing period. This is my first time dealing with this issue. Thank you.,en,True
CONV-04699,email,Just checking — Part of ORD-102733 was not included in the delivery. I’m trying to sort this out before the end of the day. Thanks.,en,True
CONV-04700,email,"Hello, Can you cancel ORD-101895 for me? Thank you.",en,True
CONV-04701,email,Just checking — I’m planning around the delivery. When is it expected? I’m trying to sort this out before the end of the day. Any guidance would be helpful.,en,True
CONV-04702,web_form,Could you help me? I no longer want this order. Is cancellation still possible? I placed the order earlier today. Any guidance would be helpful.,en,True
CONV-04703,email,Quick question: The item arrived damaged. What should I do? I noticed this while reviewing my recent activity. I’d like to resolve this today.,en,True
CONV-04704,mobile_app,"Hi, Can you see what stage ORD-100127 is at right now? I’m trying to sort this out before the end of the day. Thanks.",en,True
CONV-04705,chat,Could you help me? Something about my account activity looks suspicious. I placed the order earlier today. Any guidance would be helpful.,en,True
CONV-04706,email,I need some help. There are changes in my profile that I didn't make. I haven't changed anything on my account.,en,True
CONV-04707,chat,Please advise: Can you show me the latest tracking update for my shipment? I’m trying to sort this out before the end of the day. I’d like to resolve this today.,en,True
CONV-04708,email,I’m contacting support because I can't sign in to my account. I haven't changed anything on my account. Please let me know.,en,True
CONV-04709,web_form,Quick question: I want to return ORD-100980. How do I start? I placed the order earlier today. Any guidance would be helpful.,en,True
CONV-04710,web_form,Just checking — The item I received isn't the one I ordered. I placed the order earlier today. I’d like to resolve this today.,en,True
CONV-04711,web_form,I’m checking on ORD-100190. Could you tell me its current status? I haven't changed anything on my account. Please let me know.,en,True
CONV-04712,mobile_app,"Hi, When should the refund appear in my account? I noticed this while reviewing my recent activity. Thanks.",en,True
CONV-04713,mobile_app,Just checking — I’m planning around the delivery. When is it expected? I placed the order earlier today. I'd appreciate your help.,en,True
CONV-04714,web_form,Just checking — Where is ORD-104780 right now? I placed the order earlier today. Any guidance would be helpful.,en,True
CONV-04715,web_form,What is the estimated delivery date for my package? This is my first time dealing with this issue.,en,True
CONV-04716,web_form,Could you help me? Why is the coupon being rejected at checkout? I noticed this while reviewing my recent activity. I’d like to resolve this today.,en,True
CONV-04717,mobile_app,I need some help. The delivery date for ORD-100301 has passed and I'm still waiting. This is my first time dealing with this issue. Thank you.,en,True
CONV-04718,web_form,Quick question: I noticed a login I don't recognize. I’m trying to sort this out before the end of the day. I'd appreciate your help.,en,True
CONV-04719,web_form,Just checking — Where is ORD-104820 right now? I noticed this while reviewing my recent activity. Any guidance would be helpful.,en,True
CONV-04720,chat,I need some help. Has the refund for ORD-101060 been issued yet? This is my first time dealing with this issue.,en,True
CONV-04721,email,Could you help me? One product from my order is missing. I’m trying to sort this out before the end of the day. Thanks.,en,True
CONV-04722,chat,"Hi, Could you tell me the current location or transit stage of my parcel? I noticed this while reviewing my recent activity. I’d like to resolve this today.",en,True
CONV-04723,email,"Hi, When should the refund appear in my account? I placed the order earlier today. I’d like to resolve this today.",en,True
CONV-04724,chat,"Hello, I received the package, but one of the products is absent. This is my first time dealing with this issue. Please let me know.",en,True
CONV-04725,email,Quick question: The item arrived damaged. What should I do? I placed the order earlier today. I'd appreciate your help.,en,True
CONV-04726,mobile_app,"Quick question: The item was returned, but I haven't received the refund. I placed the order earlier today. Thanks.",en,True
CONV-04727,chat,I wanted to check whether Do you have an update on ORD-100016? I want to know where it stands. I haven't changed anything on my account.,en,True
CONV-04728,chat,"Hello, I forgot my password. How can I reset it? Can you check?",en,True
CONV-04729,web_form,I need some help. What exactly is included with this item? I haven't changed anything on my account. Can you check?,en,True
CONV-04730,email,I wanted to check whether I want to return ORD-100815. How do I start? This is my first time dealing with this issue. Please let me know.,en,True
CONV-04731,mobile_app,Quick question: I need to create a new password because I can't remember mine. I’m trying to sort this out before the end of the day. Thanks.,en,True
CONV-04732,web_form,"Hi, Could you tell me the current location or transit stage of my parcel? I noticed this while reviewing my recent activity. Thanks.",en,True
CONV-04733,email,Please help me arrange a return. This is my first time dealing with this issue. Please let me know.,en,True
CONV-04734,email,Could you help me? I’m checking on ORD-100225. Could you tell me its current status? I noticed this while reviewing my recent activity. I’d like to resolve this today.,en,True
CONV-04735,chat,Could you help me? Something about my account activity looks suspicious. I’m trying to sort this out before the end of the day. Any guidance would be helpful.,en,True
CONV-04736,mobile_app,I need some help. The item I received isn't the one I ordered. I haven't changed anything on my account. Thank you.,en,True
CONV-04737,web_form,I wanted to check whether Can you give me an ETA for this shipment? Can you check?,en,True
CONV-04738,web_form,"Hi, I think someone may have accessed my account. I placed the order earlier today. I'd appreciate your help.",en,True
CONV-04739,email,Could you help me? The same purchase appears twice on my card statement. I’m trying to sort this out before the end of the day. Any guidance would be helpful.,en,True
CONV-04740,email,Just checking — Has the refund for ORD-101045 been issued yet? I placed the order earlier today. I’d like to resolve this today.,en,True
CONV-04741,chat,"Hi, I think someone may have accessed my account. I noticed this while reviewing my recent activity. Thanks.",en,True
CONV-04742,email,Quick question: Can you tell me more about this product's features? I placed the order earlier today. Thanks.,en,True
CONV-04743,chat,Could you help me? Please help me arrange a return. I noticed this while reviewing my recent activity. I’d like to resolve this today.,en,True
CONV-04744,mobile_app,I need some help. Where is ORD-104985 right now?,en,True
CONV-04745,mobile_app,Could you help me? One product from my order is missing. I noticed this while reviewing my recent activity. I’d like to resolve this today.,en,True
CONV-04746,email,I wanted to check whether I want to track the package that was just dispatched. This is my first time dealing with this issue. Please let me know.,en,True
CONV-04747,mobile_app,Quick question: Can you tell me more about this product's features? I’m trying to sort this out before the end of the day. I’d like to resolve this today.,en,True
CONV-04748,email,I wanted to check whether I want to track the package that was just dispatched. Please let me know.,en,True
CONV-04749,web_form,"I wanted to check whether The item was returned, but I haven't received the refund. I haven't changed anything on my account. Please let me know.",en,True
CONV-04750,mobile_app,Please advise: Why are there duplicate transactions for one order? I noticed this while reviewing my recent activity. I'd appreciate your help.,en,True
CONV-04751,email,I’m contacting support because How can I prevent the plan from renewing? Please let me know.,en,True
CONV-04752,web_form,Could you help me? My payment is being declined at checkout. I noticed this while reviewing my recent activity. I'd appreciate your help.,en,True
CONV-04753,email,"Hello, Can you show me the latest tracking update for my shipment? This is my first time dealing with this issue. Thank you.",en,True
CONV-04754,chat,I’m checking on ORD-100160. Could you tell me its current status? I haven't changed anything on my account.,en,True
CONV-04755,mobile_app,Please advise: I don't recognize the amount billed for my membership. I noticed this while reviewing my recent activity. Any guidance would be helpful.,en,True
CONV-04756,web_form,"Hi, Could you explain the return process for this purchase? I placed the order earlier today. Any guidance would be helpful.",en,True
CONV-04757,email,I wanted to check whether Please stop my recurring membership. This is my first time dealing with this issue. Thank you.,en,True
CONV-04758,web_form,I need some help. I can't recall my password and need to change it. Please let me know.,en,True
CONV-04759,mobile_app,I wanted to check whether I keep getting rejected when I try to sign in. Can you check?,en,True
CONV-04760,mobile_app,I’m contacting support because How can I prevent the plan from renewing? Can you check?,en,True
CONV-04761,mobile_app,I’m contacting support because Where should I enter my promo code? I haven't changed anything on my account. Please let me know.,en,True
CONV-04762,mobile_app,I need some help. The login page won't let me access my account. This is my first time dealing with this issue.,en,True
CONV-04763,chat,I wanted to check whether The item arrived damaged. What should I do?,en,True
CONV-04764,web_form,I need some help. I placed ORD-100098 recently. What is happening with it? This is my first time dealing with this issue. Thank you.,en,True
CONV-04765,email,"Hi, My multi-item order is incomplete. I placed the order earlier today. Thanks.",en,True
CONV-04766,mobile_app,"Hi, Where can I request a password reset? I noticed this while reviewing my recent activity. Any guidance would be helpful.",en,True
CONV-04767,mobile_app,"I expected this shipment already, but it hasn't turned up. This is my first time dealing with this issue. Thank you.",en,True
CONV-04768,email,I need some help. I don't want the subscription to continue after this billing period. This is my first time dealing with this issue. Please let me know.,en,True
CONV-04769,mobile_app,Quick question: I have a question about the charge on my recurring plan. I noticed this while reviewing my recent activity. Thanks.,en,True
CONV-04770,mobile_app,My payment is being declined at checkout. I haven't changed anything on my account. Please let me know.,en,True
CONV-04771,chat,The same purchase appears twice on my card statement. I haven't changed anything on my account. Please let me know.,en,True
CONV-04772,web_form,I need some help. What exactly is included with this item? This is my first time dealing with this issue. Can you check?,en,True
CONV-04773,mobile_app,Please advise: Does this product come with the accessories shown? I’m trying to sort this out before the end of the day. I'd appreciate your help.,en,True
CONV-04774,email,I wanted to check whether Please stop my recurring membership. I haven't changed anything on my account. Thank you.,en,True
CONV-04775,chat,I need some help. It looks like I was billed twice for ORD-101696. I haven't changed anything on my account. Please let me know.,en,True
CONV-04776,mobile_app,Could you help me? Can you send me through the password recovery process? I placed the order earlier today. Any guidance would be helpful.,en,True
CONV-04777,email,I need some help. The discount isn't being applied even though I entered the code. I haven't changed anything on my account.,en,True
CONV-04778,web_form,I’m contacting support because When should the refund appear in my account? Please let me know.,en,True
CONV-04779,email,I need some help. The item I received isn't the one I ordered. This is my first time dealing with this issue. Can you check?,en,True
CONV-04780,web_form,"Hello, Why are there duplicate transactions for one order? This is my first time dealing with this issue.",en,True
CONV-04781,web_form,"Hello, I forgot my password. How can I reset it? This is my first time dealing with this issue. Please let me know.",en,True
CONV-04782,chat,I’m contacting support because I opened the package and found the product broken.,en,True
CONV-04783,web_form,I’m contacting support because Why was my subscription charged this month? This is my first time dealing with this issue. Thank you.,en,True
CONV-04784,chat,I’m contacting support because Where can I request a password reset?,en,True
CONV-04785,chat,"Hello, Does this product come with the accessories shown? Please let me know.",en,True
CONV-04786,mobile_app,Quick question: I need to redirect this package to another address. I placed the order earlier today. I’d like to resolve this today.,en,True
CONV-04787,email,"Could you help me? My delivery arrived, but the item inside is damaged. I placed the order earlier today. I’d like to resolve this today.",en,True
CONV-04788,mobile_app,Quick question: I need to redirect this package to another address. I noticed this while reviewing my recent activity. I’d like to resolve this today.,en,True
CONV-04789,email,Has the courier scanned ORD-104927 yet? This is my first time dealing with this issue. Please let me know.,en,True
CONV-04790,mobile_app,"Hi, Roughly how long will delivery take? I’m trying to sort this out before the end of the day. I’d like to resolve this today.",en,True
CONV-04791,chat,Please advise: My parcel is 1 days late. Can you investigate? I placed the order earlier today. Any guidance would be helpful.,en,True
CONV-04792,mobile_app,Something about my account activity looks suspicious. I haven't changed anything on my account. Thank you.,en,True
CONV-04793,email,Just checking — Can you explain the latest recurring charge? I noticed this while reviewing my recent activity. I'd appreciate your help.,en,True
CONV-04794,chat,Quick question: Please stop ORD-101802 before it is dispatched. I noticed this while reviewing my recent activity. I'd appreciate your help.,en,True
CONV-04795,chat,I’m contacting support because I need the specifications before I decide whether to buy it. This is my first time dealing with this issue. Thank you.,en,True
CONV-04796,web_form,Could you help me? Has the courier scanned ORD-104992 yet? I’m trying to sort this out before the end of the day. Thanks.,en,True
CONV-04797,mobile_app,I need some help. The item I received isn't the one I ordered. Please let me know.,en,True
CONV-04798,email,I need some help. Can you help me cancel my recent order? I haven't changed anything on my account. Thank you.,en,True
CONV-04799,web_form,Just checking — The login page won't let me access my account. I placed the order earlier today. Thanks.,en,True
CONV-04800,web_form,"Could you help me? I expected this shipment already, but it hasn't turned up. I noticed this while reviewing my recent activity. I'd appreciate your help.",en,True
CONV-04801,email,I’m contacting support because I'd like to withdraw this purchase if it hasn't shipped. This is my first time dealing with this issue. Please let me know.,en,True
CONV-04802,web_form,I wanted to check whether I think I was charged more than once for a single checkout. Can you check?,en,True
CONV-04803,email,I need some help. The login page won't let me access my account. Please let me know.,en,True
CONV-04804,mobile_app,Just checking — I can't recall my password and need to change it. I noticed this while reviewing my recent activity. Thanks.,en,True
CONV-04805,web_form,I wanted to check whether Do you have an update on ORD-100146? I want to know where it stands. This is my first time dealing with this issue. Thank you.,en,True
CONV-04806,chat,Could you help me? I no longer want this order. Is cancellation still possible? I’m trying to sort this out before the end of the day. I'd appreciate your help.,en,True
CONV-04807,mobile_app,"Hello, I can't finish the purchase because the payment isn't accepted. Thank you.",en,True
CONV-04808,email,I need some help. The login page won't let me access my account. This is my first time dealing with this issue. Thank you.,en,True
CONV-04809,mobile_app,Just checking — I’m planning around the delivery. When is it expected? I’m trying to sort this out before the end of the day. I'd appreciate your help.,en,True
CONV-04810,chat,Just checking — Can you help me cancel my recent order? I’m trying to sort this out before the end of the day. I'd appreciate your help.,en,True
CONV-04811,mobile_app,"Quick question: The box arrived, but headphones wasn't inside. I’m trying to sort this out before the end of the day. I’d like to resolve this today.",en,True
CONV-04812,mobile_app,I need some help. There are changes in my profile that I didn't make. This is my first time dealing with this issue. Please let me know.,en,True
CONV-04813,chat,Quick question: The promotional code says it is invalid. I noticed this while reviewing my recent activity. Thanks.,en,True
CONV-04814,mobile_app,Could you help me? Could you tell me the current status of my refund? I placed the order earlier today. Thanks.,en,True
CONV-04815,web_form,Just checking — There are changes in my profile that I didn't make. I noticed this while reviewing my recent activity. I’d like to resolve this today.,en,True
CONV-04816,chat,I’m contacting support because Roughly how long will delivery take? I haven't changed anything on my account. Thank you.,en,True
CONV-04817,web_form,Please update the destination before the order ships. This is my first time dealing with this issue. Can you check?,en,True
CONV-04818,chat,Please advise: Can you cancel ORD-101930 for me? I placed the order earlier today. I'd appreciate your help.,en,True
CONV-04819,email,"Hi, Can you see what stage ORD-100197 is at right now? I placed the order earlier today. I'd appreciate your help.",en,True
CONV-04820,email,I need some help. The login page won't let me access my account. This is my first time dealing with this issue. Thank you.,en,True
CONV-04821,email,I was sent the wrong model. This is my first time dealing with this issue. Can you check?,en,True
CONV-04822,mobile_app,I need some help. The discount isn't being applied even though I entered the code. This is my first time dealing with this issue. Thank you.,en,True
CONV-04823,chat,"Hi, Could you explain the return process for this purchase? I’m trying to sort this out before the end of the day. I'd appreciate your help.",en,True
CONV-04824,web_form,Could you help me? Why is the coupon being rejected at checkout? I’m trying to sort this out before the end of the day. I'd appreciate your help.,en,True
CONV-04825,web_form,My subscription payment was higher than I expected. I haven't changed anything on my account. Thank you.,en,True
CONV-04826,email,I wanted to check whether I noticed a login I don't recognize. I haven't changed anything on my account.,en,True
CONV-04827,web_form,I’m contacting support because Can you see what stage ORD-100202 is at right now? I haven't changed anything on my account. Thank you.,en,True
CONV-04828,web_form,I need some help. Can I change the shipping address for ORD-103510? This is my first time dealing with this issue. Can you check?,en,True
CONV-04829,email,Could you help me? The same purchase appears twice on my card statement. I placed the order earlier today. Any guidance would be helpful.,en,True
CONV-04830,mobile_app,"Hello, I'm locked out of my account and need access. I haven't changed anything on my account.",en,True
CONV-04831,mobile_app,Please advise: Why are there duplicate transactions for one order? I noticed this while reviewing my recent activity. I’d like to resolve this today.,en,True
CONV-04832,chat,Could you help me? Something about my account activity looks suspicious. I’m trying to sort this out before the end of the day. Any guidance would be helpful.,en,True
CONV-04833,chat,Could you help me? Please help me arrange a return. I placed the order earlier today. I'd appreciate your help.,en,True
CONV-04834,email,Just checking — What exactly is included with this item? I noticed this while reviewing my recent activity. Any guidance would be helpful.,en,True
CONV-04835,email,Please advise: I don't recognize the amount billed for my membership. I noticed this while reviewing my recent activity. I’d like to resolve this today.,en,True
CONV-04836,chat,I wanted to check whether The item arrived damaged. What should I do? This is my first time dealing with this issue.,en,True
CONV-04837,web_form,I’m contacting support because Roughly how long will delivery take? I haven't changed anything on my account. Can you check?,en,True
CONV-04838,email,Has the courier scanned ORD-104947 yet? I haven't changed anything on my account. Thank you.,en,True
CONV-04839,email,I wanted to check whether I keep getting rejected when I try to sign in. I haven't changed anything on my account. Please let me know.,en,True
CONV-04840,chat,"Hello, I entered the wrong delivery address. Can it be corrected? This is my first time dealing with this issue. Please let me know.",en,True
CONV-04841,chat,I need some help. It looks like I was billed twice for ORD-101636. I haven't changed anything on my account. Thank you.,en,True
CONV-04842,mobile_app,I need some help. There are changes in my profile that I didn't make. This is my first time dealing with this issue. Thank you.,en,True
CONV-04843,email,Please advise: I entered the wrong delivery address. Can it be corrected? I’m trying to sort this out before the end of the day. Any guidance would be helpful.,en,True
CONV-04844,email,"I wanted to check whether I have tried several times, but the transaction won't go through. Can you check?",en,True
CONV-04845,mobile_app,Could you help me? Could you explain the available options for this product? I noticed this while reviewing my recent activity. I'd appreciate your help.,en,True
CONV-04846,mobile_app,I’m contacting support because I'd like to withdraw this purchase if it hasn't shipped.,en,True
CONV-04847,email,I need some help. I don't want the subscription to continue after this billing period. I haven't changed anything on my account. Please let me know.,en,True
CONV-04848,web_form,Could you help me? Something about my account activity looks suspicious. I placed the order earlier today. I’d like to resolve this today.,en,True
CONV-04849,web_form,Could you help me? Has the courier scanned ORD-104912 yet? I placed the order earlier today. Thanks.,en,True
CONV-04850,mobile_app,Quick question: I need to redirect this package to another address. I’m trying to sort this out before the end of the day. I'd appreciate your help.,en,True
CONV-04851,mobile_app,I wanted to check whether I noticed a login I don't recognize. This is my first time dealing with this issue. Please let me know.,en,True
CONV-04852,chat,"Hi, I'd like to withdraw this purchase if it hasn't shipped. I’m trying to sort this out before the end of the day. I’d like to resolve this today.",en,True
CONV-04853,mobile_app,"Hi, Roughly how long will delivery take? I placed the order earlier today. I’d like to resolve this today.",en,True
CONV-04854,email,I’m contacting support because Could you tell me the current location or transit stage of my parcel? I haven't changed anything on my account. Thank you.,en,True
CONV-04855,chat,I wanted to check whether I need to redirect this package to another address. Thank you.,en,True
CONV-04856,mobile_app,I’m contacting support because Where should I enter my promo code? This is my first time dealing with this issue. Thank you.,en,True
CONV-04857,chat,Could you explain the available options for this product? I haven't changed anything on my account. Thank you.,en,True
CONV-04858,email,Just checking — I’m planning around the delivery. When is it expected? I noticed this while reviewing my recent activity. Thanks.,en,True
CONV-04859,chat,"Hi, Checkout keeps rejecting my payment. I noticed this while reviewing my recent activity. Any guidance would be helpful.",en,True
CONV-04860,mobile_app,Could you help me? One product from my order is missing. I noticed this while reviewing my recent activity. I'd appreciate your help.,en,True
CONV-04861,email,Quick question: I have a question about the charge on my recurring plan. I’m trying to sort this out before the end of the day. I'd appreciate your help.,en,True
CONV-04862,chat,"Quick question: I have tried several times, but the transaction won't go through. I noticed this while reviewing my recent activity. Any guidance would be helpful.",en,True
CONV-04863,email,Just checking — There is visible damage on the item I received. I’m trying to sort this out before the end of the day. I'd appreciate your help.,en,True
CONV-04864,chat,Just checking — There are changes in my profile that I didn't make. I noticed this while reviewing my recent activity. Thanks.,en,True
CONV-04865,web_form,"Hello, The product has a crack that wasn't shown in the listing. Please let me know.",en,True
CONV-04866,email,Quick question: I think I was charged more than once for a single checkout. I placed the order earlier today. Thanks.,en,True
CONV-04867,mobile_app,Could you help me? The same purchase appears twice on my card statement. I’m trying to sort this out before the end of the day. I'd appreciate your help.,en,True
CONV-04868,chat,"Hi, Could you tell me the current location or transit stage of my parcel? I noticed this while reviewing my recent activity. I'd appreciate your help.",en,True
CONV-04869,mobile_app,I wanted to check whether I want to track the package that was just dispatched. I haven't changed anything on my account.,en,True
CONV-04870,mobile_app,Could you help me? Please update the destination before the order ships. I placed the order earlier today. I’d like to resolve this today.,en,True
CONV-04871,email,Just checking — Part of ORD-102693 was not included in the delivery. I noticed this while reviewing my recent activity. Thanks.,en,True
CONV-04872,chat,"Hello, I forgot my password. How can I reset it?",en,True
CONV-04873,email,Please advise: Why are there duplicate transactions for one order? I’m trying to sort this out before the end of the day. Any guidance would be helpful.,en,True
CONV-04874,email,"Please advise: I received the package, but one of the products is absent. I noticed this while reviewing my recent activity. Any guidance would be helpful.",en,True
CONV-04875,email,Could you help me? One product from my order is missing. I’m trying to sort this out before the end of the day. Any guidance would be helpful.,en,True
CONV-04876,email,Quick question: I need to create a new password because I can't remember mine. I’m trying to sort this out before the end of the day. I’d like to resolve this today.,en,True
CONV-04877,chat,Could you help me? Something about my account activity looks suspicious. I noticed this while reviewing my recent activity. Any guidance would be helpful.,en,True
CONV-04878,web_form,"Hello, Why are there duplicate transactions for one order?",en,True
CONV-04879,mobile_app,"Hi, When should the refund appear in my account? I’m trying to sort this out before the end of the day. Thanks.",en,True
CONV-04880,chat,I’m contacting support because I need the specifications before I decide whether to buy it. I haven't changed anything on my account. Please let me know.,en,True
CONV-04881,web_form,I wanted to check whether I need to create a new password because I can't remember mine. This is my first time dealing with this issue. Please let me know.,en,True
CONV-04882,web_form,The same purchase appears twice on my card statement. I haven't changed anything on my account. Can you check?,en,True
CONV-04883,mobile_app,I wanted to check whether Please stop ORD-101757 before it is dispatched.,en,True
CONV-04884,mobile_app,Just checking — Can you explain the latest recurring charge? I’m trying to sort this out before the end of the day. Thanks.,en,True
CONV-04885,mobile_app,"Hi, Roughly how long will delivery take? I’m trying to sort this out before the end of the day. I'd appreciate your help.",en,True
CONV-04886,chat,"Hi, I can't sign in to my account. I placed the order earlier today. I'd appreciate your help.",en,True
CONV-04887,email,"Hello, What steps do I need to follow to return this product? This is my first time dealing with this issue. Please let me know.",en,True
CONV-04888,web_form,Please advise: I can't finish the purchase because the payment isn't accepted. I’m trying to sort this out before the end of the day. I'd appreciate your help.,en,True
CONV-04889,web_form,I wanted to check whether Do you have an update on ORD-100206? I want to know where it stands. This is my first time dealing with this issue. Please let me know.,en,True
CONV-04890,web_form,"Hi, Where should I enter my promo code? I placed the order earlier today. I'd appreciate your help.",en,True
CONV-04891,chat,Quick question: I want to return ORD-100870. How do I start? I noticed this while reviewing my recent activity. I'd appreciate your help.,en,True
CONV-04892,mobile_app,I’m contacting support because Where should I enter my promo code? I haven't changed anything on my account. Thank you.,en,True
CONV-04893,web_form,I wanted to check whether Can you give me an ETA for this shipment?,en,True
CONV-04894,chat,"I wanted to check whether The item was returned, but I haven't received the refund.",en,True
CONV-04895,web_form,Could you help me? I want to cancel my subscription. I noticed this while reviewing my recent activity. Any guidance would be helpful.,en,True
CONV-04896,web_form,One product from my order is missing. Can you check?,en,True
CONV-04897,web_form,I’m contacting support because I see two charges for the same purchase. I haven't changed anything on my account.,en,True
CONV-04898,mobile_app,My account suddenly won't let me log in. Can you check?,en,True
CONV-04899,mobile_app,"Quick question: The box arrived, but notebook wasn't inside. I placed the order earlier today. I'd appreciate your help.",en,True
CONV-04900,web_form,Could you help me? Please help me arrange a return. I noticed this while reviewing my recent activity. Any guidance would be helpful.,en,True
CONV-04901,email,Just checking — Can I change the shipping address for ORD-103645? I placed the order earlier today. Any guidance would be helpful.,en,True
CONV-04902,chat,"Hi, Something different was packed instead of what I purchased. I noticed this while reviewing my recent activity. Any guidance would be helpful.",en,True
CONV-04903,web_form,"Hello, Does this product come with the accessories shown? This is my first time dealing with this issue.",en,True
CONV-04904,chat,I need some help. I can't recall my password and need to change it. This is my first time dealing with this issue. Can you check?,en,True
CONV-04905,email,I need some help. Where is ORD-104875 right now? I haven't changed anything on my account. Thank you.,en,True
CONV-04906,chat,I’m checking on ORD-100200. Could you tell me its current status? This is my first time dealing with this issue.,en,True
CONV-04907,mobile_app,Just checking — I can't recall my password and need to change it. I noticed this while reviewing my recent activity. Thanks.,en,True
CONV-04908,chat,Quick question: The delivered item doesn't match my order. I’m trying to sort this out before the end of the day. Any guidance would be helpful.,en,True
CONV-04909,email,Please advise: I entered the wrong delivery address. Can it be corrected? I placed the order earlier today. Thanks.,en,True
CONV-04910,chat,Just checking — The discount isn't being applied even though I entered the code. I noticed this while reviewing my recent activity. Thanks.,en,True
CONV-04911,web_form,Could you explain the available options for this product? This is my first time dealing with this issue. Can you check?,en,True
CONV-04912,email,I need some help. The delivery date for ORD-100391 has passed and I'm still waiting. This is my first time dealing with this issue. Can you check?,en,True
CONV-04913,email,My payment is being declined at checkout.,en,True
CONV-04914,mobile_app,Could you help me? One product from my order is missing. I placed the order earlier today. I’d like to resolve this today.,en,True
CONV-04915,mobile_app,Just checking — There is visible damage on the item I received. I’m trying to sort this out before the end of the day. Any guidance would be helpful.,en,True
CONV-04916,chat,I need some help. Part of ORD-102568 was not included in the delivery. I haven't changed anything on my account. Thank you.,en,True
CONV-04917,chat,"Hello, Would you mind checking the latest status of ORD-100064? I haven't changed anything on my account.",en,True
CONV-04918,web_form,Please advise: Could you help me end my recurring plan? I placed the order earlier today. Thanks.,en,True
CONV-04919,web_form,I need some help. There is visible damage on the item I received. Please let me know.,en,True
CONV-04920,web_form,Please advise: My parcel is 3 days late. Can you investigate? I’m trying to sort this out before the end of the day. I’d like to resolve this today.,en,True
CONV-04921,email,I wanted to check whether The promised delivery window is over for ORD-100379. This is my first time dealing with this issue.,en,True
CONV-04922,email,I’m contacting support because Could you tell me the current location or transit stage of my parcel? Thank you.,en,True
CONV-04923,mobile_app,I need some help. I don't want the subscription to continue after this billing period. Can you check?,en,True
CONV-04924,email,Has the courier scanned ORD-104887 yet? I haven't changed anything on my account. Please let me know.,en,True
CONV-04925,chat,"Hello, I'm still waiting for the money from my return. Can you check?",en,True
CONV-04926,chat,Please advise: What steps do I need to follow to return this product? I placed the order earlier today. I'd appreciate your help.,en,True
CONV-04927,mobile_app,"Hello, My parcel is 4 days late. Can you investigate? This is my first time dealing with this issue. Please let me know.",en,True
CONV-04928,chat,"Hello, I'm still waiting for the money from my return. Can you check? Can you check?",en,True
CONV-04929,email,My payment is being declined at checkout. This is my first time dealing with this issue. Can you check?,en,True
CONV-04930,chat,Just checking — I don't want the subscription to continue after this billing period. I noticed this while reviewing my recent activity. I’d like to resolve this today.,en,True
CONV-04931,mobile_app,"Hi, I need the specifications before I decide whether to buy it. I noticed this while reviewing my recent activity. I’d like to resolve this today.",en,True
CONV-04932,chat,Just checking — There are changes in my profile that I didn't make. I’m trying to sort this out before the end of the day. Thanks.,en,True
CONV-04933,email,"Hello, Can you show me the latest tracking update for my shipment? I haven't changed anything on my account. Please let me know.",en,True
CONV-04934,email,I wanted to check whether I want to return ORD-100995. How do I start? This is my first time dealing with this issue. Thank you.,en,True
CONV-04935,mobile_app,I no longer want this order. Is cancellation still possible? This is my first time dealing with this issue.,en,True
CONV-04936,mobile_app,I wanted to check whether The promotional code says it is invalid. Please let me know.,en,True
CONV-04937,email,Quick question: Do you have an update on ORD-100161? I want to know where it stands. I placed the order earlier today. I’d like to resolve this today.,en,True
CONV-04938,chat,Quick question: I want to track the package that was just dispatched. I placed the order earlier today. I'd appreciate your help.,en,True
CONV-04939,chat,I’m contacting support because I see two charges for the same purchase. Thank you.,en,True
CONV-04940,email,I need some help. I don't want the subscription to continue after this billing period. Please let me know.,en,True
CONV-04941,email,Just checking — Part of ORD-102613 was not included in the delivery. I’m trying to sort this out before the end of the day. Thanks.,en,True
CONV-04942,mobile_app,I’m contacting support because I think someone may have accessed my account. Please let me know.,en,True
CONV-04943,email,Please advise: I'm still waiting for the money from my return. Can you check? I placed the order earlier today. I’d like to resolve this today.,en,True
CONV-04944,email,"Hi, Where can I request a password reset? I’m trying to sort this out before the end of the day. I'd appreciate your help.",en,True
CONV-04945,email,I need some help. I don't want the subscription to continue after this billing period. I haven't changed anything on my account. Thank you.,en,True
CONV-04946,email,"Hi, I see two charges for the same purchase. I’m trying to sort this out before the end of the day. Thanks.",en,True
CONV-04947,email,"Hello, Can you cancel ORD-101955 for me? Please let me know.",en,True
CONV-04948,chat,I wanted to check whether I need to create a new password because I can't remember mine. This is my first time dealing with this issue. Can you check?,en,True
CONV-04949,web_form,"Hello, Would you mind checking the latest status of ORD-100034? I haven't changed anything on my account. Thank you.",en,True
CONV-04950,web_form,I wanted to check whether I have a question about the charge on my recurring plan. I haven't changed anything on my account. Please let me know.,en,True
CONV-04951,email,I wanted to check whether I want to return ORD-100775. How do I start? I haven't changed anything on my account. Please let me know.,en,True
CONV-04952,chat,"I wanted to check whether The box arrived, but charger wasn't inside. I haven't changed anything on my account. Please let me know.",en,True
CONV-04953,chat,Just checking — Why does the payment fail whenever I try to complete the order? I’m trying to sort this out before the end of the day. Thanks.,en,True
CONV-04954,email,I need some help. Why does the payment fail whenever I try to complete the order? Can you check?,en,True
CONV-04955,chat,I’m contacting support because My multi-item order is incomplete. Please let me know.,en,True
CONV-04956,web_form,Quick question: I keep getting rejected when I try to sign in. I noticed this while reviewing my recent activity. Thanks.,en,True
CONV-04957,email,"Hi, I opened the package and found the product broken. I noticed this while reviewing my recent activity. I’d like to resolve this today.",en,True
CONV-04958,email,Quick question: Do you have an update on ORD-100241? I want to know where it stands. I’m trying to sort this out before the end of the day. I’d like to resolve this today.,en,True
CONV-04959,email,"Hi, I opened the package and found the product broken. I placed the order earlier today. I'd appreciate your help.",en,True
CONV-04960,email,I wanted to check whether The delivered item doesn't match my order. This is my first time dealing with this issue.,en,True
CONV-04961,chat,"Hello, When should ORD-100600 arrive? This is my first time dealing with this issue. Thank you.",en,True
CONV-04962,email,I need some help. The item I received isn't the one I ordered. This is my first time dealing with this issue.,en,True
CONV-04963,web_form,Could you help me? My account suddenly won't let me log in. I’m trying to sort this out before the end of the day. Thanks.,en,True
CONV-04964,web_form,What is the estimated delivery date for my package?,en,True
CONV-04965,chat,Could you help me? I want to cancel my subscription. I placed the order earlier today. I'd appreciate your help.,en,True
CONV-04966,chat,"Hello, I entered the wrong delivery address. Can it be corrected? Thank you.",en,True
CONV-04967,web_form,I wanted to check whether I need to create a new password because I can't remember mine. I haven't changed anything on my account. Please let me know.,en,True
CONV-04968,chat,The same purchase appears twice on my card statement. I haven't changed anything on my account. Please let me know.,en,True
CONV-04969,email,I’m contacting support because Checkout keeps rejecting my payment. Can you check?,en,True
CONV-04970,email,I need some help. Can you help me cancel my recent order? I haven't changed anything on my account. Please let me know.,en,True
CONV-04971,web_form,"Hello, Does this product come with the accessories shown? This is my first time dealing with this issue. Can you check?",en,True
CONV-04972,email,Please advise: I forgot my password. How can I reset it? I placed the order earlier today. I’d like to resolve this today.,en,True
CONV-04973,web_form,"Hello, I received the package, but one of the products is absent. This is my first time dealing with this issue.",en,True
CONV-04974,email,Please advise: Would you mind checking the latest status of ORD-100189? I noticed this while reviewing my recent activity. I'd appreciate your help.,en,True
CONV-04975,chat,Could you help me? I no longer want this order. Is cancellation still possible? I’m trying to sort this out before the end of the day. I’d like to resolve this today.,en,True
CONV-04976,email,I wanted to check whether I want to return ORD-100975. How do I start? Please let me know.,en,True
CONV-04977,mobile_app,"Hi, My multi-item order is incomplete. I noticed this while reviewing my recent activity. I'd appreciate your help.",en,True
CONV-04978,mobile_app,Just checking — There is visible damage on the item I received. I noticed this while reviewing my recent activity. Thanks.,en,True
CONV-04979,web_form,I need some help. Part of ORD-102558 was not included in the delivery.,en,True
CONV-04980,web_form,Could you tell me the current status of my refund? Please let me know.,en,True
CONV-04981,chat,Quick question: The promised delivery window is over for ORD-100474. I’m trying to sort this out before the end of the day. Thanks.,en,True
CONV-04982,web_form,Quick question: I keep getting rejected when I try to sign in. I placed the order earlier today. Thanks.,en,True
CONV-04983,email,I wanted to check whether I want to track the package that was just dispatched. This is my first time dealing with this issue. Thank you.,en,True
CONV-04984,email,Please advise: I don't recognize the amount billed for my membership. I placed the order earlier today. I'd appreciate your help.,en,True
CONV-04985,mobile_app,I wanted to check whether I noticed a login I don't recognize. This is my first time dealing with this issue. Thank you.,en,True
CONV-04986,mobile_app,Quick question: Can you tell me more about this product's features? I’m trying to sort this out before the end of the day. I'd appreciate your help.,en,True
CONV-04987,chat,I’m contacting support because When should the refund appear in my account? Can you check?,en,True
CONV-04988,mobile_app,I wanted to check whether The delivered item doesn't match my order. Please let me know.,en,True
CONV-04989,email,"Hello, My package contains a different product. Can you check?",en,True
CONV-04990,mobile_app,Please help me arrange a return. I haven't changed anything on my account.,en,True
CONV-04991,email,"Hi, I see two charges for the same purchase. I placed the order earlier today. Any guidance would be helpful.",en,True
CONV-04992,web_form,I’m checking on ORD-100130. Could you tell me its current status? I haven't changed anything on my account. Thank you.,en,True
CONV-04993,email,I wanted to check whether I keep getting rejected when I try to sign in. This is my first time dealing with this issue. Please let me know.,en,True
CONV-04994,mobile_app,Could you help me? Can you send me through the password recovery process? I noticed this while reviewing my recent activity. Thanks.,en,True
CONV-04995,web_form,Could you help me? Something about my account activity looks suspicious. I’m trying to sort this out before the end of the day. I'd appreciate your help.,en,True
CONV-04996,chat,Could you help me? Why is the coupon being rejected at checkout? I noticed this while reviewing my recent activity. Thanks.,en,True
CONV-04997,chat,Just checking — The delivery date for ORD-100466 has passed and I'm still waiting. I placed the order earlier today. Thanks.,en,True
CONV-04998,chat,I wanted to check whether I need to create a new password because I can't remember mine. This is my first time dealing with this issue.,en,True
CONV-04999,web_form,"Hi, How can I prevent the plan from renewing? I’m trying to sort this out before the end of the day. Thanks.",en,True
CONV-05000,web_form,Quick question: I want to return ORD-100860. How do I start? I placed the order earlier today. Any guidance would be helpful.,en,True
